"PATIENT" "FAMILY" "ENTRY" "EXIT" "CENSOR" "T2D" "FASTINGGLUCOSE" "CHOL" "TRIGL" "HDLCHOL" "LDL" "FASTINGINSULIN" "BMI" "WH" "SEX" "SMOKING" "PHYSACTIVITY" "g1" "g2" "g3" "g4" "g5" "g6" "g7"
"1" 1 29 21036 25464 0 0 4.8 5.39 0.98 1.47 3.46 5 29.53 0.96 2 0 2 1 0 1 1 1 0 1
"2" 2 98 21311 25737 0 1 14.86 5.5 1.36 1.56 3.31 30 31.72 1.04 1 0 2 1 0 0 1 0 0 1
"3" 4 29 19630 24051 0 0 5.76 7.43 1.94 1.65 4.86 7.5 25.42 1.01 1 1 2 1 0 0 0 NA 0 NA
"4" 5 58 16119 20540 0 0 5.71 7.59 1.96 1.13 5.54 10 30.99 1.05 1 NA 2 NA NA NA 1 0 0 1
"5" 6 146 19143 23563 0 1 7.12 4.65 1.32 1.58 2.45 11.5 26.36 0.99 1 0 2 1 0 0 1 0 0 0
"6" 7 146 19602 24022 0 0 6.84 8.22 1.15 2.09 5.59 9 29.06 0.96 2 0 2 1 0 0 1 0 0 0
"7" 8 183 23483 27903 0 1 9.21 6.72 0.99 3.17 3.08 31 24.77 0.88 2 0 2 1 1 0 1 0 0 0
"8" 9 29 17817 22236 0 0 5.42 4.41 0.7 1.66 2.42 7.5 23.78 0.83 2 1 2 0 0 0 0 0 0 1
"9" 10 58 14545 18964 0 0 5.48 NA NA 1.23 NA 25.5 39.4 0.99 2 1 2 1 0 0 1 0 0 NA
"10" 11 146 20075 24489 0 0 5.93 5.17 0.96 1.41 3.31 9 29.73 0.88 2 0 2 1 0 0 1 0 0 NA
"11" 12 58 17763 22177 0 0 5.65 7.3 1.75 1.33 5.15 7.5 30.1 0.92 2 1 2 0 1 0 0 1 0 NA
"12" 13 58 17011 21424 0 0 6.1 7.24 1.75 2 4.42 11.5 30.42 1.03 2 1 2 0 1 0 0 0 0 NA
"13" 14 385 17111 21524 0 0 6.16 6.93 2.55 1.18 4.56 9.5 28.73 1.01 1 0 2 1 0 0 1 1 1 NA
"14" 15 385 27322 31734 0 0 5.59 7.17 4.05 1.01 NA 19 41.21 0.9 2 0 2 0 1 0 1 0 0 1
"15" 16 32 14969 19381 0 0 5.93 5.22 0.99 1 3.75 5 28.72 1.01 1 0 2 1 1 0 0 1 1 NA
"16" 17 24 26908 31315 0 0 5.71 5.53 1.3 1.63 3.29 9.5 26.81 0.84 2 0 2 1 1 0 1 0 0 1
"17" 18 32 15968 20375 0 0 6.05 5.64 2.22 1.08 3.52 10.5 28.23 0.98 1 0 2 0 1 0 1 0 0 0
"18" 19 6 14870 19276 0 0 5.14 5.89 1.18 1.02 4.31 5.5 27.05 0.89 2 1 2 0 0 0 1 0 1 NA
"19" 20 24 29516 32793 1 0 5.03 6.42 3.06 0.76 4.22 15.5 29.92 0.92 2 0 2 1 1 0 1 0 0 1
"20" 21 58 24872 29278 0 0 5.54 8.88 1.92 1.22 6.76 14 28.72 0.97 1 1 2 0 1 0 1 0 0 0
"21" 23 93 17886 22291 0 0 4.8 5.11 1.85 1.44 2.8 9 24.91 0.83 2 0 2 1 1 0 0 0 0 1
"22" 24 93 27393 31784 0 0 4.97 7.09 1.94 1.01 5.17 9.5 30.27 0.86 2 0 2 1 1 0 1 1 0 1
"23" 25 93 25100 29491 0 0 5.25 6.21 2.31 1.23 3.9 9.5 35.33 0.9 2 0 2 0 1 0 0 1 0 1
"24" 26 385 14747 19137 0 1 7.57 5.1 1.69 1.12 3.18 11 25.99 0.98 1 0 2 1 0 0 1 1 0 0
"25" 28 3 25215 29605 0 1 7.12 7.1 1.44 2.04 4.38 7 24.33 0.87 2 0 2 1 1 0 0 0 0 1
"26" 31 3 27946 32198 0 1 8.02 5.9 1.23 1.13 4.19 12 27.98 1.01 1 0 2 1 1 0 1 1 0 1
"27" 32 3 23775 27290 0 0 6.27 6.85 1.77 1.41 4.61 22 30.12 0.91 2 0 2 1 1 0 0 0 0 0
"28" 33 3 14998 19382 0 0 6.22 4.55 1.26 1.05 2.91 4 22.25 0.92 1 0 2 1 1 0 1 0 0 0
"29" 34 93 12898 17282 0 0 5.65 5.77 1.08 1.47 3.79 3 20.13 0.83 2 1 2 1 0 0 1 1 0 1
"30" 35 432 15769 20151 0 0 5.82 3.61 0.68 1.38 1.9 11 23.51 0.88 2 0 2 1 1 0 1 0 0 1
"31" 36 3 15685 20067 0 0 5.59 5 0.86 1.22 3.37 11 22.32 0.86 2 0 2 1 1 0 0 0 0 0
"32" 38 6 28743 33108 0 0 6.27 4.14 0.8 1.12 2.64 10.5 23.39 0.93 1 0 2 1 1 0 1 0 1 1
"33" 40 24 16125 20489 0 0 6.22 6.97 1.46 1.88 4.4 6.8 23.44 0.87 2 0 2 0 1 1 1 0 0 1
"34" 41 29 16774 21137 0 0 5.82 6.27 2.18 1.23 4.01 10.5 27.41 1.02 1 0 2 1 1 0 1 0 0 1
"35" 42 385 26144 29674 1 1 11.86 6.63 2.02 1.32 4.36 20 29.02 0.77 2 NA 2 1 0 0 1 1 0 1
"36" 43 148 26448 30806 0 1 7.74 5.76 1.47 1.58 3.49 23.5 31.05 0.92 2 0 2 1 1 0 0 0 0 1
"37" 44 148 26986 31344 0 0 5.93 5.9 1.26 1.62 3.69 9 27.22 0.89 2 0 2 1 1 0 1 0 0 1
"38" 45 58 18877 23234 0 0 5.14 6.5 1.06 1.46 4.54 4 26.45 0.98 2 1 2 1 1 0 1 0 0 1
"39" 46 29 24449 28806 0 1 8.76 8.88 1.87 1.29 6.72 10.5 31.24 0.82 2 0 2 1 0 0 1 1 0 1
"40" 47 6 25960 30317 0 1 7.46 8.14 2.87 1.24 5.55 24.5 27.92 0.86 2 0 2 1 0 0 1 0 0 1
"41" 48 326 12947 17303 0 0 5.76 5.22 0.58 1.7 3.25 6 24.91 0.83 2 0 2 1 0 0 0 0 0 1
"42" 49 3 29065 32884 0 1 7.06 6.38 1.33 1.19 4.56 14.5 26.4 1.04 1 0 2 1 1 0 0 1 0 1
"43" 50 377 14193 18544 0 0 5.37 6.48 2.13 1.19 4.28 13 25.46 0.89 2 1 2 0 1 0 0 0 0 1
"44" 51 448 14926 19276 0 0 5.93 5.38 0.98 1.75 3.17 7.5 29.32 1.01 1 0 2 0 1 0 1 0 0 1
"45" 52 435 23845 28195 0 1 8.02 8.08 0.87 2.32 5.35 3.5 23.42 0.83 2 0 2 0 1 0 1 1 0 0
"46" 53 432 16302 20652 0 0 5.65 5 0.81 2.02 2.6 6 23.51 0.89 2 1 2 1 1 0 1 0 0 1
"47" 54 148 23895 28244 0 0 5.54 7.71 1.2 1.25 5.9 4.5 21.3 0.93 1 0 2 1 1 0 1 0 0 0
"48" 56 327 20158 24502 0 0 5.42 6.27 1.92 1.19 4.18 8.5 28.98 0.85 2 0 3 0 1 0 0 0 0 0
"49" 57 133 22411 26755 0 0 6.33 6.71 2.93 1.07 4.26 13 28.41 0.98 1 0 2 0 1 0 1 0 1 1
"50" 58 399 17617 21960 0 0 4.86 5.21 1.23 1.19 3.44 10 24.44 0.96 1 0 2 1 1 0 1 0 0 1
"51" 59 424 13992 18335 0 0 5.48 6.26 2.3 1.29 3.89 10.5 24.22 1.05 1 1 2 1 0 0 0 0 0 1
"52" 60 187 24240 28583 0 0 5.14 5.43 1.72 1.31 3.31 9.5 24.06 0.93 1 1 2 0 0 0 1 NA NA NA
"53" 61 377 13221 17563 0 0 5.71 6.92 2.04 1.17 4.79 7 26.67 1.03 1 0 2 1 1 0 0 0 0 1
"54" 62 58 25721 28814 1 1 7.68 7.1 2.59 1.2 4.68 17 31.05 1.04 1 NA 1 0 0 0 1 0 0 0
"55" 64 432 26091 29919 0 1 7.23 5.34 1.18 1.74 3.04 6.5 24.75 0.85 2 0 2 1 0 0 NA 0 1 1
"56" 81 432 27725 28274 0 0 6.33 4.66 1 1.07 3.12 31 24.11 1.02 1 1 2 1 0 0 1 0 1 1
"57" 82 187 24932 29247 0 0 6.44 7.26 1.84 1 5.39 11.5 24.22 1.01 1 0 2 0 0 1 1 1 0 0
"58" 83 187 13570 17885 0 0 6.16 6.7 1.48 1.1 4.91 10 21.51 1 1 0 2 1 0 1 1 1 0 1
"59" 85 146 16091 20405 0 0 5.93 4.83 1.22 1.36 2.9 12.5 30.11 0.93 2 0 2 1 0 0 1 0 0 1
"60" 87 187 16958 21271 0 0 5.31 6.86 2.02 1.42 4.49 11 27.06 0.85 2 0 2 0 0 1 1 1 0 0
"61" 88 187 27437 31183 1 0 4.69 7.91 1.53 1.41 5.78 5.5 26.16 0.82 2 0 2 1 1 0 1 1 1 1
"62" 89 6 16267 20576 0 0 4.07 4.74 0.88 2.12 2.21 9 22.58 0.78 2 0 2 1 1 0 1 1 1 0
"63" 90 10 28357 32666 0 1 5.93 6.62 2.93 1.22 4.02 11 26.01 0.89 2 0 2 0 1 0 1 0 1 1
"64" 91 424 15364 19672 0 0 5.08 7.17 1 1.22 5.48 4.5 24.06 1.02 1 1 2 0 0 0 0 0 0 1
"65" 94 24 28401 30931 0 0 6.22 7.57 1.4 1.96 4.95 14 27.29 0.94 2 0 2 1 1 1 1 0 0 1
"66" 95 24 29972 34278 0 0 5.31 7.82 2.22 1.62 5.16 14.02 22.93 0.9 2 0 2 1 1 1 1 0 0 0
"67" 96 6 20639 24941 0 0 6.05 NA NA NA NA 7.68 35.64 0.83 2 0 2 0 0 0 1 0 0 1
"68" 97 6 19902 24204 0 1 7.18 NA NA NA NA 14.42 29.07 0.98 1 1 2 0 0 0 1 0 0 1
"69" 98 6 29451 31883 1 1 9.1 NA NA NA NA 33.31 24.33 0.95 1 0 2 0 0 0 1 0 0 1
"70" 100 124 25927 27307 0 1 10.11 NA NA NA NA 85.28 26.47 0.99 1 1 2 1 1 0 1 0 0 0
"71" 101 124 24803 27609 1 1 7.23 NA NA NA NA 7 27.72 0.83 1 1 2 0 1 0 1 0 0 0
"72" 102 6 27475 29812 1 1 12.37 NA NA NA NA 32.21 22.11 0.81 2 0 2 1 1 0 1 0 0 1
"73" 103 148 28157 32451 0 1 7.68 NA NA NA NA 15.96 25.71 0.81 2 0 2 1 1 0 1 0 1 1
"74" 104 148 26176 27029 1 1 5.76 NA NA NA NA 3.41 19.66 0.98 1 0 2 0 1 0 1 0 0 0
"75" 105 401 19694 23988 0 0 5.93 NA NA NA NA 6.8 32.01 0.9 2 0 2 0 1 0 1 0 0 1
"76" 106 386 21091 25379 0 0 5.03 NA NA NA NA 5.88 27.61 0.93 2 0 2 0 1 0 1 0 0 0
"77" 107 386 23110 27398 0 0 5.03 NA NA NA NA 8.73 23.66 0.86 2 0 2 1 1 0 1 0 0 1
"78" 108 10 23591 27878 0 0 6.78 4.4 1.12 0.95 2.92 4.68 25.18 1.03 1 1 2 0 1 0 0 0 0 0
"79" 109 399 21637 22431 0 0 5.54 NA NA NA NA 7.08 23.83 0.89 2 1 2 1 1 0 1 0 0 0
"80" 110 401 18004 22291 0 0 6.05 NA NA NA NA 8.9 28.01 0.84 2 0 2 0 0 NA 1 0 0 1
"81" 111 401 17407 21693 0 0 5.2 NA NA NA NA 14.58 27.04 1.04 1 1 2 0 1 0 0 0 1 1
"82" 112 185 28028 28273 0 1 7.85 NA NA NA NA 19.64 28.88 0.88 2 0 2 1 0 0 0 0 0 0
"83" 113 414 23148 27429 0 1 13.33 NA NA NA NA 17.7 25.73 0.98 1 1 2 1 0 0 NA 0 0 1
"84" 114 3 26801 31082 0 1 14.52 NA NA NA NA 5.95 26.37 1.03 1 1 2 1 1 0 1 1 0 1
"85" 116 185 14007 18287 0 0 5.42 NA NA NA NA 9.72 28.12 0.85 2 0 2 1 1 0 0 1 0 0
"86" 117 185 29834 30787 1 1 7.91 NA NA NA NA 17.07 24.65 0.97 2 0 2 1 1 0 0 1 0 0
"87" 118 20 24904 29183 0 0 5.54 NA NA NA NA 7.23 33.03 0.79 2 0 2 1 0 1 1 0 0 1
"88" 119 433 17726 22005 0 0 5.59 NA NA NA NA 5.16 29.06 0.99 1 0 2 1 0 0 1 0 0 1
"89" 121 18 20335 24546 0 1 5.82 7.42 1.29 1.58 5.24 4.94 29.64 0.91 2 0 2 1 0 1 1 0 0 0
"90" 122 145 30875 35086 0 1 9.32 6.16 1.27 1.31 4.25 6.96 23.36 1.01 1 1 1 1 1 1 0 0 0 1
"91" 123 145 30489 34700 0 1 6.95 6.22 0.93 2.04 3.74 6.43 24.09 0.87 2 1 2 1 1 0 0 0 0 1
"92" 124 18 29396 31085 1 1 6.44 3.97 0.8 1.25 2.34 6.1 25.8 1.03 1 0 2 1 0 1 1 0 0 0
"93" 125 18 29969 32056 1 1 10.4 8.91 3.5 1.23 6.03 10.06 27.7 0.96 2 0 1 1 1 0 1 1 0 0
"94" 126 198 24380 28590 0 0 6.1 6.7 1.14 1.08 5.08 5.6 27.36 0.97 1 0 2 0 1 0 1 1 0 1
"95" 127 18 17623 21833 0 0 5.71 6.19 1.68 1.31 4.09 3 30.08 1.05 1 1 2 1 0 0 1 0 0 0
"96" 128 18 30545 33565 1 0 5.88 5.53 1.86 1.48 3.18 10.08 27.73 1.05 1 0 2 1 1 0 0 0 0 0
"97" 129 448 26599 30808 0 1 11.13 6.24 2.14 1.02 4.22 16.66 27.38 0.94 1 1 2 1 0 0 1 0 0 1
"98" 130 407 27022 28420 1 1 13.33 5.15 1.29 1.07 3.48 12.12 28.12 0.89 2 0 2 0 1 1 1 1 0 1
"99" 132 125 24574 24998 1 1 12.03 4.91 0.97 1.73 2.73 3.5 20.9 0.86 1 1 2 1 1 NA 1 0 0 1
"100" 133 417 15898 20106 0 0 5.31 5.24 1.29 1.15 3.49 3.67 22.06 0.91 2 1 2 0 1 0 1 0 0 1
"101" 134 133 19103 23307 0 1 8.19 7.03 1.85 1.25 4.91 9.2 25.53 0.89 2 0 2 1 1 0 1 0 0 0
"102" 135 20 26656 30860 0 0 5.65 4.16 0.7 1.41 2.42 9.07 25.8 0.93 1 1 2 1 1 1 1 0 1 1
"103" 136 22 17059 21263 0 0 5.08 4.61 0.52 0.76 3.61 3.56 19.14 0.84 2 0 2 1 0 0 1 1 0 1
"104" 137 22 21238 25442 0 0 6.27 6.22 1.13 1.44 4.25 7.7 28.58 0.85 2 0 2 1 0 0 1 1 0 1
"105" 138 98 14966 19169 0 0 6.1 6.05 1.48 1.29 4.06 6.34 27.14 1.03 1 1 2 0 1 0 0 0 0 1
"106" 139 357 25073 29276 0 0 5.31 4.16 1.05 1.08 2.59 22.99 31.1 0.96 1 1 2 1 1 0 1 0 0 0
"107" 140 332 25045 29248 0 1 7.8 5.1 1 1.42 3.21 36.56 27.18 0.89 2 0 2 0 1 0 NA 0 0 1
"108" 141 22 21849 26052 0 0 6.78 6.46 1.3 1.13 4.72 6.54 27.68 1 1 0 2 1 0 0 1 1 0 1
"109" 142 20 24980 29121 1 0 6.55 4.35 0.81 1.27 2.7 5.8 23.84 0.97 1 1 2 1 0 1 1 0 1 1
"110" 143 21143 24262 28464 0 0 5.71 7.47 0.86 1.32 5.75 4.42 23.12 0.79 2 0 2 1 0 0 1 1 0 0
"111" 144 329 21684 25886 0 1 11.13 6.47 2.92 1.32 3.77 6.21 32.89 0.78 2 0 2 1 1 0 NA 1 0 0
"112" 145 18 28119 31476 1 0 6.1 6.2 1.35 1.39 4.17 NA 24.9 1.03 1 1 2 1 1 0 0 1 0 0
"113" 146 98 23958 26709 0 1 10.57 5.94 1.92 1.08 3.96 30.46 27.04 1.01 1 1 2 0 1 0 0 0 1 1
"114" 147 145 20731 24932 0 1 8.14 4.79 0.87 1.85 2.53 37.15 29.04 0.85 2 0 2 0 1 0 1 0 0 0
"115" 148 48 23122 27319 0 0 6.16 6.32 1.26 1.62 4.11 10.18 22.31 0.9 2 0 2 1 1 NA 1 0 0 0
"116" 149 48 21198 25395 0 0 5.65 6.39 0.81 1.89 4.12 6.5 23.12 0.87 2 0 2 1 0 0 1 0 0 0
"117" 150 210 26366 30563 0 0 6.84 5.86 1.28 1.83 3.43 10.17 22.94 0.89 2 0 2 1 0 0 0 0 0 0
"118" 151 417 25476 26735 1 1 14.35 6.73 1.75 1.33 4.58 16.54 33.56 0.91 2 0 1 0 1 0 0 0 1 0
"119" 152 20 29304 33500 0 1 7.4 4.5 2.12 1.03 2.47 31.21 27.43 0.86 2 0 2 1 1 0 1 0 0 1
"120" 153 359 19192 23388 0 1 7.23 6.58 0.89 1.63 4.53 6.96 27.89 0.87 2 0 2 0 0 0 NA 0 0 0
"121" 154 48 18451 22624 0 0 5.42 5.32 1.01 1.3 3.54 5.96 27.78 0.94 1 1 2 1 0 1 1 1 0 0
"122" 155 29 25573 29326 1 1 8.53 7.37 1.64 1.51 5.09 15.97 30.37 1.03 1 1 2 0 1 0 NA 0 0 1
"123" 157 23 26092 29799 0 0 5.99 6.01 0.78 1.91 3.73 5.53 21.37 0.79 2 0 2 0 0 0 1 0 0 1
"124" 158 23 29021 30971 0 0 6.16 6.32 2.94 1.3 3.64 10.7 25.5 0.91 1 1 2 0 1 0 1 0 0 1
"125" 159 23 28449 30564 0 0 5.65 5.93 1.67 1.34 3.8 6.72 27.46 0.95 1 0 2 1 1 0 1 0 0 1
"126" 160 376 29098 33292 0 0 6.33 4.01 1.18 1.24 2.22 25.36 31.24 0.9 2 0 2 0 1 0 1 0 0 1
"127" 162 330 18516 22706 0 0 6.16 6.8 4.82 1.42 NA 11.66 24.92 0.87 2 0 2 1 1 0 1 1 0 1
"128" 163 330 28204 32394 0 1 10.57 6.74 1.97 1.6 4.21 8.04 25.11 0.82 2 0 1 1 0 0 0 0 1 1
"129" 164 48 22547 26737 0 0 5.93 6.82 1.72 1.38 4.63 4.38 28.2 0.82 2 0 2 1 0 0 1 0 0 0
"130" 165 82 17792 21982 0 0 5.59 8.03 1.23 2.31 5.15 3.34 23.89 0.96 1 1 2 1 0 0 0 0 0 1
"131" 166 29 26819 31008 0 1 8.64 5.96 4.64 0.92 NA 12.6 25.15 1.01 1 0 2 0 1 0 1 0 0 1
"132" 167 26 24714 28903 0 0 5.65 9.67 1.16 2.06 7.06 6.1 21.55 0.81 2 0 2 1 0 0 1 0 0 0
"133" 168 26 28863 33052 0 0 6.5 7.17 0.72 2.34 4.49 6.86 25.53 0.81 2 0 2 0 1 0 1 0 0 0
"134" 169 481 27856 32045 0 0 5.48 9.01 3.21 1.3 6.2 7.05 20.07 0.84 2 0 2 1 1 1 1 0 0 0
"135" 170 353 15539 19727 0 0 5.37 6.08 1.65 1.44 3.87 7.78 24.69 0.99 1 1 3 1 1 0 1 0 1 1
"136" 171 439 20393 24581 0 0 5.88 6.49 1.95 1.17 4.41 9.79 23.88 0.83 2 0 2 0 0 0 1 1 0 1
"137" 172 26 29498 32563 1 1 14.58 4.99 0.97 1.37 3.16 17.48 26.37 0.91 2 0 1 1 0 0 1 0 0 1
"138" 173 26 17164 21351 0 0 5.54 5 0.72 2.16 2.5 3.51 23.32 0.9 2 0 2 1 0 0 0 0 0 1
"139" 174 82 27708 30188 0 1 6.78 4.95 0.72 2.2 2.41 12.56 24.65 0.89 2 0 2 1 0 0 0 1 1 0
"140" 175 109 19948 24131 0 0 4.63 8.83 1.1 1.96 6.36 4.78 22.89 0.84 2 0 2 1 1 0 1 0 0 1
"141" 176 109 28083 28305 1 1 12.6 6.01 1.97 1.4 3.69 23.45 27.18 0.96 1 1 2 1 1 0 1 0 0 1
"142" 178 438 27643 28614 0 1 7.51 7.45 2.05 1.24 5.25 23.17 33.91 0.89 2 0 2 1 1 0 0 0 0 1
"143" 179 330 15366 19548 0 0 5.71 7.02 1.1 1.25 5.26 6 24.03 0.89 2 0 2 1 0 0 0 1 0 1
"144" 181 439 15782 19964 0 0 6.38 4.62 1.39 1.03 2.94 7.92 24.22 1.02 1 0 2 0 0 0 1 1 0 0
"145" 182 357 19297 23479 0 1 10.34 6.46 1.23 1.8 4.08 13.33 35.3 0.89 2 0 2 1 1 0 1 0 0 0
"146" 184 376 19743 23924 0 0 5.2 5.93 0.98 1.67 3.8 7.07 28.34 0.82 2 0 2 0 0 0 1 0 0 1
"147" 185 82 15785 19966 0 0 5.37 7.44 1.06 2.25 4.69 6.34 25.71 0.9 2 0 2 1 0 0 0 1 0 1
"148" 186 5046 22339 25903 1 0 6.5 7.32 1.1 1.7 5.1 13.41 31.21 1.06 1 1 2 1 1 0 0 1 0 0
"149" 187 329 13668 17848 0 0 5.2 5.82 1.25 1.56 3.67 3.42 19.61 0.98 1 1 3 1 1 0 1 1 0 0
"150" 188 82 15035 19215 0 0 5.93 7.05 1.34 1.58 4.84 3.54 28.08 1.02 1 1 2 1 1 0 0 0 0 1
"151" 189 48 31503 32551 0 1 8.31 7.23 2.45 1.15 4.93 13.04 30.49 NA 2 0 2 1 0 0 1 1 0 0
"152" 190 379 21851 26027 0 0 6.55 5.45 1.93 1.16 3.38 26.85 32.51 0.84 2 0 2 1 1 0 1 0 0 0
"153" 191 395 26832 31008 0 1 11.41 5 2.17 1.29 2.69 9.04 23.46 0.95 1 1 2 1 1 0 1 0 0 0
"154" 192 39 17748 21924 0 0 5.42 6.06 1.76 1.4 3.84 4.78 28.4 1.05 1 1 2 1 1 0 1 0 0 1
"155" 193 379 26823 30999 0 1 10.74 5.26 2.6 1.25 2.79 21.94 23.44 0.86 2 0 2 0 1 0 1 0 NA 1
"156" 195 58 17266 21441 0 1 6.55 4.68 1.71 1.26 2.62 8.6 22.84 1 1 1 2 NA NA NA NA NA NA NA
"157" 196 48 15112 19287 0 0 5.88 5.53 0.77 1.53 3.64 4.64 21.89 0.94 1 0 3 1 0 0 1 0 0 0
"158" 197 306 20486 24660 0 0 5.59 6.4 1.83 1.27 4.27 19.34 33.56 0.95 1 1 1 0 1 0 1 0 0 0
"159" 198 32 24216 27495 1 1 13.39 5.27 0.95 1.18 3.64 4.94 24.22 0.97 1 0 2 0 0 0 1 0 0 0
"160" 199 423 28081 28204 1 1 14.46 6.29 2.58 1.56 3.52 23.17 26.06 1.02 1 1 2 1 1 0 1 0 0 0
"161" 200 39 26397 30571 0 1 14.46 4.64 2.22 1.03 2.57 14.99 24.58 0.95 1 1 2 0 1 0 NA 0 0 0
"162" 201 413 13737 17910 0 1 5.93 6.46 1.79 1.27 4.35 11.54 23.67 0.88 2 0 3 1 0 0 1 1 0 0
"163" 202 37 26089 28158 0 1 8.98 4.46 1.16 1.78 2.13 3.64 21.23 0.79 2 0 2 1 0 0 1 0 0 0
"164" 203 37 15864 20033 0 0 6.61 3.55 0.85 1.28 1.87 8.84 24.09 0.89 2 0 2 1 1 0 1 1 0 0
"165" 205 363 23846 28015 0 1 13.96 5.62 1.32 1.24 3.76 7.66 31.74 1.02 1 1 2 0 0 0 0 1 0 1
"166" 206 37 18419 22587 0 0 5.76 4.68 1.4 1.13 2.89 6.59 26.48 1.01 2 1 2 1 0 0 1 0 0 0
"167" 207 37 17747 21915 0 0 5.76 5.02 0.87 1.56 3.05 3 25.64 0.86 2 0 2 1 1 0 1 0 0 0
"168" 208 37 14007 18175 0 0 5.65 4.03 0.69 1.52 2.18 3.79 24.01 0.85 2 0 2 1 1 0 1 1 0 0
"169" 209 363 27067 31234 0 0 5.88 5.51 0.98 1.4 3.65 8.2 29.38 0.83 2 0 2 0 1 0 0 1 0 1
"170" 210 210 13620 17787 0 0 5.14 4.39 0.57 1.56 2.56 3.51 21.63 0.88 1 0 3 1 0 0 1 0 0 1
"171" 211 210 27074 28813 1 1 13.45 7.13 3.41 1.55 3.98 4.15 23.73 0.88 2 0 2 1 0 0 1 0 0 1
"172" 212 58 25515 28219 1 1 10.28 6.01 2.23 1.61 3.35 23.62 25.97 0.85 2 0 2 1 0 0 1 0 0 0
"173" 213 309 14404 18570 0 0 5.54 6.29 0.93 1.03 4.83 3.97 25.86 0.98 1 1 2 1 0 0 1 0 0 1
"174" 214 40 26527 30693 0 0 5.76 7.14 1.14 1.3 5.3 6.6 22.65 0.99 1 1 2 0 1 0 1 0 0 1
"175" 215 360 28653 32815 0 1 6.61 8.43 1.66 1.15 6.5 10.9 25.15 0.88 2 0 2 0 1 0 0 0 0 1
"176" 216 360 15643 19805 0 0 5.31 5.28 1.05 1.23 3.56 5.39 23.63 0.84 2 1 2 0 1 0 1 0 0 1
"177" 217 239 27635 31797 0 0 5.37 8.4 1.35 2.16 5.61 11.12 24.61 0.86 2 0 2 0 0 0 0 0 0 1
"178" 218 273 28546 32095 1 1 9.27 6.03 3.29 1.03 3.46 18.56 24.84 0.87 2 0 2 0 1 0 1 0 0 1
"179" 219 415 13058 17219 0 0 5.42 5.6 0.69 2.01 3.27 5.78 26.89 0.88 2 0 2 0 1 0 1 1 1 1
"180" 220 21220 20603 24764 0 0 5.42 7.5 2.77 1.42 4.78 5.96 23.31 0.87 2 0 2 1 1 0 1 0 0 0
"181" 221 40 15889 20050 0 0 5.88 4.27 0.78 1.46 2.44 5.58 18.62 0.93 1 0 2 1 0 0 1 0 0 1
"182" 222 20 29758 30689 1 1 8.19 5.62 0.87 1.4 3.81 7.92 24.56 0.83 2 0 1 1 1 1 1 0 0 1
"183" 223 321 17575 21735 0 0 6.27 5.29 0.75 1.63 3.3 5.82 21.08 0.79 2 0 2 0 1 0 1 0 0 0
"184" 225 42 16909 21069 0 0 6.05 5.96 1.11 1.6 3.84 5.63 28.91 0.98 1 1 2 0 1 0 1 0 0 1
"185" 226 377 15039 19198 0 0 6.5 7.64 1.37 1.12 5.87 4.8 29.94 0.95 1 1 2 1 0 0 1 0 0 1
"186" 227 78 15264 19423 0 0 5.03 6.14 0.74 1.9 3.89 4.43 20.57 0.81 2 0 2 0 1 0 0 0 0 1
"187" 228 42 26629 30788 0 1 10.4 5.91 2.09 1.09 3.83 16.93 34.16 0.94 2 0 2 0 1 0 1 0 0 1
"188" 229 363 25017 29176 0 0 5.59 7.14 1.11 1.47 5.15 9.8 28.39 1.04 1 1 2 1 0 0 1 0 0 1
"189" 230 78 20169 24324 0 0 6.78 7.91 1.8 1.82 5.24 6.18 27.85 0.82 2 0 2 1 0 0 0 0 0 0
"190" 232 40 29431 32682 1 1 9.6 7.42 1.69 1.36 5.26 16.94 23.84 1.01 1 1 2 1 1 0 1 0 0 1
"191" 233 40 30264 32242 0 1 6.33 4.37 1 1.21 2.69 11.6 22.6 0.9 1 1 2 1 1 0 1 0 NA 1
"192" 234 441 25170 28315 0 1 7.23 5.18 0.81 1.98 2.82 8.59 20.96 0.8 2 0 2 0 1 0 1 0 0 0
"193" 235 43 21481 25635 0 0 5.65 7.41 0.93 1.84 5.14 6.01 21.49 0.96 1 1 2 0 0 0 0 1 0 0
"194" 236 410 16887 21041 0 0 6.1 6.27 0.88 1.35 4.5 6.1 28.07 0.87 2 1 2 0 1 0 1 0 0 0
"195" 237 160 19999 24153 0 0 5.25 7.03 1.09 1.59 4.93 3.67 19.15 0.85 2 0 2 0 1 0 1 0 0 1
"196" 238 40 28112 32265 0 1 8.08 10.28 2.14 1.19 8.09 8.57 24.16 0.84 2 0 2 1 1 0 1 0 0 1
"197" 239 43 12831 16984 0 0 6.16 5.97 0.98 1.31 4.2 5.9 26.6 1 1 0 2 1 0 0 1 1 0 1
"198" 240 244 24744 28897 0 1 8.76 6.88 1.82 1.26 4.76 7.32 31.59 0.8 2 0 2 1 0 0 1 0 0 1
"199" 241 43 27663 30074 0 0 5.2 5.87 1.65 1.3 3.79 9.9 22.22 0.82 2 0 2 1 1 0 0 0 0 0
"200" 242 413 22567 26715 0 0 6.38 7.52 7.79 NA NA 21.98 28.08 0.93 2 0 2 1 0 0 0 0 0 1
"201" 243 135 27292 31440 0 0 6.05 5.25 1.87 1.17 3.21 6.47 22.66 0.99 1 0 2 1 0 0 1 0 1 1
"202" 244 135 23334 27482 0 1 8.64 6.98 2.82 1.29 4.36 11.26 26.81 0.83 2 0 2 0 1 0 0 1 0 0
"203" 245 43 25292 29440 0 0 5.99 4.83 0.77 2.11 2.36 6.44 24.09 1.04 1 0 2 1 1 0 1 0 0 0
"204" 246 377 28813 29251 1 1 8.14 6.76 1.09 1.33 4.91 4.18 19.43 NA 2 0 1 1 0 0 1 1 0 1
"205" 247 160 22239 26386 0 0 5.59 6.84 1.4 1.55 4.63 7.94 23.53 1.05 1 0 2 1 1 0 1 0 0 1
"206" 248 160 21733 25880 0 1 15.48 6.07 2.06 1.09 4.02 16.29 25.22 0.95 1 0 2 0 1 0 1 0 0 1
"207" 250 410 15706 19852 0 0 6.38 6.33 1.13 1.46 4.34 3.58 26.2 1.02 1 0 2 0 1 0 1 0 0 0
"208" 251 410 20154 24300 0 1 10 5.38 1.02 1.08 3.82 4.31 24.62 0.93 1 0 2 0 1 0 NA 0 0 0
"209" 252 398 23262 26318 0 0 6.38 6.13 1.19 1.29 4.28 18.51 27.64 0.79 2 0 2 0 1 0 0 1 0 0
"210" 253 43 17016 21162 0 0 5.88 7.33 1.47 1.62 5.02 5.11 26.01 0.99 1 1 2 1 1 0 1 0 0 1
"211" 254 349 16628 20774 0 0 5.54 5.94 0.8 1.88 3.68 NA 23.74 0.79 2 0 2 1 1 0 1 1 0 1
"212" 255 375 24353 28425 0 1 14.41 8.04 3.91 1.27 4.93 28.95 34.32 1.05 1 1 2 0 1 0 0 1 0 1
"213" 256 47 20482 24627 0 1 8.93 4.63 1.21 1.13 2.93 10.2 25.35 1.03 1 0 2 1 1 0 0 1 0 1
"214" 257 404 29648 32083 0 1 11.3 5.09 1.06 1.85 2.74 6.73 20.05 0.86 1 0 2 0 1 0 0 0 0 1
"215" 258 375 23814 27955 0 0 6.33 8.33 1.05 2.05 5.79 7.82 25.65 0.83 2 0 2 0 1 0 0 0 1 1
"216" 259 244 22201 26342 0 0 6.33 5.94 1.68 1.23 3.92 11.6 25.41 1.08 1 1 2 1 0 0 1 0 0 1
"217" 260 440 13158 17299 0 0 4.97 5.22 0.82 2.04 2.8 5.12 21.33 0.78 2 0 2 0 0 0 1 0 0 0
"218" 262 29 13877 18017 0 0 4.63 3.92 1.2 1.49 1.86 3.42 25.56 1.04 1 0 3 1 0 0 1 0 0 1
"219" 266 78 18766 22904 0 0 6.33 6.05 1.1 1.31 4.23 13.04 27.43 0.96 1 1 2 1 1 0 1 1 0 1
"220" 267 78 19184 23322 0 0 6.27 6.74 1.61 1.52 4.47 6.59 30.65 0.79 2 0 2 1 0 0 1 1 0 1
"221" 268 481 23957 26541 0 0 6.05 6.4 1.05 1.28 4.63 4.05 26.99 0.96 1 0 2 0 1 0 1 0 0 1
"222" 269 43 28544 32682 0 1 5.71 6.66 1.77 1.32 4.51 11.42 24.28 1.02 1 0 2 1 0 0 1 1 0 0
"223" 270 44 18959 23093 0 0 5.76 7.06 0.96 2.18 4.43 10.59 25.56 0.8 2 0 2 0 0 1 1 0 0 1
"224" 272 244 23436 27570 0 0 5.65 5.76 2.21 1.16 3.56 8.47 25.83 0.91 1 1 2 NA NA NA 1 0 0 1
"225" 273 44 16031 20165 0 0 5.54 7.34 1.8 1.24 5.25 3.66 21.91 0.89 1 1 3 0 1 1 1 1 0 0
"226" 274 40 12913 17046 0 0 5.59 6.2 3.64 0.92 3.57 8.76 25.88 0.94 1 1 2 1 0 0 1 0 0 0
"227" 275 23 26946 31079 0 1 5.88 7.29 2.16 1.5 4.78 4.73 25.53 0.99 1 0 1 1 0 0 1 0 0 0
"228" 277 23 29682 33815 0 1 5.93 5.87 2.25 1.56 3.25 5.86 32.05 0.92 2 0 1 1 0 0 1 1 0 1
"229" 278 391 16669 17515 1 0 4.75 5.06 0.76 1.27 3.43 3.46 24.39 0.81 2 0 2 0 1 0 1 0 0 1
"230" 279 333 26168 30300 0 1 10.45 5.24 2.2 0.92 3.29 16.1 29.3 0.82 2 0 1 1 0 0 NA 0 0 1
"231" 281 431 23333 27465 0 1 6.95 6.72 1.31 1.36 4.75 6.01 22.1 0.83 2 1 1 1 0 0 0 1 0 1
"232" 283 360 20657 24788 0 0 5.99 7.49 1.4 1.08 5.75 6.41 27.1 0.98 1 1 2 1 1 0 1 0 0 1
"233" 284 135 14632 18763 0 0 6.38 5.39 1.15 1.61 3.24 7.65 29.07 0.96 1 0 3 1 1 0 1 0 0 1
"234" 285 49 14351 18478 0 1 7.06 7.21 1.6 1.3 5.16 9.56 23.94 0.95 1 1 2 0 1 0 1 0 0 0
"235" 286 50 17862 21989 0 1 7.29 6.65 2.94 1.04 4.23 26.44 36.43 1.04 1 1 2 1 0 0 1 1 0 0
"236" 287 105 23560 27687 0 0 6.5 9.42 1.62 1.92 6.74 5.08 27.34 0.82 2 0 2 1 1 0 0 0 0 0
"237" 288 369 15384 19510 0 0 6.1 5.08 1.17 1.09 3.44 25.85 32.99 0.85 2 0 2 0 1 0 1 1 0 0
"238" 289 440 22741 25547 1 1 12.66 5.03 1.24 1.16 3.29 12.06 33.12 1 1 1 2 1 0 0 1 0 0 1
"239" 292 437 15866 19992 0 0 5.14 6.02 0.54 1.98 3.79 2.77 23.24 0.78 2 0 3 1 0 0 0 1 0 1
"240" 293 377 18779 22904 0 0 6.67 6.51 1.77 1.03 4.64 14.92 45.39 0.9 2 0 2 1 0 0 1 0 0 1
"241" 294 42 27279 30778 0 1 7.01 7.02 1.26 1.79 4.64 4.3 22.96 0.87 2 0 2 0 1 0 1 0 0 0
"242" 295 42 23392 27517 0 0 6.84 12.51 0.79 1.45 10.69 3.66 28.41 0.97 1 0 2 0 1 0 1 1 0 1
"243" 296 44 21099 25223 0 1 6.95 6.15 1.35 1.4 4.11 9.02 26.3 0.91 1 1 2 0 0 0 1 0 0 1
"244" 297 355 23270 23669 0 0 6.55 5.19 1.74 1.23 3.14 7.39 25.8 0.96 1 1 2 0 0 0 1 0 0 1
"245" 298 318 22019 25856 0 0 6.05 5.97 2.24 1.02 3.9 12.12 26.87 0.94 1 1 2 0 1 0 1 0 0 0
"246" 299 48 14394 18514 0 0 5.2 4.51 1.12 1.6 2.38 5.34 28.26 0.8 2 1 2 1 1 1 1 0 0 1
"247" 300 391 18928 23048 0 0 5.08 6.13 0.69 1.98 3.83 4.8 27.68 0.78 2 0 2 0 0 0 1 0 0 1
"248" 301 44 14894 19014 0 0 5.03 6.58 1.39 1.24 4.68 4.64 23.42 0.81 2 0 2 0 1 1 0 0 0 0
"249" 304 400 17555 21674 0 NA NA NA NA NA NA NA NA NA 2 0 NA 0 1 0 1 1 1 0
"250" 305 425 16310 20429 0 0 6.78 5.66 1.65 1.22 3.66 8.94 27.43 0.86 2 0 2 0 1 0 0 NA 0 1
"251" 306 43 18678 22797 0 0 6.78 6.15 1.72 1.35 3.99 6.06 26.87 0.89 1 1 3 1 1 0 1 0 0 1
"252" 307 426 14031 18149 0 0 4.92 7.02 2.1 1.22 4.82 6.8 22.55 1.02 1 0 2 1 1 0 1 0 0 1
"253" 308 400 15069 19187 0 0 6.33 8.5 2.78 1.1 6.09 7.35 23.53 0.91 1 0 2 0 1 0 1 1 0 0
"254" 309 49 25441 28810 1 1 9.1 7.84 2.81 1.03 5.49 14.28 26.15 1.02 1 1 3 0 1 0 1 0 0 0
"255" 310 49 12840 16958 0 1 7.12 6.09 0.93 1.73 3.92 7.64 22.79 0.92 1 1 2 1 1 0 1 0 0 0
"256" 311 400 28941 29381 1 1 9.49 5.07 1.49 1.03 3.34 31.65 24.91 0.98 1 0 1 0 1 0 1 1 0 0
"257" 312 317 18765 22878 0 0 4.86 5.36 0.66 1.88 3.17 3.11 19.13 0.82 2 0 2 1 1 0 0 0 0 1
"258" 313 48 16184 20297 0 0 5.2 4.58 1.14 1.82 2.23 2.64 22.49 0.82 2 1 2 0 1 0 1 0 0 1
"259" 314 388 16178 20291 0 0 5.48 6.55 1.28 1.7 4.25 3.7 20.52 0.81 2 0 2 1 0 0 1 0 0 1
"260" 315 371 21080 23100 0 1 8.25 6.55 5.44 0.88 NA 71.08 33.24 0.99 1 1 2 1 1 0 1 0 0 1
"261" 316 396 14234 18346 0 0 5.25 5.9 1.21 1.82 3.51 5.42 21.26 0.82 2 NA 2 1 1 0 1 0 0 1
"262" 317 396 27151 29493 0 1 15.42 8.92 3.07 1.56 5.92 10.79 24.24 0.89 2 0 1 1 1 0 1 0 0 0
"263" 318 409 23349 27461 0 1 6.33 5.57 1.52 1.43 3.42 11.14 25.68 1 1 0 1 1 0 0 0 0 0 0
"264" 319 48 18571 22683 0 0 6.67 6.11 2.96 1.14 3.57 14.77 32.77 0.81 2 0 2 1 1 1 1 0 0 0
"265" 320 64 24610 25040 0 1 6.44 7.79 3.19 0.99 5.3 14.96 25.56 0.98 1 0 2 1 1 0 0 0 0 1
"266" 321 409 24127 28238 0 0 5.65 6.36 0.91 1.91 4.02 5.66 29.74 0.78 2 0 2 0 1 0 0 0 0 0
"267" 322 409 21674 25785 0 0 6.22 5.63 0.73 1.74 3.55 4.84 23.66 0.76 2 0 2 1 0 0 0 0 0 0
"268" 323 244 13982 18093 0 0 6.72 5.38 2.45 1.02 3.21 6.86 30.59 1.04 1 0 1 1 0 0 1 0 1 0
"269" 324 44 25416 29526 0 1 20.17 5.69 2.67 0.81 3.63 20.54 31.23 0.92 2 0 2 1 0 0 1 1 0 0
"270" 325 32 26896 31006 0 0 5.93 8.52 2.4 0.88 6.51 11.76 31.2 0.86 2 0 2 1 0 0 1 0 0 0
"271" 326 105 22026 26132 0 1 7.34 6.09 2.19 1.16 3.9 9.44 28.9 0.96 1 0 2 1 1 0 0 0 0 0
"272" 327 160 19060 23166 0 0 6.5 4.98 2.1 1.52 2.47 8.54 26.57 1.02 1 0 2 1 1 0 1 0 0 1
"273" 328 160 21144 25250 0 0 6.61 5.05 2.38 1.19 2.74 9.9 25.22 0.93 1 0 2 0 1 0 1 0 0 1
"274" 329 404 17900 22006 0 0 6.89 6.48 1.92 1.44 4.14 6.54 24.86 0.96 1 1 2 1 1 0 0 1 0 1
"275" 330 63 24238 28313 1 1 13.79 5.12 1.85 1.24 3.01 16.9 27.04 0.98 1 1 2 1 0 0 1 0 0 1
"276" 331 63 15639 19744 0 0 5.48 3.87 1.11 1.46 1.89 3.02 23.83 0.85 2 0 2 1 0 0 1 0 0 1
"277" 332 410 16370 20475 0 0 6.27 6.05 2.27 1.22 3.76 12.72 29.98 1.08 1 0 2 1 1 0 1 0 0 1
"278" 333 446 23478 27583 0 1 7.29 7.16 2.15 1.37 4.78 22.14 32.04 1.03 1 1 2 1 1 0 1 0 1 0
"279" 334 413 14559 18664 0 0 6.38 5.31 0.75 1.64 3.32 3.12 17.73 0.92 1 0 2 1 0 0 0 0 0 1
"280" 335 8 22961 27065 0 0 5.65 4.88 1 1.44 2.96 12.84 27.02 0.93 1 0 2 0 1 0 1 0 0 1
"281" 336 23 18255 22359 0 0 4.86 6.76 3.09 1.11 4.2 4.34 27.17 0.93 1 0 2 1 0 0 1 0 0 0
"282" 337 420 22343 25336 1 1 9.21 6.72 2.77 1.48 3.94 16.24 26.41 0.85 2 0 2 1 1 0 0 0 0 0
"283" 338 44 24199 28303 0 0 6.16 6.06 1.63 1.16 4.14 12.48 41.38 0.91 2 0 2 0 0 0 1 0 0 0
"284" 339 105 22539 26638 0 1 7.06 6.35 2.3 1.57 3.7 NA 35.64 0.84 2 0 2 0 1 0 1 0 0 0
"285" 340 64 20751 24850 0 0 5.93 6.29 1.13 1.33 4.43 8.41 23.46 0.85 1 0 2 1 1 0 1 0 0 0
"286" 341 40 23323 27422 0 0 5.65 5.13 0.78 1.4 3.36 6.63 26.28 0.94 1 0 2 1 0 0 0 1 0 0
"287" 342 24 21684 25783 0 0 5.42 5.25 1.13 1.23 3.49 9.66 29.02 0.87 2 0 2 0 0 1 1 0 0 0
"288" 343 63 26086 30182 0 1 7.18 6.28 1.43 1.29 4.32 7.85 25.78 0.83 2 0 2 1 0 1 1 0 1 1
"289" 345 388 17304 21400 0 0 4.8 6.29 1.13 1.45 4.31 3.76 24.84 0.88 2 0 2 0 0 0 1 0 0 1
"290" 346 437 26863 28830 1 1 8.93 6.61 2.01 1.16 4.51 13.05 33.21 1.05 1 1 2 0 0 0 0 1 0 1
"291" 347 40 24458 28553 0 0 6.33 6.42 1.73 1.09 4.52 15.92 28.08 1.01 1 0 2 1 0 0 0 1 0 0
"292" 348 418 16445 20537 0 0 5.31 4.18 0.84 1.42 2.36 3.22 24.09 0.98 1 0 2 0 1 0 0 0 0 1
"293" 349 418 28897 29849 0 1 6.22 5.4 0.8 1.95 3.08 3.8 21.94 0.95 1 1 2 0 0 0 0 1 0 1
"294" 350 43 26917 27715 0 1 9.44 8.13 1.48 2.12 5.31 26.64 29.02 0.83 2 0 1 1 0 0 1 0 0 1
"295" 351 334 12990 17082 0 1 7.23 4.81 0.73 1.75 2.71 3.36 20.32 0.84 2 0 3 0 1 0 0 0 0 1
"296" 352 64 13556 17648 0 1 6.27 5.82 1.08 1.57 3.74 13.06 22.79 0.95 1 0 2 1 0 1 0 0 0 1
"297" 354 40 25305 29396 0 1 9.89 6.63 1.57 1.16 4.74 15.3 29.38 1.01 1 0 2 1 0 0 1 0 0 0
"298" 356 412 23382 24327 1 1 8.02 7.15 1.72 1.81 4.53 15.82 27.46 1.07 1 1 3 0 1 0 0 0 0 1
"299" 357 334 22374 26464 0 0 5.2 6.39 1.15 1.58 4.27 9.4 30.11 0.95 2 0 2 0 1 0 1 0 0 1
"300" 358 40 20350 24440 0 0 5.54 5.51 0.82 1.69 3.43 7.54 31.05 0.84 2 0 2 1 0 0 0 1 0 0
"301" 359 146 29640 31255 0 1 4.52 NA NA NA NA 1.69 NA NA 2 0 1 1 0 0 1 0 0 0
"302" 361 64 21748 25830 0 0 6.78 7.22 4.78 1.22 NA 10.78 25.63 0.99 1 0 2 1 1 0 0 1 0 0
"303" 362 412 22001 26083 0 0 5.76 7.91 1.82 1.56 5.5 7.24 24.46 0.92 2 0 2 0 1 0 0 0 0 1
"304" 363 78 16656 20737 0 0 6.5 6.62 1.09 1.49 4.62 8.42 25.71 1.01 1 1 2 NA NA NA 1 0 0 1
"305" 365 40 20929 25009 0 0 4.58 5.19 1.51 1.33 3.15 7.48 22.34 0.92 1 NA 2 1 0 0 1 1 0 1
"306" 366 40 31399 32308 1 1 7.01 4.9 1.56 1.28 2.89 119.28 37.45 0.86 2 0 1 1 0 0 1 1 0 0
"307" 368 3 27616 28624 1 1 10.17 3.98 0.79 1.02 2.58 24.02 26.45 1.02 1 1 2 1 1 0 0 0 0 0
"308" 370 40 25969 30045 0 1 11.92 4.86 0.99 1.26 3.14 12.86 27.28 1.06 1 0 1 1 0 0 1 1 0 1
"309" 371 40 22242 26318 0 0 5.82 6.68 1.31 1.55 4.52 6.96 23.44 0.84 2 0 3 0 1 0 1 1 0 0
"310" 372 144 25921 28105 1 1 6.84 6.72 4.97 1.16 NA 23.32 29.14 0.82 2 0 2 0 1 0 0 0 0 1
"311" 373 78 13469 17513 0 0 5.93 5.41 0.81 1.52 3.51 9.28 24.77 0.81 2 0 2 1 1 0 1 0 0 1
"312" 375 40 24190 28265 0 0 5.65 6.83 0.9 2.54 3.86 5.34 22.96 0.79 2 0 2 1 1 0 1 NA 0 NA
"313" 376 40 18171 22242 0 0 5.71 6.54 1.39 1.49 4.4 4.01 20.11 1.01 1 1 2 0 0 0 1 0 0 1
"314" 377 40 20234 24305 0 0 6.5 5.89 1.39 1.44 3.8 13.72 26.22 0.87 2 0 2 0 1 0 1 1 1 0
"315" 378 40 20514 24585 0 0 5.37 6.02 1 1.37 4.18 9.52 25.14 0.96 1 1 2 1 0 0 1 0 0 1
"316" 379 64 25922 29993 0 1 9.49 3.43 1.44 1.23 1.52 5.86 28.8 0.89 2 0 2 0 0 1 1 0 0 1
"317" 380 334 15185 19255 0 0 4.8 5.26 0.67 1.92 3.03 3.38 20.08 0.81 2 0 3 0 1 0 0 1 0 1
"318" 381 423 18601 22671 0 0 5.08 6.42 1.58 1.57 4.11 5.89 27.34 0.93 2 0 3 0 1 0 0 0 0 0
"319" 382 333 19752 23822 0 0 6.16 6.68 2.46 1.31 4.21 5.24 28.38 1.01 1 0 2 1 0 0 1 0 0 0
"320" 383 40 22585 24360 0 0 5.59 6.02 1.19 1.17 4.29 14.9 25.08 1.06 1 1 2 1 0 0 1 0 0 1
"321" 384 68 28841 29903 0 1 14.29 6.27 1.66 1.56 3.93 NA 26.84 0.88 2 0 1 1 0 0 1 0 0 1
"322" 385 68 16582 19831 0 1 6.78 5.72 0.79 1.59 3.76 9.53 27.1 0.98 1 1 2 1 0 0 NA 0 0 1
"323" 386 68 17777 21846 0 1 6.16 6.09 1.51 1.35 4.03 NA 29.32 0.87 2 0 3 0 0 0 1 0 0 1
"324" 387 68 17047 21481 0 0 5.59 5.83 1.27 1.45 3.78 NA 29.72 0.84 2 0 2 0 0 0 1 0 0 0
"325" 389 6 17750 21818 0 0 5.76 5.14 0.4 1.56 3.39 3.24 23.51 0.98 1 0 3 0 1 0 0 0 0 1
"326" 391 40 16185 20249 0 0 5.88 6.2 1.6 1.11 4.34 16.62 29.65 1.04 1 1 2 1 0 0 1 NA 1 0
"327" 392 339 21511 25575 0 0 5.59 NA NA 1.42 NA NA 25.65 0.82 2 0 2 1 1 0 0 1 1 1
"328" 393 105 19075 22962 0 1 7.46 5.62 1.68 1.45 3.38 13.58 35.94 0.85 2 0 2 1 0 0 1 0 0 1
"329" 394 18 21485 25548 0 0 5.99 8.42 1.74 1.16 6.44 8.2 26.28 0.99 1 1 2 0 1 0 1 0 0 1
"330" 396 343 18106 22169 0 0 5.71 6.25 0.92 1.61 4.21 2.94 23.41 1 1 0 2 1 0 0 1 0 0 0
"331" 397 77 14136 18199 0 0 5.03 5.36 0.66 1.6 3.45 NA 22.69 0.93 1 0 2 0 1 0 1 0 0 0
"332" 398 40 30334 34082 0 1 8.81 5.45 1.21 1.86 3.02 NA 20.58 0.87 2 0 1 1 0 0 1 0 0 1
"333" 399 40 19280 23342 0 0 4.75 7.58 1.31 1.96 5 NA 28.26 0.85 2 0 3 1 1 0 1 0 0 0
"334" 400 40 29236 30324 1 1 11.07 5.62 1.32 1.19 3.81 23.84 24.22 0.84 2 0 1 1 0 0 1 1 0 1
"335" 402 40 13951 18012 0 0 5.48 4.75 0.56 1.56 2.92 3.16 21.48 0.77 2 0 2 1 1 0 1 0 0 1
"336" 403 40 14433 18494 0 0 5.65 4.86 1.3 1.14 3.11 6.14 22.99 1.01 1 0 2 0 0 0 1 1 0 1
"337" 404 389 14316 18373 0 0 6.55 5.33 1.14 1.29 3.5 4.08 26.09 1.01 1 0 2 1 0 0 1 0 0 1
"338" 405 358 19141 23198 0 0 5.99 4.97 1.39 1.26 3.05 6.6 31.27 1.07 1 1 2 1 0 0 1 1 0 1
"339" 406 40 14742 18799 0 0 4.97 6.89 1.12 1.74 4.63 NA 20.43 0.99 2 0 2 0 1 0 1 1 0 1
"340" 407 40 15508 19565 0 0 5.76 5.36 0.74 1.33 3.68 NA 26.22 0.99 1 1 2 1 0 0 0 1 0 1
"341" 408 40 18796 22852 0 0 5.54 6.2 1.5 1.13 4.37 NA 27.04 0.99 1 0 2 1 0 0 0 1 0 0
"342" 409 105 13221 17277 0 0 6.27 5.56 2.41 1.04 3.39 NA 26.79 1.04 1 0 2 1 0 0 0 0 0 NA
"343" 410 5050 23742 27798 0 0 6.72 4.38 1.07 1.39 2.49 4.94 24.22 0.97 1 1 2 0 1 0 0 0 1 NA
"344" 413 6 15403 19458 0 0 5.65 6.21 1.01 1.13 4.61 3.2 22.86 0.76 1 1 2 0 1 0 1 1 0 0
"345" 414 352 22146 26201 0 0 5.08 4.85 0.45 1.42 3.21 10.9 24.93 1 1 0 2 1 0 0 0 0 0 0
"346" 415 324 25399 28457 0 0 5.71 7.86 1.54 1.16 5.98 22.9 30.85 0.93 1 0 2 1 1 0 1 0 0 0
"347" 417 42 16232 20286 0 0 6.78 6.18 0.94 1.45 4.29 6.29 23.67 0.99 1 1 2 0 1 0 1 1 0 1
"348" 418 42 16591 20645 0 0 6.22 5.1 0.85 1.83 2.87 7.46 28.3 0.83 2 1 2 1 1 0 1 1 0 1
"349" 419 82 16322 18144 0 0 5.2 3.72 0.82 1.35 1.99 9.3 23.18 0.81 2 1 2 1 1 0 0 1 1 1
"350" 420 82 25677 26321 0 0 5.99 4.57 1.09 1.73 2.33 10.32 28.23 0.8 2 0 2 1 0 1 1 0 1 0
"351" 421 324 22487 23213 0 0 6.16 6.04 1.76 0.86 4.35 25.56 33.03 1.01 1 0 2 1 1 0 1 0 0 1
"352" 422 77 26016 30066 0 1 10.68 7.46 0.84 1.69 5.38 13.78 24.77 0.8 2 0 2 1 0 0 0 0 0 NA
"353" 423 50 32218 32979 0 1 6.84 5.03 1.19 1.14 3.33 NA 19.14 0.84 2 0 2 1 0 0 0 0 0 0
"354" 424 50 22989 27038 0 0 5.08 5.55 0.96 1.44 3.66 3.76 27.36 0.81 2 0 2 1 1 0 0 0 0 0
"355" 425 48 29836 31262 1 1 7.12 5.99 2.58 0.98 3.8 19.4 24.98 0.89 2 0 2 1 0 0 1 0 0 1
"356" 426 339 24348 28397 0 0 5.93 7.7 1.09 1.47 5.71 5.16 24.98 0.81 2 0 2 1 1 0 0 1 1 1
"357" 428 40 18357 22405 0 0 5.99 5.75 0.62 1.46 4 3 27.83 0.86 2 0 2 0 1 0 0 0 0 1
"358" 429 40 27112 28581 0 0 6.67 5.64 0.85 1.69 3.55 7.13 25 1.04 1 0 2 1 0 0 1 0 0 0
"359" 430 10 27539 31587 0 0 6.1 6.25 1.6 1.27 4.23 10.66 25.43 0.96 1 1 2 1 0 0 1 0 0 1
"360" 431 40 15610 19657 0 0 5.82 4.99 0.8 1.47 3.15 5.72 23.8 0.82 2 0 2 1 1 0 0 0 0 0
"361" 433 425 14420 18467 0 1 8.81 4.95 1.37 1.07 3.24 10.16 28.28 0.82 2 0 2 1 0 0 NA 0 0 1
"362" 434 141 23619 27662 0 1 7.85 6.08 3.29 0.85 3.68 15.66 35.08 1.07 1 0 2 0 1 0 1 1 0 0
"363" 435 23 25362 29436 0 1 11.36 4.97 1.95 0.87 3.18 8.74 23.94 0.96 1 0 1 1 0 0 1 0 0 0
"364" 436 23 27659 29487 0 1 14.07 8.28 2.19 1.35 5.9 9.23 23.51 0.92 2 0 3 1 0 0 1 0 0 1
"365" 437 10 24802 27879 1 0 5.71 8.07 1.39 1.54 5.88 8.16 25.69 0.79 2 0 2 0 1 0 0 0 0 0
"366" 438 358 27101 31143 0 1 19.77 6.63 8.71 1.41 NA 21.38 23.31 0.97 2 0 1 1 0 0 0 1 0 1
"367" 441 6 16644 20686 0 0 6.27 5.55 2.58 1 3.33 7.27 27.25 1 1 0 2 NA NA NA 1 0 0 0
"368" 443 48 20450 24490 0 0 6.5 7.68 1.89 1.51 5.28 6.02 25.22 0.89 1 1 3 0 0 0 1 0 0 0
"369" 444 105 20673 24714 0 1 6.5 5.99 2.36 1.56 3.32 17.98 29 0.74 2 0 2 1 0 0 1 1 0 1
"370" 445 160 19504 23545 0 0 5.76 8.1 3.12 1.12 5.52 7.67 26.93 0.97 1 0 3 1 1 0 1 NA 0 1
"371" 446 40 20149 24189 0 0 5.54 6.23 0.73 1.66 4.23 3 25.95 0.97 1 0 2 1 0 0 0 0 0 1
"372" 447 40 19274 23314 0 0 5.65 7.13 1.87 1.42 4.83 6.18 25.1 0.87 2 0 2 1 1 0 1 0 0 1
"373" 448 40 25677 29713 0 0 6.61 7.05 0.99 1.54 5.04 22.46 22.66 0.86 2 0 3 0 1 0 NA 1 0 1
"374" 449 40 25588 27624 1 1 6.84 4.88 2.8 0.86 2.7 11.02 27.68 NA 1 1 1 1 1 0 1 1 0 1
"375" 450 389 23815 26651 1 1 10.9 8.25 5.6 1.08 NA NA 24.49 0.98 1 1 1 1 1 0 1 0 0 1
"376" 452 356 18334 22369 0 0 5.42 6.74 1.31 1.23 4.89 4.57 25.59 0.82 2 0 2 1 1 0 1 0 0 1
"377" 453 356 27700 28772 1 1 11.3 NA NA NA NA 4.59 25.71 0.86 2 0 1 1 1 0 1 0 0 1
"378" 454 358 26300 27185 0 0 5.08 6.57 1.77 1.6 4.14 8.54 27.43 0.84 2 0 2 1 0 0 1 1 0 1
"379" 455 5050 20313 24348 0 0 5.25 5.79 1.56 1.2 3.86 12.86 30.12 0.85 2 0 2 0 1 0 0 0 1 0
"380" 459 40 14371 18405 0 0 5.71 5.52 0.56 1.61 3.64 3.56 20.99 0.88 1 0 2 1 0 0 1 0 0 0
"381" 460 5047 17902 21935 0 0 5.99 7.29 0.9 1.87 4.99 8.11 35.14 0.83 2 0 2 1 0 0 1 1 0 0
"382" 461 269 19682 23715 0 0 6.1 8.95 10.14 NA NA NA 25.14 1.02 1 1 2 1 1 0 1 0 0 1
"383" 462 40 23192 27225 0 0 5.99 6.12 2.05 1.05 4.11 30.25 26.51 0.89 1 1 2 1 1 0 0 0 0 0
"384" 464 354 15487 19515 0 0 6.33 4.88 2.12 1.09 2.79 14.43 29.04 1 1 1 2 1 0 0 1 0 0 0
"385" 465 10 19061 23090 0 0 6.27 3.74 0.72 1.6 1.81 12.63 18.59 0.77 2 0 2 1 0 0 1 0 0 0
"386" 466 10 21554 25583 0 0 5.88 4.69 0.69 1.44 2.92 9.85 23.88 0.99 1 0 2 0 1 0 NA 0 0 0
"387" 467 32 15018 19046 0 0 5.03 5.42 0.61 1.52 3.62 3.34 22.68 0.78 2 0 3 0 1 0 1 0 0 0
"388" 468 5050 34465 36791 1 1 8.48 4.03 1.18 1.19 2.29 19.14 25.3 0.87 2 0 1 0 1 0 1 0 0 0
"389" 469 10 22123 26151 0 0 5.99 5.77 1.49 1.18 3.89 9.2 21.48 0.77 2 0 2 0 0 0 1 0 0 1
"390" 470 126 24100 28128 0 0 5.65 NA NA NA NA NA 33.3 0.88 2 1 NA 1 1 0 0 0 0 0
"391" 471 126 23858 27885 0 NA 5.99 6.81 0.86 1.42 4.98 6.78 27.36 1.01 1 1 2 1 1 1 1 0 0 1
"392" 472 23 14261 18288 0 0 5.25 5.82 0.83 1.71 3.72 2.4 23.12 0.91 1 0 2 NA NA NA 1 NA NA NA
"393" 474 23 26956 29786 0 0 6.05 5.38 1.76 1.26 3.29 28.4 26.09 0.92 1 0 2 1 0 0 1 0 0 0
"394" 475 298 20599 24625 0 1 12.26 5.8 2.24 1.07 3.68 13.4 24.73 0.96 1 0 2 1 1 0 1 0 0 1
"395" 476 298 19681 22308 0 0 5.99 4.88 0.71 2.15 2.4 5.26 26.03 0.8 2 0 2 1 0 0 1 0 0 1
"396" 477 391 16776 20802 0 1 6.84 4.25 0.46 1.77 2.26 3 20.22 0.85 1 0 2 0 0 0 NA 0 0 1
"397" 478 368 17965 21986 0 1 11.53 5.13 0.95 1 3.68 7.96 28.41 0.98 1 0 2 1 1 0 NA 0 0 0
"398" 479 84 20898 24919 0 0 5.03 6.81 1.06 0.92 5.39 3.92 22.48 0.8 2 0 2 1 0 0 1 0 0 1
"399" 480 84 23570 27591 0 0 5.25 6.22 1.04 1.39 4.34 16.93 28.65 0.89 2 0 2 1 0 0 1 0 0 1
"400" 483 84 22728 26748 0 1 8.14 6.66 2.08 0.95 4.73 11.22 28.38 1 1 0 2 1 0 0 0 0 0 1
"401" 486 11 26136 29723 1 1 7.85 5.83 2.03 0.98 3.9 10.38 29.89 0.91 1 1 2 1 0 0 1 0 0 1
"402" 487 346 14047 18066 0 0 6.27 5.83 1.68 1.05 3.99 22.5 36.05 0.95 2 0 2 1 0 0 0 0 0 1
"403" 489 325 13972 17990 0 0 5.2 4.23 0.48 2.05 1.95 3.5 19.96 0.75 2 0 3 1 0 0 1 0 0 1
"404" 490 40 20326 24344 0 0 6.22 4.97 1.57 0.93 3.31 8.17 26.42 1 1 0 3 0 1 0 1 0 0 1
"405" 493 391 28531 28676 1 0 4.18 NA NA NA NA NA NA NA 2 0 1 0 1 0 1 0 0 1
"406" 494 88 31745 31769 1 1 7.57 NA NA NA NA NA 29.38 NA 2 0 1 1 0 0 1 1 0 0
"407" 495 29 13341 17359 0 1 5.93 3.86 0.7 1.71 1.82 5.94 22.24 0.77 2 1 3 1 0 0 0 0 0 1
"408" 496 88 21723 25737 0 0 5.03 7.52 1.28 1.41 5.51 5.88 25.22 0.92 1 1 2 1 1 0 1 0 0 0
"409" 497 87 29431 33446 0 0 5.14 6.86 1.32 1.38 4.86 6.78 21.47 0.93 1 0 1 0 1 1 0 1 0 1
"410" 498 590 20962 24977 0 0 5.31 7.18 1.45 1.42 5.09 4.68 25.85 0.77 2 0 2 1 0 0 1 NA 0 1
"411" 499 429 22488 26503 0 0 5.54 7.51 1.8 1.42 5.24 6.53 22.77 0.81 2 0 3 0 1 0 0 1 1 1
"412" 500 5048 19543 23558 0 0 5.2 6.33 1.06 1.56 4.27 4.68 22.66 0.81 2 0 3 0 0 0 1 0 0 0
"413" 502 416 24977 26759 1 1 5.71 6.9 2.51 1.17 4.55 16.06 28.12 0.81 2 0 1 0 1 0 1 1 0 0
"414" 503 10 28794 30229 1 0 4.63 5.35 0.7 1.04 3.98 4.41 31.22 1 1 0 1 0 1 0 0 0 0 1
"415" 504 429 25969 29982 0 1 5.93 6.85 0.79 2.49 3.99 10.22 21.05 0.83 2 0 2 1 0 0 0 1 0 0
"416" 505 416 15626 19639 0 0 4.92 5.71 1.07 1.4 3.8 6.6 19.37 0.78 2 0 2 0 1 0 1 0 0 0
"417" 506 10 13495 17508 0 0 4.46 4.01 1.3 1.54 1.86 5.04 19.65 0.81 2 0 2 0 1 0 0 0 0 0
"418" 509 88 23224 25948 1 1 9.72 9.66 0.89 2.09 7.15 7 23.45 0.95 1 1 3 1 1 0 1 0 0 0
"419" 510 346 24725 28733 0 1 7.97 6.06 1.71 1 4.25 12.96 20.57 0.85 2 0 3 1 0 0 0 0 0 1
"420" 511 84 23180 27188 0 0 5.76 7.28 1.44 1.6 5.01 7.68 24.3 0.99 1 1 2 0 0 0 1 0 0 0
"421" 512 187 28561 31540 0 1 13.9 5.59 17.77 NA NA 12.15 28.73 0.96 1 0 1 0 1 1 1 1 0 1
"422" 513 87 25817 29825 0 1 6.61 8.52 1.74 1.55 6.15 9.93 23.66 0.89 2 0 3 1 1 0 0 1 0 0
"423" 514 298 27483 31491 0 1 6.95 6.4 1.02 1.79 4.13 6.44 20.11 0.84 2 0 3 1 0 0 1 0 0 1
"424" 516 422 27272 28890 1 0 5.31 5.73 2.57 1.37 3.15 14.39 30.1 1.1 1 1 2 0 1 0 0 0 0 1
"425" 517 147 27536 31543 0 0 4.92 6.9 2.04 1.38 4.56 10.82 26.04 0.83 2 0 2 0 1 0 0 0 0 0
"426" 518 147 25562 29569 0 1 5.48 6.58 2.38 0.95 4.51 7.08 25.01 0.96 1 1 3 0 1 0 NA 1 0 0
"427" 519 3 19746 23753 0 0 5.42 5.08 0.77 1.72 2.99 4.86 26.89 0.84 2 0 1 1 0 0 1 0 0 1
"428" 521 21521 21280 25286 0 0 4.75 5.22 0.64 1.45 3.47 5.99 27.47 0.98 1 1 2 0 1 1 1 0 0 0
"429" 522 135 25015 29021 0 1 11.13 4.62 2.5 1.06 2.38 6.74 22.04 0.84 2 0 3 1 0 0 1 0 0 1
"430" 523 267 23025 27031 0 1 11.75 5.38 1.76 1.58 2.97 15.3 28.63 0.88 2 0 3 1 1 0 1 0 0 1
"431" 524 147 19234 23239 0 0 5.99 4.82 1.05 1.45 2.88 7.64 28.73 0.98 1 0 2 0 1 0 1 0 0 0
"432" 525 422 22595 26600 0 0 5.54 6.85 1.28 1.26 4.99 5 27.7 0.98 1 1 3 1 1 0 1 NA 1 1
"433" 527 269 14881 18882 0 0 5.76 6.08 1.69 1.14 4.15 8.15 27.69 0.9 2 0 2 0 1 0 0 1 0 1
"434" 528 3 27870 31485 1 1 8.81 4.24 2.51 0.77 2.28 17.7 25.91 0.85 2 0 2 0 1 0 0 1 0 0
"435" 529 3 27766 29793 1 0 5.48 5.94 0.82 1.55 4 5.1 20.76 0.96 1 1 2 1 0 0 1 0 0 1
"436" 530 90 19389 23390 0 0 4.92 5.06 0.89 1.22 3.42 4.83 23.8 0.92 1 0 2 0 0 0 1 0 0 0
"437" 531 94 20768 24769 0 0 6.22 6.66 1.42 1.24 4.75 8.7 24.17 0.8 2 0 2 0 0 0 1 0 0 0
"438" 533 64 25237 29237 0 1 6.16 4.76 3.69 1.13 1.9 27.12 27.94 0.84 2 0 3 0 0 NA 1 0 0 1
"439" 535 6 21133 25113 0 0 6.33 5.6 3.01 1.05 3.14 23.48 31.65 1.05 1 1 2 1 0 0 1 0 1 0
"440" 536 3 28362 32361 0 1 7.46 5.39 1.05 1.22 3.67 9.92 23.73 0.86 2 0 2 1 NA 0 1 0 0 1
"441" 537 94 24088 28087 0 0 5.88 5.54 1.11 1.31 3.71 7.42 22.09 0.79 2 0 2 0 1 0 1 0 0 0
"442" 538 267 20716 24715 0 0 5.14 7.07 1.02 1.31 5.28 4.16 26.12 0.94 1 0 2 1 1 0 1 0 0 1
"443" 539 94 28879 32878 0 0 5.48 7.69 1.45 1.43 5.58 9.42 21.15 0.86 2 0 3 1 NA NA 1 0 0 0
"444" 540 445 27229 29150 0 0 6.55 4.98 1.16 1.91 2.53 9.3 21.06 0.84 2 0 1 0 1 NA 1 0 0 0
"445" 541 21541 14238 18224 0 0 6.16 5.64 0.57 1.51 3.87 17.73 26.93 0.88 2 0 2 0 1 NA 1 0 0 1
"446" 542 90 23908 27894 0 1 9.49 3.03 0.85 0.97 1.66 4.76 21.98 0.98 1 1 3 0 1 0 1 0 0 1
"447" 543 94 27704 30920 1 0 5.82 5.87 1.82 1.17 3.85 7.71 22.66 0.81 2 0 2 0 1 0 1 0 0 0
"448" 544 267 13172 17157 0 0 5.37 4.38 0.6 1.27 2.83 10.38 25 0.88 2 0 2 1 1 0 1 0 0 1
"449" 546 3 18195 22180 0 0 5.59 6.5 1.47 1.22 4.59 8.46 23.33 0.98 1 1 2 0 0 0 1 0 0 1
"450" 547 32 17081 21066 0 0 6.78 6.99 1.9 1.2 4.9 10.2 26.89 0.88 2 0 2 1 0 0 1 0 0 0
"451" 550 63 14500 18483 0 0 6.22 5.85 1.05 1.17 4.18 8.48 24.79 0.93 1 0 2 1 0 0 1 0 1 0
"452" 551 94 25508 28396 0 0 5.59 7.23 1.54 1.4 5.1 4.42 24.98 0.84 2 0 3 0 0 NA 1 0 0 0
"453" 552 337 28697 29840 1 1 5.08 NA NA NA NA NA 23.54 NA 2 0 1 1 1 NA 1 0 0 0
"454" 554 93 27010 30969 0 1 6.72 5.8 2.41 0.94 3.72 11.66 27.46 0.95 1 1 3 0 1 0 0 1 0 1
"455" 555 146 24855 28814 0 1 6.5 8.82 1.63 1.33 6.73 7.58 29.34 0.88 2 0 3 NA NA NA 1 NA NA NA
"456" 556 430 15851 19810 0 0 6.38 4.31 1.51 0.96 2.64 11.73 27.45 0.98 1 0 2 0 1 0 0 1 0 1
"457" 558 21558 13622 17580 0 1 5.93 5.62 1.64 1.64 3.21 7.74 26.37 0.86 2 1 2 0 1 NA NA 1 0 1
"458" 559 349 16257 20215 0 0 6.72 5.47 0.84 1.47 3.61 14.06 29.02 0.86 2 0 2 0 1 1 1 0 0 0
"459" 560 403 24037 27995 0 0 6.1 4.44 0.59 1.13 3.03 7.52 23.15 0.92 1 0 2 NA 0 NA 1 0 1 1
"460" 561 354 17206 21164 0 0 6.38 6.83 1.84 1.23 4.73 7.45 30.79 1.03 1 0 2 0 1 NA 1 0 0 1
"461" 562 354 28865 29487 1 1 6.67 3.04 1.56 1.08 1.23 17.96 26.53 0.9 1 0 1 0 1 0 1 0 0 1
"462" 564 90 20811 24767 0 1 7.01 6.73 2.1 1.07 4.67 18.42 29.39 0.97 1 1 2 NA NA NA 1 NA NA NA
"463" 565 354 27767 31723 0 0 5.71 6.1 2.09 0.88 4.24 7.52 24.17 0.84 2 0 2 1 1 NA 1 0 1 0
"464" 566 90 15679 19634 0 0 5.99 5.77 2.88 0.94 3.48 9.88 28.09 0.99 1 1 2 0 1 0 0 0 0 1
"465" 567 64 24327 28282 0 0 6.1 7.33 2.12 1.05 5.28 9.85 24.9 0.94 1 0 2 1 1 0 0 1 0 0
"466" 568 88 20149 24104 0 0 6.89 6.32 0.75 1.38 4.58 8.61 33.59 0.86 2 0 2 1 1 0 1 0 0 0
"467" 569 345 30107 30769 1 1 4.24 7.35 2.28 1.53 4.75 18.62 22.86 0.89 2 0 1 0 1 NA 1 0 0 1
"468" 570 345 17238 21190 0 0 4.75 5.21 1.84 1.04 3.31 7.92 28.25 0.93 1 1 2 0 1 0 0 0 0 1
"469" 571 445 28146 32098 0 0 4.41 8.04 1.5 1.19 6.14 10.64 27.1 0.98 1 0 2 0 1 0 1 0 0 0
"470" 572 20 26081 30033 0 1 7.63 6.49 3.09 1.18 3.86 14.38 26.67 0.88 2 0 2 1 0 NA 1 0 0 1
"471" 573 105 14224 18175 0 0 6.22 4.47 0.79 1.81 2.29 7.02 20.42 0.81 2 1 2 1 1 0 1 1 0 1
"472" 574 147 16072 20023 0 NA NA 4.05 0.57 1.66 2.12 6.64 21.13 0.86 1 1 2 0 0 0 1 1 1 0
"473" 575 147 29815 33270 1 1 7.4 4.63 1.83 1 2.77 9.79 25.97 0.83 2 0 2 NA NA NA 0 1 0 0
"474" 576 63 16249 20200 0 0 5.99 6.5 1.3 1.39 4.5 6.97 25.35 0.94 1 0 3 1 0 NA 1 NA 1 1
"475" 577 415 23140 24645 1 1 16.5 7.64 2.2 1.44 5.16 63.43 31.1 0.96 1 1 2 1 0 NA 1 0 0 1
"476" 578 39 19529 23479 0 0 4.69 6.56 0.77 2.2 4 7.57 21.63 0.78 2 0 3 1 1 0 1 1 0 0
"477" 579 585 15444 19394 0 1 7.34 4.51 1.08 1.16 2.84 11.84 28.71 0.83 2 0 2 0 0 0 1 0 0 1
"478" 580 42 26121 30071 0 1 14.46 5.48 1.16 1.22 3.72 4.63 27.44 1.02 1 1 2 1 0 0 1 1 0 1
"479" 582 346 12839 16788 0 0 5.48 3.96 1.39 0.88 2.43 7.71 23.7 0.95 1 0 3 0 1 NA 1 0 0 1
"480" 584 105 25004 28953 0 1 10 6.5 1.43 1.9 3.93 12.1 31.93 0.85 2 0 2 0 1 0 1 NA 0 0
"481" 585 100 25287 29232 0 0 6.61 7.19 2.07 1.19 5.03 15.08 38.2 0.91 2 0 2 1 0 NA 1 0 0 0
"482" 588 99 27465 31410 0 1 6.55 4.06 1.46 1.24 2.13 12.29 25.38 0.99 1 0 2 0 0 0 1 0 NA 0
"483" 589 98 12903 16847 0 1 10.74 6.15 3.04 0.75 3.97 18.76 28.31 0.89 2 1 2 1 0 NA 1 0 0 1
"484" 590 100 26058 27156 0 1 18.08 8.97 2.29 1.17 6.73 11.62 33.06 0.72 2 0 2 NA NA NA 1 NA NA NA
"485" 591 100 22628 26572 0 1 7.12 6.86 1.26 1.31 4.96 13.79 36.29 0.84 2 0 2 NA NA NA 1 0 0 0
"486" 592 390 24891 28835 0 0 5.2 9.1 4.2 1.13 NA 12.22 30.47 0.88 2 0 2 NA NA NA 1 0 0 1
"487" 593 48 28944 29429 0 1 7.4 5.57 1.86 1.09 3.61 20.7 28.74 0.91 1 0 2 NA NA NA 1 0 0 1
"488" 594 48 21133 25076 0 0 6.05 5.97 1.74 1.05 4.11 18.13 31.6 0.74 2 0 2 NA NA NA 1 0 0 1
"489" 595 390 14348 18291 0 0 5.42 4.73 0.66 1.47 2.95 3.07 22.99 0.89 1 1 3 0 1 0 1 0 0 0
"490" 596 250 13588 17530 0 0 4.86 4.67 0.52 1.82 2.61 4.04 20.06 0.78 2 0 3 1 1 0 1 1 0 1
"491" 597 98 19976 23918 0 1 13.5 7.3 1.49 1.54 5.06 NA 28.73 0.79 2 0 3 1 0 0 0 0 0 0
"492" 598 250 26665 30607 0 0 5.71 6.11 0.78 1.48 4.26 3.96 23.6 0.92 1 1 2 NA NA NA 1 0 0 1
"493" 599 88 18718 22656 0 0 6.5 6.83 1.12 1.23 5.07 15.58 26.09 0.96 1 1 2 NA NA NA 1 0 0 NA
"494" 600 99 15547 19485 0 0 5.42 4.94 0.6 1.84 2.82 7.14 19.72 0.76 2 0 2 1 0 0 0 0 0 0
"495" 601 48 25183 29121 0 1 7.57 5.15 1.14 1.52 3.1 14.44 25.5 0.95 1 0 2 1 0 0 1 0 0 1
"496" 602 447 28520 32458 0 1 8.7 8.86 1.62 1.34 6.76 8.99 26.48 0.85 2 0 2 1 1 NA 1 0 0 0
"497" 603 3 26557 28448 1 1 8.02 5.58 2.26 0.9 3.62 17 25.98 1.01 1 1 1 0 1 0 0 0 0 0
"498" 604 390 25711 28274 1 1 5.59 8.02 4.88 1.02 NA 13.64 25.53 0.87 2 0 2 0 1 0 0 0 0 0
"499" 605 99 29877 31711 1 0 6.44 3.93 1.26 1.16 2.17 10.92 24.45 0.95 1 0 2 0 0 0 0 0 0 0
"500" 606 380 16649 20586 0 0 5.76 5.2 0.96 1.59 3.16 4.38 20.7 0.76 2 0 2 NA NA NA 1 1 0 0
"501" 607 405 26598 30534 0 1 6.95 3.23 0.88 0.98 1.84 6.06 21.97 0.98 1 1 2 NA NA NA 1 1 0 1
"502" 608 21 29494 33430 0 1 7.12 6.71 0.91 2.08 4.2 8.52 20.05 0.78 2 0 2 1 0 0 1 0 0 1
"503" 609 99 26384 30320 0 0 5.99 6.98 2.27 1.42 4.5 8.22 23.44 0.82 2 0 2 1 1 0 NA 0 0 0
"504" 610 3 29865 30214 0 0 5.65 NA NA NA NA NA NA NA 2 NA 1 0 1 NA 1 1 0 0
"505" 611 405 27392 30577 1 0 6.67 6.72 2.35 1.07 4.54 15.68 26.09 0.97 1 0 2 1 0 0 1 0 NA 1
"506" 612 397 16260 20195 0 0 5.48 4.89 0.71 1.9 2.66 4.58 19.81 0.74 2 1 2 0 1 0 0 0 0 0
"507" 613 250 16726 20661 0 0 6.05 6.11 0.88 1.37 4.32 6.29 23.94 0.94 1 0 2 1 1 0 1 1 0 1
"508" 615 357 26887 30818 0 1 8.93 6.94 2.39 1.23 4.59 33.6 28.88 0.88 2 0 1 NA NA NA 1 0 0 1
"509" 616 100 21725 25656 0 1 8.14 8.61 1.91 1 6.72 10.74 28.08 0.94 1 0 2 1 0 0 0 0 0 0
"510" 618 361 26120 29724 1 1 6.84 6 0.79 1.2 4.43 12.3 28.08 0.93 1 1 2 0 0 0 1 0 0 1
"511" 619 497 23458 24256 0 0 5.48 5.97 1.88 0.99 4.1 4.44 25.38 0.95 1 1 2 1 1 0 0 0 0 0
"512" 620 21 26891 30821 0 0 5.76 5.28 0.98 1.45 3.37 6.2 23.67 0.93 1 0 2 1 0 0 0 0 0 1
"513" 621 390 17249 21179 0 0 6.05 5.4 1.55 1.01 3.66 4.5 22.88 0.93 1 1 2 0 1 0 1 0 0 0
"514" 622 326 22015 25945 0 0 6.55 5.74 1.32 1.4 3.72 12.54 24.31 0.78 2 0 2 1 0 0 0 0 0 0
"515" 623 434 27315 29436 1 1 11.53 8.58 2.75 1.01 6.28 13.16 26.29 0.86 2 0 2 0 1 0 1 1 0 1
"516" 624 58 16582 20511 0 0 5.59 6.4 1.12 1.67 4.21 9.04 34.04 0.86 2 0 2 1 0 0 0 0 0 1
"517" 625 5044 14136 18065 0 0 5.65 5.98 1.28 1.1 4.28 5.37 25.09 0.8 2 1 2 1 1 0 1 0 0 NA
"518" 626 5061 21689 25618 0 0 6.84 3.74 0.87 1.05 2.28 5.67 25.17 0.97 1 0 2 0 1 0 1 1 0 0
"519" 627 250 24413 28341 0 0 6.55 5.33 0.86 1.42 3.5 3.64 25.8 0.94 1 1 2 1 1 0 1 1 0 1
"520" 628 49 25351 29279 0 1 7.23 6.9 1.27 1.62 4.68 13.98 27.73 0.84 2 0 2 1 1 0 1 0 0 1
"521" 629 256 16735 20663 0 0 6.1 5.86 0.74 2.05 3.46 5.1 23.15 0.78 2 0 2 1 1 0 0 0 0 1
"522" 630 256 27543 27782 1 1 12.09 4.54 0.92 0.97 3.14 7.98 26.99 0.89 1 0 1 1 1 0 1 0 0 1
"523" 631 250 28112 29196 1 1 8.14 NA NA NA NA NA 23.67 NA 1 1 1 1 1 0 1 1 0 1
"524" 633 3 16795 20719 0 0 5.88 4.42 1.49 1.18 2.54 14.06 25.71 0.8 2 0 2 0 1 NA 1 0 0 1
"525" 634 5055 14450 18374 0 0 5.65 4.98 0.94 1.15 3.39 4.92 20.68 0.92 1 0 2 0 0 0 1 1 0 1
"526" 635 105 14196 18120 0 0 5.82 6.33 3.68 1.1 3.5 7.48 23.25 0.95 1 1 2 1 1 0 1 1 0 NA
"527" 636 337 15708 19631 0 0 5.71 5.03 1.2 1.18 3.29 5.16 23.8 0.82 2 0 2 0 1 0 1 0 0 0
"528" 637 405 17267 21190 0 0 5.88 3.95 0.61 1.54 2.12 4.16 20.05 0.8 2 0 2 0 1 0 1 1 0 1
"529" 639 335 20370 24293 0 1 8.93 7.19 2.91 1.04 4.79 38.41 30.31 1.08 1 1 2 0 0 0 0 0 0 0
"530" 640 5043 18861 22783 0 0 5.65 6.56 1.83 1.17 4.53 10.58 26.83 0.81 2 0 2 1 0 0 1 1 0 0
"531" 641 50 22067 25989 0 0 5.82 6.81 2.05 1.37 4.48 5.07 24.69 0.77 2 0 2 1 0 0 0 0 0 0
"532" 642 390 17873 21795 0 1 7.23 4.99 2.1 1.1 2.91 12.44 25.5 0.93 1 1 2 0 1 0 1 0 0 0
"533" 643 367 16980 20902 0 0 5.65 6.74 1.58 1.4 4.6 5.6 23.67 0.92 1 0 3 0 1 0 1 0 0 NA
"534" 644 5049 25009 28930 0 0 6.61 7.07 0.89 2.35 4.3 3.31 20.28 0.77 2 0 2 0 1 1 1 1 0 1
"535" 645 367 28275 32196 0 0 5.42 6.1 2.15 1.1 3.99 9.56 26.26 0.88 2 0 2 0 1 0 1 1 0 0
"536" 646 447 20266 22113 0 0 5.76 6.04 0.86 1.51 4.12 5.12 26.57 0.99 1 1 2 1 1 0 1 0 0 1
"537" 647 325 29767 30089 1 1 8.93 5.16 1.84 1.05 3.25 11.38 28.98 0.97 1 1 1 1 0 0 1 1 0 1
"538" 648 361 24009 27926 0 0 6.33 6.5 1.73 1.47 4.21 8.54 34.55 0.91 2 0 2 0 1 0 0 0 0 0
"539" 649 342 27623 29015 1 1 10.4 6.41 3.95 1.08 3.47 9.46 30.47 0.82 1 0 3 0 1 0 0 0 0 1
"540" 650 390 26646 30261 1 1 11.58 6.63 3.31 1.04 4.03 17.68 23.84 0.83 2 0 2 1 1 0 1 0 0 1
"541" 653 380 22488 26404 0 0 5.59 6.58 1.57 1.45 4.39 6.21 22.49 0.8 2 0 2 1 0 1 0 0 0 0
"542" 654 397 27445 30818 0 1 9.83 6.38 2.51 1.28 3.92 37.16 32.6 1.01 1 1 2 0 1 0 1 0 0 0
"543" 655 29 14567 18482 0 0 5.65 5.42 1.37 1.2 3.57 13.06 32.04 1 1 1 2 0 1 0 1 1 0 1
"544" 656 5042 13750 17665 0 0 4.97 4.66 0.7 1.93 2.4 3.56 20.08 0.78 2 0 2 1 0 0 1 0 0 0
"545" 657 5042 14626 18541 0 0 4.92 4.49 0.59 1.84 2.37 4.86 20.2 0.76 2 0 3 1 1 0 1 0 0 0
"546" 658 605 26630 30328 0 0 5.25 7.76 1.81 1.47 5.44 5.32 24.68 0.9 2 0 2 1 1 0 1 0 0 0
"547" 659 369 19559 23474 0 0 5.59 5.57 0.99 1.49 3.62 5.07 27.18 0.82 2 0 2 0 1 1 1 0 0 0
"548" 660 105 14882 18796 0 0 5.82 4.46 0.93 1.19 2.84 3 22.79 0.92 1 1 3 1 1 0 1 0 0 1
"549" 661 320 22793 24032 0 0 5.59 5.06 1.23 1.14 3.34 6.58 23.84 1.01 1 0 2 0 1 0 1 0 0 1
"550" 662 341 23849 27763 0 0 4.75 4.69 0.86 1.8 2.48 5.05 29.41 0.84 2 0 3 1 0 0 1 0 0 0
"551" 663 21663 16170 20084 0 0 5.71 4.96 1.79 1.13 2.99 3.83 21.76 0.93 1 1 3 0 0 1 1 0 0 1
"552" 664 187 20381 24291 0 0 6.72 8.97 2.04 1.12 6.89 14.08 25.91 0.89 2 0 2 0 1 0 0 0 0 0
"553" 665 342 28516 32426 0 0 5.42 5.64 2.02 0.87 3.82 7.89 29.39 0.94 1 0 1 0 1 0 1 1 0 1
"554" 666 28 29877 30427 1 1 7.68 6.3 4.25 0.8 NA 31.36 27.76 0.88 1 0 3 1 1 0 1 0 0 1
"555" 667 365 26003 29913 0 1 7.23 4.66 1.79 1.06 2.76 21.52 36.16 0.86 2 0 3 1 0 1 NA 0 0 0
"556" 669 134 24199 24451 1 1 9.94 6.71 1.07 1.51 4.7 7.18 27.64 0.93 1 1 3 NA NA NA NA NA NA NA
"557" 670 350 17684 21593 0 0 6.89 5.01 0.83 1.14 3.48 18.31 25.85 0.94 1 1 2 1 1 1 1 0 0 1
"558" 671 390 15754 19663 0 0 5.65 5.9 1.39 1.39 3.85 5.26 24.61 0.84 2 0 2 0 1 0 1 0 1 1
"559" 673 338 28250 30209 1 1 16.5 5.35 1.02 1.39 3.48 6.86 25.62 0.95 1 1 2 0 1 0 1 0 0 1
"560" 674 338 25656 29564 0 1 10.23 4.95 1.55 0.94 3.28 15.93 22.12 0.87 2 0 2 1 0 0 1 0 0 0
"561" 675 338 16264 20172 0 0 6.78 5.21 0.82 1.54 3.28 6.94 24.43 0.83 2 0 2 0 1 0 1 0 0 0
"562" 676 250 21752 25659 0 0 5.76 6.12 1.01 1.45 4.2 5.03 28.09 0.99 1 0 2 1 0 0 NA 1 0 1
"563" 677 342 26570 30477 0 0 5.65 4.96 0.93 1.08 3.44 5.88 29.41 0.93 1 0 2 0 1 0 1 1 0 1
"564" 678 394 24311 28218 0 0 6.33 4.57 0.59 1.15 3.15 6.46 28.37 0.98 1 0 2 1 0 0 1 0 0 0
"565" 679 345 18433 22335 0 0 5.65 5.3 1.32 1.16 3.53 6.12 23.63 0.83 1 0 2 0 1 0 0 0 0 1
"566" 680 405 24777 28680 0 0 5.54 7.24 2.35 1.42 4.71 6.62 22.86 0.88 2 0 2 0 1 0 NA 0 0 1
"567" 681 100 24733 28636 0 1 6.22 6.99 1.11 1.72 4.75 5.49 24.74 0.76 2 0 2 1 1 0 0 0 0 0
"568" 684 366 19340 23242 0 1 6.44 6.43 1.04 1.37 4.57 7.06 27.17 1 1 1 2 1 1 0 1 0 0 1
"569" 685 419 24243 28145 0 0 5.93 5.37 0.97 1.65 3.26 4.8 21.97 0.83 2 0 3 0 0 0 1 1 0 1
"570" 686 10 23361 27263 0 0 5.31 5.28 2.12 1.53 2.76 3.16 22.66 0.78 2 0 3 1 0 0 1 1 0 1
"571" 687 5056 15886 19787 0 0 5.37 5.18 0.74 2.32 2.51 3.26 19.31 0.8 2 1 3 0 1 0 1 1 0 0
"572" 688 440 21264 25165 0 0 5.99 7.25 0.91 2.14 4.68 9.83 25.48 0.78 2 0 2 0 1 0 1 0 0 0
"573" 689 100 14679 18580 0 0 5.48 5.73 2.04 1.17 3.6 7.23 24.07 0.92 1 0 3 0 1 0 0 0 0 0
"574" 690 237 22687 24878 0 1 6.5 6.98 2.21 0.98 4.96 9.15 23.2 0.93 1 0 2 1 1 0 0 0 0 1
"575" 691 147 18739 22639 0 0 5.88 6.45 1.25 1.18 4.68 7.41 23.62 0.81 2 0 3 1 1 0 0 0 0 1
"576" 692 365 14300 18200 0 0 5.54 3.92 0.84 1.64 1.89 3.44 21.79 0.78 2 0 3 1 0 0 1 0 1 0
"577" 693 394 26645 28385 0 1 8.19 7.14 2.59 1.41 4.52 12.6 21.95 0.97 1 1 2 0 1 0 1 0 0 1
"578" 694 40 15665 19565 0 0 5.48 5.57 0.96 1.61 3.5 4.72 21.01 0.75 2 0 3 1 1 0 0 0 0 1
"579" 695 21 22736 23464 0 0 5.76 4.8 0.81 1.88 2.54 5.6 24.38 0.86 1 0 2 1 0 NA 0 0 0 1
"580" 696 397 25805 29511 0 0 5.82 5.64 1.64 1.19 3.68 20.58 32.65 1.01 1 1 2 NA NA NA 1 0 0 0
"581" 697 40 23649 27545 0 1 6.89 6.21 2.1 1.53 3.69 21.4 34.72 0.86 2 0 3 1 0 0 1 1 0 1
"582" 700 237 19628 23523 0 0 5.59 5.97 1.87 1.98 3.11 3.42 19.97 0.93 1 1 2 0 1 0 0 0 0 0
"583" 701 328 20483 24378 0 1 11.81 5.16 1.05 1.29 3.38 10.78 33.79 0.88 2 0 2 0 1 0 NA 0 0 1
"584" 702 108 27755 30796 1 1 11.13 4.3 1.25 1.32 2.39 22.13 34.11 0.85 2 0 2 0 0 0 1 0 0 0
"585" 703 444 22526 26420 0 1 6.05 5.88 1.69 1.27 3.82 15.06 26.83 1.03 1 0 2 0 1 0 0 0 1 0
"586" 704 99 25470 29364 0 1 7.68 5.31 3.23 1.42 2.37 6.02 23.26 0.94 1 1 2 0 0 0 NA 0 0 0
"587" 705 336 25929 29823 0 0 5.93 4.49 1.38 1.14 2.71 7.14 30.12 0.97 1 0 2 1 0 0 0 0 0 0
"588" 706 336 18046 21940 0 1 7.12 6.54 4.41 0.94 NA 9.06 30.79 1.03 1 1 2 1 0 0 1 0 0 1
"589" 707 237 16353 20246 0 0 5.71 6.18 1.78 1.09 4.26 4.11 25.53 0.82 2 0 3 0 1 0 0 0 0 0
"590" 709 64 15592 19485 0 0 5.59 6.22 1.99 1.14 4.15 5.86 23.99 0.94 1 0 2 1 0 0 1 1 0 1
"591" 710 321 14387 18276 0 0 6.27 5.09 0.82 1.34 3.37 5.5 22.46 0.89 1 1 2 1 1 0 0 0 0 0
"592" 711 606 20801 24689 0 0 5.76 5.09 1.51 1.49 2.89 17.84 37.18 0.96 2 0 2 1 1 0 1 1 0 0
"593" 712 362 15244 19132 0 0 5.31 5.07 1.97 1.15 3 6.8 25.76 0.97 1 0 2 0 1 0 1 0 1 1
"594" 713 41 18809 22697 0 0 5.76 6.72 0.74 1.72 4.65 4.98 22.68 0.76 2 0 2 0 1 0 1 0 0 1
"595" 714 5058 13961 17849 0 0 5.42 3.89 0.68 1.96 1.61 3 19.47 0.72 2 1 3 1 0 0 1 0 0 1
"596" 715 419 25254 29141 0 1 6.95 4.33 1.2 1.05 2.72 15.16 34.29 1.03 1 1 3 1 0 0 0 1 0 1
"597" 716 378 19472 23359 0 0 5.25 4.61 1.02 1.76 2.37 4.45 22.94 0.95 1 0 2 0 0 0 0 0 0 1
"598" 717 378 30229 32638 1 1 7.29 5.38 2.33 1.04 3.25 15.41 30.25 0.98 1 0 1 1 0 0 0 0 0 0
"599" 718 10 21842 25729 0 0 5.25 5.21 1.12 1.61 3.07 4.88 25.71 0.81 2 1 2 0 1 0 0 0 0 1
"600" 719 367 15020 18906 0 0 5.37 6.04 1.73 1.59 3.64 5.86 24.34 0.84 2 1 2 1 0 0 1 0 0 1
"601" 720 143 17758 21644 0 0 5.88 4.8 0.66 1.91 2.58 4.87 26.44 0.77 2 0 3 0 0 0 1 1 0 1
"602" 721 10 13434 17320 0 0 5.08 4.44 0.72 1.61 2.49 3 20.45 0.81 2 0 3 0 0 0 0 0 0 0
"603" 723 216 15767 19649 0 0 4.97 4.47 1.08 1.47 2.49 4.84 20.2 0.78 2 0 3 0 0 0 1 0 0 0
"604" 724 216 16915 20797 0 0 5.31 4.2 0.89 1.29 2.49 6.86 26.08 0.79 2 0 3 0 0 0 1 0 0 1
"605" 725 350 28314 32181 1 1 8.59 5.97 1.46 1.01 4.27 16.25 25.56 1.01 1 1 2 1 1 1 1 0 0 0
"606" 727 105 23741 27622 0 0 5.93 4.62 2.46 0.96 2.51 7.82 29.04 0.99 1 1 2 0 1 0 1 1 1 1
"607" 729 82 15544 19425 0 0 5.71 4.47 0.79 2.14 1.95 3.68 22.4 0.88 1 0 3 1 0 1 1 0 1 1
"608" 730 108 18333 22214 0 0 6.16 4.72 0.6 1.91 2.53 3 28.41 0.98 1 1 3 0 1 0 1 0 0 0
"609" 731 444 21747 25627 0 0 5.37 6.09 1.03 1.81 3.79 6.34 21.26 0.76 2 0 2 NA 0 NA 1 NA NA NA
"610" 732 444 21359 25239 0 0 5.03 6.62 0.82 1.67 4.57 3.86 27.54 0.88 2 0 2 NA NA NA NA NA NA NA
"611" 733 108 16004 19884 0 0 5.08 4 0.61 1.83 1.88 4.28 27.1 0.77 2 0 2 1 0 0 1 0 0 1
"612" 734 64 13135 17015 0 0 6.05 5.89 2.74 1.17 3.43 5.36 27.78 0.99 1 1 2 0 1 0 0 NA 0 1
"613" 735 348 18515 22394 0 0 5.54 6.18 1.44 1.54 3.97 3.5 24.54 0.94 1 1 3 1 0 0 1 1 1 NA
"614" 736 40 16978 20857 0 0 6.22 4.85 0.78 2.07 2.41 3.44 22.14 0.8 2 0 3 1 0 0 1 0 0 0
"615" 737 40 14997 18876 0 0 5.31 5.79 0.91 2.12 3.24 3 21.26 0.8 2 0 2 1 0 0 1 0 0 0
"616" 738 40 19199 23074 0 0 5.93 5.22 1.64 1.19 3.26 10.48 31.31 1.06 1 1 2 1 0 0 1 1 0 0
"617" 741 407 16771 20646 0 1 7.23 6.38 2.44 1.25 3.99 7.77 25.53 0.82 2 1 2 0 1 1 1 1 0 1
"618" 742 88 19750 23625 0 0 5.71 8.32 1.41 1.54 6.12 3.9 23.85 0.95 1 0 2 1 1 0 1 0 0 0
"619" 745 63 13839 17713 0 0 5.76 5.59 1.7 1.18 3.61 3.67 23.53 0.94 1 0 3 1 0 0 1 0 1 1
"620" 746 105 13094 16968 0 0 5.71 5.06 1.15 1.3 3.22 5.76 26.45 0.88 1 1 2 0 1 0 1 1 1 1
"621" 747 88 20241 24114 0 0 5.93 6.75 1.71 1.39 4.56 9.04 24.34 0.84 2 0 2 0 0 0 1 0 0 0
"622" 750 6 15105 18978 0 1 7.01 5.16 0.99 1.18 3.52 9.9 26.49 1 1 1 2 0 1 0 1 0 0 1
"623" 752 340 17162 21034 0 0 5.82 5.45 0.67 1.93 3.2 5.42 23.77 0.94 1 1 2 1 1 0 1 0 0 0
"624" 754 3 14210 18082 0 0 5.54 5.57 0.89 1.71 3.44 3.59 20.23 0.94 1 1 3 1 1 0 0 0 0 1
"625" 755 340 13977 17845 0 0 5.93 4.37 1.72 1.05 2.51 5.64 21.91 0.91 1 1 2 0 1 0 1 0 0 0
"626" 756 340 27260 29186 1 1 9.32 5.86 2.31 1.29 3.48 12.03 27.99 1 2 0 3 1 1 0 1 0 0 0
"627" 757 5059 20836 24704 0 0 5.42 4.58 0.74 1.34 2.89 5.01 29.05 0.88 2 1 3 1 1 0 0 0 0 1
"628" 758 40 23082 26950 0 1 6.95 5.81 0.84 1.45 3.96 7.12 23.71 0.85 2 0 2 1 1 0 1 0 0 0
"629" 759 237 26092 28762 1 1 7.4 8.12 1.38 1.27 6.2 6.04 20.66 0.89 1 1 2 1 1 0 0 0 0 0
"630" 760 40 16526 20393 0 0 5.71 4.09 0.58 2.17 1.64 6.56 22.31 0.87 2 0 2 1 1 0 1 1 0 0
"631" 761 334 13552 17419 0 0 5.54 4.73 1.63 1.06 2.9 5.83 23.45 0.91 1 1 2 0 1 0 1 0 0 1
"632" 762 336 23480 27347 0 0 6.78 4.85 1.56 1 3.11 10.06 27.4 0.91 1 0 3 1 1 0 1 0 0 0
"633" 763 64 20536 24402 0 0 5.93 6.23 1.5 1.32 4.21 7.94 28.73 0.78 2 1 2 1 1 0 1 0 0 1
"634" 764 271 23482 27348 0 1 10.06 5.82 1.3 1.37 3.84 11.36 29.41 0.86 2 0 2 1 1 0 1 0 0 1
"635" 765 271 31349 33378 1 1 10.4 5.08 1.28 1 3.47 25.7 25.93 0.94 1 1 2 1 0 0 0 0 0 1
"636" 766 434 16563 20429 0 0 6.05 5.68 2.1 0.96 3.73 8.42 27.06 0.98 1 0 2 1 1 0 1 1 0 1
"637" 767 105 15513 19378 0 0 6.44 4.44 1.15 1.34 2.56 4.7 21.79 0.97 1 0 3 0 1 0 1 0 0 0
"638" 768 5044 13101 16966 0 0 6.16 4.63 1.04 1.57 2.57 3.49 19.57 0.8 2 0 2 1 1 0 1 0 0 1
"639" 769 348 17846 21711 0 0 6.61 6.31 1.56 1.37 4.21 3.5 25.01 0.78 2 0 2 1 0 0 1 0 0 0
"640" 770 340 18596 22428 0 0 6.05 5.72 1.48 1.31 3.71 7.8 23.51 0.81 2 0 2 1 1 0 1 0 0 0
"641" 771 340 16649 20481 0 0 6.05 5.18 0.98 1.51 3.21 6.92 22.65 0.77 2 0 2 1 1 NA 1 0 0 0
"642" 772 419 26444 30276 0 0 5.2 6.22 1.21 1.33 4.32 4.32 26.2 0.94 1 1 1 1 0 0 0 1 0 1
"643" 774 40 23813 27643 0 0 6.22 6.08 1.17 1.44 4.09 5.7 27.89 0.79 2 0 2 1 0 0 0 0 1 1
"644" 775 6 19983 23813 0 0 5.82 5.16 0.8 1.07 3.72 5.04 24.34 0.94 1 1 2 0 1 0 0 0 0 1
"645" 776 270 26416 30242 0 1 6.78 5.78 1.73 1.43 3.54 8.64 22.89 0.84 2 0 3 1 0 0 0 1 0 0
"646" 777 216 24653 28467 0 1 12.77 5.83 1.79 1.25 3.74 6.83 33.2 0.87 2 0 1 NA 0 0 1 0 0 1
"647" 778 78 13073 16442 1 0 5.82 5.43 4.58 1.19 NA 8.93 23.27 0.93 1 1 2 0 1 0 1 0 0 1
"648" 779 216 13525 17350 0 0 5.71 4.91 0.92 1.76 2.72 4.68 21.15 0.89 1 1 2 0 0 0 1 0 0 1
"649" 780 109 19024 22849 0 0 5.71 5.36 2.05 1.24 3.16 8.42 24.46 0.82 2 0 2 0 1 0 1 0 0 1
"650" 781 105 14747 18570 0 0 6.05 5.36 0.82 1.64 3.33 6.56 27.92 0.78 2 1 2 0 1 0 1 0 0 0
"651" 782 143 22591 26414 0 0 5.65 6.39 1.54 1.44 4.23 5.09 22.6 0.78 2 0 2 1 1 1 1 1 0 1
"652" 783 143 25753 29576 0 0 5.65 NA NA NA NA 3.74 23.83 0.84 2 0 2 1 1 1 1 0 0 0
"653" 784 108 15612 19431 0 0 5.59 5.27 0.69 1.98 2.96 5.84 25.16 0.77 2 0 3 0 1 0 1 0 0 NA
"654" 786 336 15006 18825 0 0 6.27 5.31 1.14 1.56 3.21 8.3 19.1 0.79 2 1 2 0 1 0 1 1 0 1
"655" 787 109 24220 28035 0 0 6.27 6.21 3.05 1.12 3.66 24.49 28.26 0.88 2 0 3 1 0 0 1 0 0 0
"656" 788 109 20252 24067 0 0 6.22 5.12 1.35 1.11 3.38 13.05 26.47 1.01 1 1 2 0 1 0 0 0 0 0
"657" 789 270 15703 19518 0 0 6.33 4.99 1.02 1.48 3.03 4.08 23.77 0.9 1 1 2 0 0 0 1 1 0 0
"658" 790 607 18277 22089 0 0 6.72 7.31 1.82 1.1 5.35 12.94 37.81 0.88 2 0 2 1 1 1 1 0 0 1
"659" 791 336 25316 29128 0 1 17.18 4.76 2.89 1.14 2.26 16.52 30.48 0.87 2 0 2 0 1 0 1 0 0 1
"660" 792 336 16622 20434 0 0 6.78 5.96 1.8 1.31 3.8 8.16 23.34 0.85 2 1 2 0 1 0 1 0 1 1
"661" 796 21796 16522 20228 0 0 4.86 NA NA NA NA 3.04 24.98 0.81 2 0 2 0 1 0 1 0 0 1
"662" 797 444 23830 27536 0 0 4.63 NA NA NA NA 4.1 21.26 0.7 2 0 2 0 1 0 1 NA 1 1
"663" 799 336 14042 17748 0 0 5.59 NA NA NA NA 6.62 24.78 0.92 1 1 2 NA NA NA 1 NA NA NA
"664" 800 237 17895 21600 0 0 6.44 NA NA NA NA 8.29 20.16 0.93 1 1 2 1 1 0 1 0 0 0
"665" 801 336 13624 17329 0 0 5.82 NA NA NA NA 6.97 20.83 0.87 1 1 2 0 1 0 1 0 0 0
"666" 802 336 14518 18223 0 0 5.08 NA NA NA NA 7.12 25.36 0.91 1 1 2 1 1 0 1 0 0 0
"667" 803 3 17878 21583 0 0 5.25 NA NA NA NA 8.83 22.66 0.83 2 0 3 0 1 0 1 1 0 1
"668" 804 21804 21123 24823 0 1 5.31 NA NA NA NA 6.51 28.73 1 1 1 2 0 1 0 NA 1 0 1
"669" 805 109 21001 24701 0 0 5.14 NA NA NA NA 11.05 25.09 0.91 1 0 3 0 1 0 1 0 0 1
"670" 806 21806 20810 24510 0 0 5.31 NA NA NA NA 8.67 25.15 0.77 2 0 2 1 1 0 1 0 0 NA
"671" 807 364 13270 16970 0 0 5.03 NA NA NA NA 12.86 20.83 0.81 1 1 2 1 1 1 0 0 0 1
"672" 808 21808 15789 19489 0 0 5.48 NA NA NA NA 8.34 25.59 0.86 2 1 2 0 1 0 1 0 0 NA
"673" 809 3 16567 20266 0 0 4.63 NA NA NA NA 3.48 22.84 0.93 1 0 3 0 1 1 1 1 0 NA
"674" 811 109 22719 24389 0 0 5.08 NA NA NA NA 5.8 30.49 0.81 2 0 1 1 0 0 1 0 0 0
"675" 812 109 24948 28647 0 1 5.88 NA NA NA NA 16.23 29.7 1.03 1 0 2 1 0 0 0 0 0 0
"676" 813 364 16529 20227 0 0 5.14 NA NA NA NA 6.52 29.41 0.84 2 1 2 0 1 1 1 0 0 1
"677" 814 245 15600 19298 0 0 4.8 NA NA NA NA 6.91 27.06 0.84 2 0 3 1 1 0 1 0 0 1
"678" 815 408 15944 19642 0 0 4.52 NA NA NA NA 14.78 23.63 NA 2 0 2 1 1 0 0 0 1 1
"679" 816 11 25890 29588 0 1 11.58 NA NA NA NA 5.8 34.06 0.83 2 0 1 1 0 0 1 0 0 1
"680" 818 107 13815 17508 0 0 4.69 NA NA NA NA 6.06 26.95 0.86 2 0 2 1 1 0 0 1 0 0
"681" 819 411 22703 26396 0 1 14.75 NA NA NA NA 22.9 23.44 0.77 2 0 2 0 1 0 NA 1 0 0
"682" 820 336 13356 17049 0 0 5.08 NA NA NA NA 4.07 22.1 0.73 2 0 2 0 1 0 NA 0 0 1
"683" 821 363 25601 29294 0 0 4.52 NA NA NA NA 4.61 30.08 0.83 2 0 2 0 0 0 NA 0 0 0
"684" 823 143 26316 30008 0 1 8.93 NA NA NA NA 29.58 33.75 0.87 2 0 1 1 1 1 1 0 0 0
"685" 824 21824 18396 22088 0 0 5.14 NA NA NA NA 4.26 37.34 0.83 2 0 2 0 0 0 0 0 0 0
"686" 825 108 15861 19553 0 0 5.2 NA NA NA NA 3.22 28.71 0.84 2 1 2 1 1 0 1 0 0 1
"687" 826 245 14525 18216 0 0 4.63 NA NA NA NA 3.57 24.84 0.93 1 0 2 0 1 0 0 0 0 1
"688" 827 245 14904 18595 0 0 5.14 NA NA NA NA 11.59 25.18 0.92 1 0 2 0 1 0 1 0 0 1
"689" 828 336 29984 33675 0 1 11.64 NA NA NA NA 12.38 30.49 0.77 2 0 1 1 0 0 1 0 0 1
"690" 829 3 15303 18994 0 0 5.08 NA NA NA NA 10.26 26.75 0.98 1 0 2 0 1 0 0 0 0 0
"691" 830 198 24368 28059 0 0 4.52 NA NA NA NA 5.78 34.89 0.82 2 0 2 1 0 NA NA 0 0 0
"692" 831 5060 16410 20096 0 0 4.63 NA NA NA NA 11.22 24.62 0.96 1 0 2 0 1 0 1 1 0 1
"693" 832 21832 24899 28585 0 0 4.58 NA NA NA NA 17.53 30 0.82 2 0 1 1 0 0 1 0 1 1
"694" 833 390 16693 20379 0 0 5.71 NA NA NA NA 15.51 31.51 0.86 2 0 2 1 0 0 0 1 0 1
"695" 835 37 19569 21652 1 0 5.14 NA NA NA NA 6.34 24.86 0.93 1 1 2 1 1 0 NA 0 1 0
"696" 836 5 14258 17943 0 0 4.8 NA NA NA NA 10.18 23.34 0.86 2 1 2 0 1 0 1 1 0 0
"697" 837 362 15977 19662 0 0 4.52 NA NA NA NA 4.01 25.99 0.75 2 0 2 0 1 1 1 0 0 0
"698" 838 345 18653 22338 0 0 4.52 NA NA NA NA 3.96 20.76 0.77 2 0 2 0 1 0 1 0 0 1
"699" 839 82 17447 21132 0 0 5.08 NA NA NA NA 4.5 28.4 0.94 1 0 2 0 1 0 1 0 0 1
"700" 840 48 23215 26894 0 0 5.76 NA NA NA NA 11.75 23.24 0.92 1 0 3 1 0 0 NA 1 0 1
"701" 841 143 25309 28988 0 0 5.59 NA NA NA NA 7.02 20.9 0.85 2 0 2 1 1 1 1 0 0 1
"702" 842 90 16930 20609 0 0 5.14 NA NA NA NA 8.85 22.55 0.77 2 0 1 0 0 1 1 0 0 0
"703" 843 245 24505 28184 0 0 4.86 NA NA NA NA 5.21 27.06 0.84 2 0 2 1 1 0 0 0 0 0
"704" 844 47 22208 25887 0 0 5.42 NA NA NA NA 7.62 25.77 0.89 2 0 2 NA NA NA 1 NA NA NA
"705" 845 408 14196 17874 0 0 5.31 NA NA NA NA 3.13 24.3 0.92 1 0 2 0 1 0 1 0 0 1
"706" 846 44 28732 29557 0 1 10.74 NA NA NA NA 28.64 26.42 0.9 1 0 3 0 1 1 0 0 0 1
"707" 848 390 17498 21176 0 0 5.42 NA NA NA NA 4.23 25.69 0.86 2 0 2 0 0 0 1 0 0 1
"708" 849 5044 15914 19592 0 0 4.75 NA NA NA NA 5.55 25.15 0.92 1 1 2 1 1 0 NA 0 0 1
"709" 850 48 23601 27278 0 0 4.97 NA NA NA NA 5.72 26.53 0.94 1 1 2 0 1 0 NA 1 0 NA
"710" 851 216 16671 20348 0 0 4.92 NA NA NA NA 3.99 26.35 0.94 1 0 3 0 0 0 1 0 1 0
"711" 852 341 29426 33103 0 0 5.65 NA NA NA NA 5.48 32.18 1.09 1 1 2 1 1 0 1 0 0 NA
"712" 853 365 15932 19609 0 0 4.46 NA NA NA NA 2.82 27.02 0.91 1 0 2 0 1 0 1 0 0 0
"713" 854 5060 13123 16800 0 0 4.97 NA NA NA NA 6.26 21.44 0.82 2 0 3 0 1 0 1 1 0 1
"714" 855 23 15881 19553 0 0 4.63 NA NA NA NA 6.5 27.14 0.93 1 0 2 0 1 0 1 0 0 1
"715" 856 5054 21952 25615 0 0 5.08 NA NA NA NA 3.81 23.31 0.77 2 0 2 1 0 0 1 1 0 1
"716" 858 439 23265 24768 0 0 5.03 NA NA NA NA 14.74 28.07 1 1 0 2 1 1 1 0 0 0 NA
"717" 862 143 19315 22986 0 0 5.65 NA NA NA NA 10.3 26.54 0.94 1 1 2 0 1 0 1 1 0 0
"718" 866 5042 15143 18813 0 0 5.54 NA NA NA NA 5.16 23.12 0.82 1 0 2 1 1 0 1 0 0 0
"719" 867 447 19567 23237 0 1 7.74 NA NA NA NA 7.3 28.58 0.94 2 1 2 1 0 0 NA 0 0 0
"720" 868 43 17877 21547 0 0 4.8 NA NA NA NA 3.5 27.1 0.83 2 0 2 0 1 0 1 0 0 0
"721" 869 5041 23665 27335 0 0 6.22 NA NA NA NA 16.59 26.47 0.94 1 1 2 0 1 0 1 0 0 1
"722" 870 3 15864 19529 0 0 5.25 NA NA NA NA 8.94 24.07 0.9 1 1 2 0 1 0 1 0 0 1
"723" 871 245 25112 28777 0 1 14.46 NA NA NA NA 20.76 32.01 0.78 2 NA NA 1 0 0 0 0 0 1
"724" 872 245 25455 29120 0 0 5.25 NA NA NA NA 7.28 25.82 0.93 1 1 2 0 1 0 NA 0 0 1
"725" 873 427 27012 30677 0 1 12.03 NA NA NA NA 19.52 23.46 0.96 1 1 2 0 1 0 1 0 1 1
"726" 874 5053 14359 18024 0 0 5.03 NA NA NA NA 6.77 23.96 0.96 1 0 2 1 0 0 1 0 0 1
"727" 875 109 19455 23119 0 0 5.99 NA NA NA NA 6.8 22.46 0.87 1 1 2 0 1 0 1 0 0 1
"728" 876 267 14165 17829 0 0 5.37 NA NA NA NA 3.1 23.12 0.91 1 0 2 0 1 0 1 0 0 1
"729" 879 21879 12870 16534 0 0 5.48 NA NA NA NA 9.57 27.46 0.99 1 1 1 0 0 0 1 1 0 1
"730" 880 5044 14232 17890 0 0 5.08 4.22 0.72 0.77 3.12 2.9 23.72 0.88 1 0 3 1 0 0 1 0 0 0
"731" 881 40 13711 17369 0 0 4.52 2.87 0.78 0.9 1.6 6.74 20.37 0.9 1 0 2 1 0 0 0 0 0 1
"732" 882 336 13914 17572 0 0 4.97 4.68 0.95 0.7 3.53 9.36 26.17 0.8 2 0 2 0 0 0 1 0 0 0
"733" 883 360 19535 23193 0 0 4.97 6.14 0.51 1.15 4.75 7.45 23.34 0.77 2 0 3 1 0 0 0 0 0 1
"734" 884 364 13670 17328 0 0 5.2 3.38 0.72 0.75 2.29 8.07 21.26 0.81 2 0 2 1 1 0 0 0 0 1
"735" 885 40 26030 29527 0 0 4.86 NA NA NA NA NA NA NA 2 NA NA 0 0 0 1 0 0 0
"736" 886 6 29213 31802 0 0 5.14 NA NA NA NA NA 28.69 1.01 1 1 2 0 1 0 1 0 0 0
"737" 887 10 22945 26442 0 0 4.8 NA NA NA NA NA 33.25 0.82 2 0 1 0 1 0 NA NA 0 1
"738" 888 6 30754 33150 1 0 5.99 NA NA NA NA NA NA NA 2 NA NA 0 1 0 1 1 0 1
"739" 889 93 30558 30665 1 1 14.69 NA NA NA NA NA NA NA 1 NA 1 0 1 0 0 0 0 1
"740" 890 43 25178 28640 0 1 8.19 7.51 1.61 1.9 4.86 10.83 26.67 0.86 2 0 2 0 1 0 1 0 0 1
"741" 891 43 22493 25920 0 0 5.2 6.22 1.76 1.07 4.32 9.08 29.56 0.97 1 1 3 0 1 0 1 0 0 0
"742" 893 43 25408 28835 0 0 4.35 9.5 0.93 1.51 7.56 5.66 20.44 0.83 2 0 2 0 0 0 1 1 0 1
"743" 894 43 15789 19206 0 0 4.8 6.38 0.84 1.53 4.46 6.12 21.13 0.84 1 0 3 1 0 0 1 0 0 0
"744" 895 43 14991 18408 0 0 4.75 4.26 0.57 1.79 2.2 3.5 22.14 0.67 2 0 2 0 1 0 1 0 0 1
"745" 896 43 18152 21569 0 0 5.03 5.02 1.92 1.18 2.94 17.78 28.33 0.91 2 0 2 0 1 0 1 0 0 0
"746" 900 43 20594 23993 0 0 5.42 5.21 1.37 2.13 2.44 3.53 20.24 0.8 2 1 2 0 1 0 1 1 0 1
"747" 901 44 29601 31591 1 1 11.36 NA NA NA NA NA 24.98 0.88 2 0 1 0 1 1 0 0 0 0
"748" 903 143 19590 22986 0 0 5.14 7.25 2.47 1.27 4.81 10.56 27.14 0.95 1 1 3 0 1 0 1 1 0 0
"749" 904 44 23543 26939 0 0 4.8 6.54 1.34 1.32 4.59 7.3 28.2 0.86 2 1 2 1 0 1 1 0 0 NA
"750" 905 48 17669 21065 0 0 5.08 6.29 1.27 1.75 3.95 5.91 25.21 0.99 1 1 2 1 1 0 1 0 1 1
"751" 907 3 14716 18105 0 0 5.03 6.6 1 1.58 4.55 9.9 24.84 0.79 2 0 2 0 1 0 1 1 0 1
"752" 909 44 30827 34216 0 0 5.42 NA NA NA NA NA 20.91 0.85 1 1 2 1 0 0 0 1 0 NA
"753" 910 48 18552 21937 0 0 4.92 7.11 1.17 2.16 4.4 7.4 25 0.79 2 1 2 0 1 0 1 0 1 1
"754" 912 48 28560 31945 0 1 6.67 4.98 2.67 0.94 2.78 23.26 26.71 0.75 2 0 2 0 1 1 1 0 0 NA
"755" 914 48 28327 30895 0 1 3.96 NA NA NA NA NA 30.28 0.95 1 0 1 1 1 0 1 0 0 0
"756" 917 44 13298 16680 0 0 4.92 5.61 0.78 1.64 3.61 5.36 23.32 0.77 2 0 2 0 1 0 1 0 0 1
"757" 918 44 15994 19376 0 0 5.25 6.89 1.86 1.34 4.68 13.22 26.87 1 1 1 2 1 0 1 1 0 0 1
"758" 923 93 21620 24998 0 1 10.06 5.3 3.74 1.2 2.34 20.32 38.08 1.02 1 1 2 0 1 0 0 1 0 1
"759" 924 44 25764 29142 0 0 6.89 5.57 1.08 1.37 3.69 11.58 26 0.95 1 1 2 0 1 0 NA 0 0 0
"760" 925 11 30230 32664 0 1 9.55 NA NA NA NA 23.6 33.59 NA 2 NA 1 1 0 0 1 0 0 1
"761" 926 11 28322 30098 1 1 10.23 NA NA NA NA NA 21.63 0.6 1 NA 2 1 0 0 1 0 0 1
"762" 927 93 25450 28825 0 1 8.36 6.91 1.9 0.98 5.04 NA 31.43 0.91 2 0 3 0 1 0 0 1 0 1
"763" 928 42 24898 28273 0 0 5.48 8.44 2.44 1.04 6.26 14.67 21.8 0.8 2 0 2 0 1 0 1 0 0 0
"764" 929 42 14265 17640 0 0 5.82 6.93 1 1.39 5.07 8.58 24.17 0.81 2 1 2 1 1 0 1 0 0 1
"765" 931 39 12825 16193 0 0 4.35 3.81 0.73 1.68 1.79 6.91 18.82 0.75 2 1 3 1 1 0 1 0 0 0
"766" 932 387 14778 18146 0 1 6.38 6.86 1.88 1.21 4.76 6.72 24.39 0.83 2 0 2 0 1 0 1 0 0 0
"767" 933 387 14778 18146 0 1 7.18 7.71 2.42 0.85 5.73 9.65 27.43 0.87 2 1 3 0 1 0 1 0 0 0
"768" 934 3 23970 27338 0 0 5.37 6.65 1 1.54 4.64 7.95 23.05 0.86 2 0 2 1 0 0 1 0 0 1
"769" 935 84 33705 34751 1 0 4.46 NA NA NA NA NA NA NA 1 NA NA 1 0 0 0 0 0 0
"770" 938 82 18618 21982 0 0 4.69 7.01 1.38 1.11 5.25 3.89 25.18 0.98 1 1 3 1 0 0 0 0 0 1
"771" 939 11 18141 21505 0 0 4.18 5.91 0.65 1.39 4.21 7.84 23.05 0.84 2 0 2 1 0 1 0 0 0 1
"772" 940 39 18508 21872 0 0 5.25 5.48 0.89 2.06 3 9.58 23.45 0.76 2 0 2 1 1 0 0 0 0 1
"773" 941 24 30057 33418 0 1 8.19 6.17 2.51 0.78 4.21 19.43 27.82 0.77 2 0 2 1 0 1 1 0 0 0
"774" 942 24 26479 29840 0 0 4.86 5.61 2.51 0.75 3.68 9.44 24.77 0.93 2 0 1 1 0 1 0 0 0 1
"775" 946 23 16148 19504 0 0 5.2 NA NA NA NA NA 24.69 0.75 2 0 2 1 0 0 1 0 0 0
"776" 947 23 27984 28146 0 1 NA NA NA NA NA NA 23.51 0.88 2 0 1 1 0 0 1 0 0 0
"777" 950 88 17449 20799 0 1 6.95 7.88 2.95 0.89 5.61 16.96 40.09 1.08 1 1 2 1 1 0 1 0 0 0
"778" 953 40 20783 24132 0 0 4.75 5.66 1.13 2.01 3.12 5.32 22.68 0.69 2 0 2 0 1 0 1 0 0 1
"779" 954 40 12814 16162 0 0 4.52 4.69 0.62 1.62 2.78 4.22 16.85 1.31 2 0 2 0 1 0 1 0 0 1
"780" 955 40 32840 34389 1 0 5.31 NA NA NA NA NA 17.69 NA 2 0 2 0 1 0 1 0 0 1
"781" 957 84 21198 24545 0 0 4.01 NA NA NA NA NA 23.39 0.86 2 0 2 1 0 0 1 0 0 0
"782" 963 3 23221 26564 0 0 5.03 6.56 3.84 1.05 3.71 15.54 28.37 0.92 2 0 1 1 0 0 1 0 0 0
"783" 965 23 15851 19553 0 0 4.52 NA NA NA NA 4.74 25.38 0.89 1 0 2 0 1 0 1 0 0 1
"784" 966 3 17140 20476 0 0 4.69 7.09 1.88 0.99 5.22 10.78 22.76 0.83 2 0 2 0 1 0 1 0 0 1
"785" 967 3 18363 21699 0 0 5.59 5.01 1.29 1.1 3.31 14.98 26.93 0.96 1 0 2 0 1 0 1 0 0 1
"786" 968 12 28906 29638 0 1 5.76 NA NA NA NA NA 25.01 0.98 1 1 3 1 1 0 0 0 0 1
"787" 969 43 14598 17930 0 0 4.12 5.73 0.97 NA NA 3.2 22.79 0.91 1 0 2 0 0 0 1 0 0 0
"788" 973 48 18881 22213 0 0 6.5 5.67 2.66 0.94 3.47 20.64 30.04 1.01 1 0 NA 1 1 1 1 0 0 NA
"789" 974 48 17154 20483 0 0 4.58 4.65 1.62 1.04 2.85 6.88 27.72 0.92 1 0 2 1 1 0 1 0 0 1
"790" 977 48 15088 18417 0 0 4.35 5.26 1.01 1.05 3.74 13.01 23.88 0.97 1 0 1 0 0 0 NA 0 0 0
"791" 978 20 22103 25428 0 0 4.07 4.57 0.97 1.85 2.26 12.21 19.1 0.73 2 0 3 0 1 0 1 0 0 1
"792" 979 13 29796 33121 0 1 6.89 5.24 2.64 0.78 3.22 NA 23.66 0.98 1 1 2 1 1 0 1 0 0 0
"793" 980 93 17672 20997 0 0 4.18 4.71 1.14 1.08 3.09 13.54 26.06 0.95 1 0 2 1 1 0 0 1 0 1
"794" 981 93 14734 18059 0 0 4.41 6.42 1.52 1.4 4.3 NA 24.39 0.76 2 0 2 1 1 0 0 0 1 1
"795" 982 43 25668 27315 0 0 4.8 6.62 0.79 2.14 4.11 4.78 24.46 0.84 2 NA 3 1 1 0 0 0 0 0
"796" 983 3 16178 19500 0 0 4.63 5.5 1.68 1.27 3.44 16.76 26.35 0.84 2 0 2 0 1 0 1 0 0 1
"797" 984 3 18161 21483 0 0 5.08 5.76 3.59 0.99 3.08 46.8 35.1 1.03 1 1 2 0 1 0 0 0 0 1
"798" 985 40 21080 24398 0 0 5.2 5.2 1.9 0.86 3.45 29.22 33.88 0.95 1 0 2 0 1 1 1 0 0 1
"799" 986 42 26148 29466 0 0 4.41 5.54 1.7 1.04 3.7 13.62 25.28 0.87 2 0 2 0 1 0 0 0 0 1
"800" 987 42 18114 21023 0 0 5.59 6.51 2.06 1.03 4.51 10.1 26.5 0.82 2 0 2 0 0 1 1 0 0 0
"801" 988 44 14062 14464 0 1 8.19 6.3 3.72 0.8 3.75 NA 33.95 1 2 0 2 0 1 0 1 0 0 1
"802" 991 105 15958 19262 0 0 5.48 6.71 1.9 1.01 4.8 9.44 31.25 0.95 1 0 3 1 1 0 1 1 0 1
"803" 992 93 13960 17264 0 0 4.69 4.62 1.47 0.96 2.97 10.5 24.72 0.9 1 0 2 0 1 0 0 0 0 0
"804" 993 42 28968 32272 0 0 6.67 5.56 2.68 0.81 3.49 15.94 27.17 1 1 1 2 0 1 0 1 0 0 1
"805" 996 42 15997 19298 0 1 7.74 3.94 0.7 1.05 2.56 17.9 25.59 0.87 2 0 2 1 0 0 1 0 0 1
"806" 997 105 14431 17732 0 0 5.08 5.84 0.88 1.42 4 9.98 28.23 0.83 2 0 2 NA NA NA 1 1 0 1
"807" 998 42 15891 19188 0 0 4.35 5.26 0.81 1.23 3.65 2.18 25.1 0.88 1 0 3 NA NA NA 0 0 0 1
"808" 1000 93 18319 21616 0 0 4.63 6.21 0.71 1.07 4.81 7.16 27.43 0.87 1 0 2 NA NA NA 1 0 0 1
"809" 1002 3 28000 31290 0 0 6.16 6.53 3.45 0.92 3.99 19.4 27.1 0.89 2 0 2 NA NA NA 1 0 0 1
"810" 1003 350 18303 21593 0 0 4.97 5.39 1.67 1.12 3.49 8.6 23.05 0.78 2 0 3 NA NA NA 1 0 0 0
"811" 1005 18 17776 21049 0 0 4.86 5.38 0.79 1.48 3.53 7.42 28.09 0.96 1 0 2 1 1 0 0 0 0 1
"812" 1006 23 16412 19685 0 0 5.03 3.91 0.83 1.12 2.4 2.64 19.6 0.77 2 0 2 1 0 0 1 0 0 1
"813" 1007 18 18650 21951 0 0 4.69 4.26 1.56 0.86 2.67 9.62 25.71 0.86 2 0 2 1 0 0 0 0 0 0
"814" 1009 3 14717 17986 0 0 5.59 5.62 1.33 1.27 3.72 5.23 24.54 0.9 1 0 3 1 1 0 0 1 0 1
"815" 1010 44 13576 16845 0 0 5.93 5.46 3.23 1.11 2.83 12.07 27.89 0.84 2 0 2 1 1 0 1 0 0 1
"816" 1012 123 22209 25475 0 0 5.48 6.29 3.3 0.9 3.84 20.8 32.11 1.05 1 NA NA 0 0 0 1 0 1 1
"817" 1013 18 21748 25014 0 0 4.92 6.24 1.09 1.54 4.19 3.85 23.42 0.9 1 NA NA 1 1 0 0 0 0 1
"818" 1014 20 22681 25947 0 0 5.31 6.27 1.51 1.46 4.11 11.15 26.22 0.83 2 NA NA 0 1 0 1 0 0 0
"819" 1015 3 20267 23533 0 0 4.69 4.88 2.12 0.88 3.01 21.81 26.81 1.07 1 NA NA 0 1 0 1 1 0 1
"820" 1016 44 16540 19802 0 0 4.18 4.38 0.8 1.55 2.45 2 21.22 0.76 2 0 2 1 0 0 1 0 0 1
"821" 1017 3 25123 28382 0 0 5.42 7 1.62 1.18 5.06 8.79 23.83 0.86 2 0 1 1 1 0 0 0 0 1
"822" 1018 361 14974 18233 0 0 4.69 3.65 0.73 1.34 1.97 7.42 23.34 0.79 2 0 2 0 0 NA 0 0 0 1
"823" 1019 18 14533 17792 0 0 6.16 5.18 0.97 1.04 3.69 1.82 22.38 0.72 2 0 2 1 1 0 0 0 0 1
"824" 1020 18 28109 31368 0 0 6.16 5.84 1.63 1.06 4.01 11.95 29.3 0.83 2 0 1 0 0 0 1 0 0 0
"825" 1021 98 24183 27441 0 0 4.46 4.35 1.04 0.86 3.01 2.57 25.18 1.11 1 1 2 1 1 0 1 1 0 1
"826" 1022 350 20180 23438 0 0 4.52 5.99 1.39 1.15 4.18 1.88 22.94 0.86 2 1 2 0 1 0 1 0 0 1
"827" 1023 43 27619 30871 0 0 4.69 6.82 1.31 0.93 5.27 3.5 22.91 0.88 1 1 3 1 1 0 NA 0 0 0
"828" 1024 43 26616 29868 0 0 4.63 4.86 0.78 1.84 2.65 6.22 23.63 0.85 2 0 3 1 1 0 0 0 0 0
"829" 1025 3 18174 21415 0 0 5.31 6.97 1.8 1.21 4.92 9.48 25.8 0.96 1 1 2 1 1 0 0 1 0 NA
"830" 1026 3 20301 23323 0 1 8.59 NA NA NA NA NA 33.3 1.01 2 NA NA 0 0 0 0 1 0 1
"831" 1027 50 18276 21461 0 0 4.41 4.77 0.65 1.47 3 4.55 25.34 0.72 2 NA NA 1 1 0 0 0 0 0
"832" 1028 50 20209 23426 0 0 5.42 4.04 0.81 0.9 2.76 10.2 29.04 0.97 1 NA NA 1 0 0 0 0 0 0
"834" 1033 13 26265 29454 0 0 5.2 6.05 1.03 0.98 4.59 3.95 24.89 0.98 1 0 2 1 1 0 1 0 0 0
"835" 1035 230 15076 18236 0 0 4.97 3.67 0.65 1.23 2.14 4.28 24.56 0.77 2 0 NA 1 1 0 1 0 0 1
"836" 1036 230 16846 20035 0 1 6.84 5.09 1.44 0.95 3.46 6.56 26.42 0.92 1 0 2 0 1 0 0 0 0 1
"837" 1039 50 18529 21714 0 0 5.2 5.57 1.8 1.03 3.7 7.53 28.34 0.87 2 1 2 1 1 0 1 0 0 1
"838" 1041 43 17565 20715 0 0 5.65 NA NA NA NA 5.59 22.99 0.82 2 0 3 0 1 0 1 0 0 0
"839" 1042 26 18951 22101 0 1 7.68 NA NA NA NA NA 31.6 1.05 1 1 2 1 0 0 NA 1 0 1
"840" 1046 50 15110 18243 0 0 5.48 6.01 1.41 1.44 3.9 9.75 28.41 0.95 1 0 2 1 1 0 1 0 0 1
"841" 1048 3 18901 22030 0 0 5.65 5.82 2.36 1.64 3.07 6.68 26.89 0.82 2 0 1 0 1 0 1 0 0 1
"842" 1049 42 18331 21460 0 0 6.16 5.64 1.1 1.53 3.59 8.31 32.6 0.83 2 0 2 0 1 0 1 0 0 1
"843" 1050 43 13422 16551 0 0 5.48 6.23 0.7 1.75 4.15 3.4 23.84 0.81 1 0 3 1 0 0 1 1 0 1
"844" 1054 23 14904 18026 0 0 4.63 3.31 0.89 1.47 1.42 2 23.51 0.83 2 0 2 0 1 0 1 0 0 1
"845" 1055 29 31078 31267 1 1 12.66 NA NA NA NA NA 24.11 1 1 0 2 0 1 1 0 0 0 0
"846" 1057 12 25914 29026 0 1 7.85 NA NA NA NA NA 29.41 1.02 1 1 2 0 1 0 0 0 1 1
"847" 1058 13 17890 21002 0 0 4.86 NA NA NA NA NA 30.86 1.04 2 0 2 0 1 1 1 0 0 0
"848" 1060 40 25246 28354 0 0 6.22 6.95 1.61 1.55 4.64 3.62 23.53 0.83 2 0 2 1 0 0 1 1 0 0
"849" 1061 230 15308 18416 0 1 9.04 6.67 1.9 1.25 4.52 12.56 28.03 0.91 2 0 2 1 1 0 NA 0 0 1
"850" 1062 32 25136 28244 0 0 5.71 8.82 1.85 1.35 6.6 1.49 21.56 0.83 2 0 2 0 1 0 1 0 0 1
"851" 1063 20 21875 24450 0 1 7.12 NA NA NA NA NA 28.41 1.01 1 1 2 NA NA NA 0 0 0 1
"852" 1064 20 30759 31330 0 1 6.44 NA NA NA NA NA 23.85 0.94 1 1 1 0 0 0 1 0 0 1
"853" 1065 335 22022 25124 0 1 5.2 NA NA NA NA NA 34.25 NA 2 1 2 1 1 0 1 0 1 0
"854" 1066 82 30272 33373 0 0 4.97 NA NA NA NA NA 20.52 0.94 1 1 2 1 0 0 0 0 0 1
"855" 1067 29 21387 24483 0 0 5.88 5.57 0.65 1.97 3.29 NA 24.9 0.88 1 1 2 1 0 0 NA 1 0 1
"856" 1068 250 27018 27033 1 1 10.96 NA NA NA NA NA 30.86 NA 2 0 1 1 1 0 1 0 1 0
"857" 1069 58 27782 27896 1 1 14.69 NA NA NA NA NA 31.07 NA 1 NA 2 1 1 0 0 0 0 1
"858" 1071 237 21825 24909 0 0 6.22 6.52 1.4 1.35 4.51 12 31.57 0.87 2 0 2 0 1 0 0 0 0 1
"859" 1072 58 27022 27586 1 0 5.25 9.21 4.64 1.07 NA 18.22 30.39 0.85 2 0 1 1 1 0 0 1 1 1
"860" 1073 271 26317 28825 0 0 4.86 7.1 1.27 1.46 5.04 6.91 25.76 0.95 1 1 2 0 0 0 1 1 0 0
"861" 1074 216 26215 29299 0 0 5.54 6.02 1.53 1.41 3.89 6.3 22.6 0.88 1 1 2 0 1 0 NA 0 0 0
"862" 1075 44 17634 20718 0 0 5.54 6.45 1.42 1.35 4.44 3.88 26.06 0.94 1 1 2 0 0 0 1 0 0 0
"863" 1077 94 23837 26917 0 0 4.12 5.87 1.58 1.32 3.81 6.44 25.9 0.85 2 0 2 1 0 0 NA 0 1 1
"864" 1078 24 26502 29559 1 0 5.31 7.55 3.88 1.24 4.48 17.39 32.98 0.84 2 0 2 1 1 0 1 0 0 1
"865" 1079 183 27719 30796 0 1 7.12 5.35 3.25 1.07 2.75 13.19 25.86 1 1 0 2 1 1 0 1 0 0 1
"866" 1080 183 26286 28261 0 1 15.48 6.44 2.62 1.3 3.91 10.18 23.36 1.03 1 1 2 1 1 0 1 0 0 0
"867" 1081 183 28281 29499 0 1 5.42 NA NA NA NA NA NA NA 2 0 1 1 1 0 1 0 0 1
"868" 1082 187 28030 31077 0 0 5.31 5.83 1.55 1.2 3.9 NA 28.12 0.88 2 0 2 0 1 0 1 0 0 1
"869" 1083 3 19140 22210 0 0 5.37 5.77 1.05 1.49 3.79 5.52 22.94 0.9 1 1 2 0 1 0 1 1 0 1
"870" 1084 270 26181 29168 0 0 5.2 NA NA NA NA NA 25.52 0.94 1 1 2 0 0 0 NA 0 0 0
"871" 1085 141 24372 27438 0 0 5.14 6.12 2.72 0.86 3.98 10.18 33.27 0.82 2 0 2 1 0 0 1 0 0 1
"872" 1086 42 17497 20556 0 0 4.29 6.73 0.95 1.38 4.9 4.75 26.87 0.86 1 1 2 1 1 0 1 0 0 1
"873" 1088 29 19675 22713 0 0 4.35 6.88 1.7 1.54 4.54 4.01 27.72 0.88 2 0 3 0 1 0 0 1 0 0
"874" 1089 29 21143 24046 1 0 5.2 9.7 2.08 1.43 7.29 5.95 26.37 0.8 2 1 3 0 1 0 1 1 0 NA
"875" 1090 64 15670 18717 0 0 5.37 5.53 1.53 1.12 3.69 NA 27.77 NA 1 0 2 1 0 0 1 0 0 1
"876" 1091 357 20955 23993 0 0 5.31 5.83 1.9 1.19 3.75 8.88 27.41 0.99 1 1 3 1 0 0 1 0 0 1
"877" 1092 3 22711 25746 0 0 5.65 6.05 1.78 1.32 3.89 20.07 24.68 0.81 2 0 1 1 1 0 1 0 0 0
"878" 1093 271 23672 26707 0 0 4.97 8.78 2.27 1.56 6.15 7.54 24.84 0.89 2 0 3 1 1 0 0 0 0 0
"879" 1094 77 27100 28104 1 1 9.15 NA NA NA NA NA 27.17 1.01 1 0 2 0 0 0 0 0 0 0
"880" 1095 29 17530 20561 0 0 4.41 6.28 1.44 1.61 4 5.7 23.94 0.73 2 0 2 0 1 0 1 1 0 1
"881" 1097 356 18115 21136 0 0 4.86 5.5 1.33 1.64 3.23 7.4 33.19 0.86 2 1 2 0 1 1 1 0 0 1
"882" 1100 18 25187 28208 0 0 4.52 6.39 3.17 1.24 3.66 11.05 28.73 1.02 1 0 2 1 1 0 0 0 0 NA
"883" 1103 87 29786 30761 1 1 7.51 7.1 1.97 1.24 4.94 43.92 25.72 NA 1 0 1 0 1 1 0 1 0 NA
"884" 1104 93 23884 26176 0 0 5.99 6.84 2.14 0.96 4.88 23.76 29.41 NA 1 NA 2 1 0 0 1 1 0 1
"885" 1105 40 29546 31075 1 0 4.18 5.18 1.26 1.72 2.87 18.44 22.96 NA 2 0 2 0 1 0 1 0 0 0
"886" 1106 358 30661 33653 1 1 9.49 NA NA NA NA NA 33.28 0.91 2 0 2 1 0 0 1 1 0 NA
"887" 1107 206 30375 30797 1 1 7.57 NA NA NA NA NA 22.49 NA 1 0 2 0 1 0 1 0 0 1
"888" 1108 40 25841 27366 0 0 4.63 7.45 1.41 1.45 5.33 NA 24.91 0.83 2 0 2 0 0 0 1 0 0 1
"889" 1110 207 23463 26446 0 1 15.48 3.89 1.87 1.1 1.91 38.51 28.6 NA 1 1 1 0 1 0 1 0 0 0
"890" 1111 207 26789 29772 0 1 13.45 5.41 1.74 1.08 3.52 13.98 25.26 NA 1 0 1 0 0 0 1 0 0 1
"891" 1112 5052 29264 32242 0 1 5.42 6 1.66 1.07 4.15 14.48 22.68 0.93 2 0 2 0 1 0 1 0 0 0
"893" 1114 5045 24588 27556 0 1 7.8 6.23 1.9 0.69 4.65 10.67 28.98 0.91 1 0 2 1 0 0 1 0 1 0
"894" 1115 207 21451 24419 0 1 9.6 4.7 1.57 0.67 3.29 21.55 36.85 1.05 1 0 2 0 0 0 NA 0 0 1
"895" 1116 207 27267 30235 0 1 11.75 6.35 2.58 0.88 4.26 10.75 25.96 0.8 2 0 2 0 1 0 1 0 0 1
"896" 1117 209 13302 16267 0 0 6.1 4.45 1.86 1.18 2.39 11.97 29 0.81 2 1 2 0 1 0 1 0 0 0
"897" 1118 209 16139 19104 0 1 8.81 6.46 2.27 0.8 4.59 10.43 25 0.83 2 1 3 0 1 0 1 0 0 1
"898" 1119 373 28407 31372 0 1 7.23 7.08 2.22 0.88 5.16 9.2 29.69 1 2 0 2 0 0 0 0 0 0 1
"899" 1120 373 24366 27331 0 1 7.57 4.27 1.45 0.91 2.68 13.13 24.78 0.9 2 0 2 0 0 0 NA 0 0 1
"900" 1121 206 31093 34058 0 1 8.59 6.29 1.37 0.87 4.78 19.76 19.49 0.73 2 0 2 1 1 0 1 1 0 1
"901" 1122 374 28190 31151 0 1 11.3 6.64 3.06 0.72 4.48 19.75 28.13 0.93 2 0 2 1 1 0 1 0 0 0
"902" 1123 374 26150 29111 0 1 15.26 6.34 2.64 0.7 4.4 13.48 27.73 0.9 2 0 2 1 1 NA NA 0 0 0
"903" 1124 374 28189 31150 0 1 6.89 7.05 1.87 1.05 5.12 14.83 26.84 1 2 0 2 1 1 0 1 0 0 0
"904" 1125 382 20127 23085 0 1 10.74 6.02 1.24 1.26 4.18 11.38 27.94 0.87 2 0 2 1 1 0 0 NA 0 1
"905" 1126 382 18419 21377 0 1 7.12 7.19 1.57 NA NA 9.1 26.81 0.84 2 0 3 0 1 0 0 0 0 0
"906" 1127 29 17610 20561 0 0 13.56 6.51 1.46 1.3 4.52 23.62 21.8 0.78 2 0 2 0 1 0 0 1 0 1
"907" 1130 202 25779 28733 0 1 8.25 5.44 2.42 0.82 3.49 12.94 39.11 0.85 2 0 2 1 1 0 1 0 0 0
"908" 1131 202 30025 31374 0 1 8.36 2.82 1.25 1.11 1.12 6.12 23.44 0.98 1 0 2 1 1 0 1 0 0 0
"909" 1132 23 25771 28722 0 1 11.64 6.3 1.55 1.46 4.11 29.87 39.35 1 2 0 3 1 0 0 NA 0 0 1
"910" 1133 5052 18137 21088 0 1 10.06 5.95 1.9 1.04 4.02 24.56 27.73 0.93 1 0 2 0 1 0 1 1 0 0
"911" 1134 209 23214 24877 0 1 9.94 6.77 2.73 0.65 4.84 12.57 27.77 1 1 1 3 1 1 0 1 0 0 1
"912" 1135 372 26947 29897 0 1 5.08 4.55 1.66 0.83 2.94 12.81 28.23 1.06 1 0 3 0 1 0 1 0 0 1
"913" 1137 146 20391 23338 0 1 10.17 5.46 3.42 0.84 3.01 46.87 35.01 1.03 2 1 2 1 0 0 1 0 0 NA
"914" 1138 18 13754 16701 0 0 5.76 4.96 1.45 1.28 2.99 18.6 22.79 0.81 1 0 2 1 1 0 1 0 0 1
"915" 1139 372 29737 30653 0 1 6.1 6.3 1.76 1.04 4.43 13.2 27.34 0.95 2 0 2 0 1 0 1 1 0 1
"916" 1141 18 14346 17283 0 0 9.04 3.57 0.78 1.1 2.1 14.71 23.57 0.9 1 0 3 1 1 0 1 0 0 1
"917" 1142 5039 26940 28208 0 1 10.62 7.07 1.52 0.81 5.54 9.88 24.24 0.87 2 0 2 1 0 0 0 1 0 0
"918" 1143 381 15225 18162 0 1 6.89 7.43 2.27 0.78 5.59 13.27 32.36 1 1 0 2 1 1 0 NA 0 0 1
"919" 1144 125 14714 17647 0 0 10.28 3.24 1.02 0.97 1.79 30.16 20.6 0.81 1 1 3 1 0 0 0 1 0 1
"920" 1145 381 20038 22971 0 1 5.31 NA NA NA NA NA 37.11 NA 2 0 2 0 1 0 0 0 0 1
"921" 1146 22146 27032 29965 0 1 13.67 5.3 1.38 NA NA 13.36 23.44 0.81 2 0 1 1 0 0 1 0 0 1
"922" 1147 22147 31745 34177 1 1 9.94 6.73 1.92 1.02 4.81 17.82 20.55 0.92 2 0 1 1 0 0 1 0 1 1
"923" 1148 5040 28299 31229 0 1 10.28 6.55 1.67 1.01 4.75 13.04 28.98 0.88 2 1 2 1 1 0 0 0 0 0
"924" 1149 5038 22259 25189 0 1 13.79 6.02 2 0.87 4.21 100.69 26.3 1.04 2 1 2 0 1 0 1 0 0 1
"925" 1150 368 25804 26915 1 1 10.17 5.46 1.97 1.02 3.51 14.36 27.45 0.97 1 1 2 0 1 0 1 0 0 0
"926" 1152 146 21087 23999 0 1 7.12 8.01 5.79 0.86 NA 26.14 30.12 0.97 1 0 2 1 0 0 1 0 0 0
"927" 1153 383 27710 30331 1 1 7.68 7.59 2.41 0.84 5.62 27.29 31.77 1.04 1 1 1 1 1 0 1 0 0 1
"928" 1154 383 26727 29639 0 1 6.55 8.05 2.61 0.89 5.93 10.2 28.4 0.93 2 0 1 0 1 0 0 NA 1 1
"929" 1155 125 13479 16381 0 0 6.44 5.99 1.08 1.69 3.79 36.27 25.06 0.78 2 0 3 1 1 0 0 0 0 1
"930" 1156 371 23855 26749 0 1 20.34 NA NA NA NA 6.06 29.03 1 1 0 2 0 1 0 0 0 0 1
"931" 1157 64 27125 30002 0 0 5.42 8.12 2.01 1.06 6.11 8.33 23.36 0.97 1 1 2 1 0 0 NA 1 0 0
"932" 1158 323 17198 20075 0 1 12.2 4.88 1.13 1.24 3.11 4.59 22.64 0.91 1 1 2 0 1 0 NA 0 0 1
"933" 1159 443 26360 29237 0 1 5.08 4.88 2.06 0.75 3.17 32.29 26.78 0.98 1 1 2 0 1 0 1 0 1 1
"934" 1160 392 23112 25989 0 1 10.85 8.58 5.75 1.72 NA 15.47 31.99 1.02 2 1 2 1 1 0 1 0 0 0
"935" 1161 5110 24095 26165 0 NA 6.1 6.23 2.08 1.18 4.07 NA 21.51 0.84 2 0 1 1 0 0 1 0 0 0
"936" 1164 90 23927 26779 0 1 8.76 NA NA NA NA NA 24.39 0.87 2 0 2 0 0 0 1 0 0 0
"937" 1165 90 26551 26951 1 1 7.12 7.49 1.72 1.04 5.64 11.38 27.25 0.91 2 0 2 0 1 0 1 0 0 1
"938" 1166 5068 21535 24374 0 0 4.52 4.51 0.52 1.44 2.83 5.46 26.3 0.9 1 0 3 0 1 0 1 1 0 1
"939" 1168 48 12995 15834 0 0 11.02 6.44 0.79 1.28 4.79 12.54 25.98 0.97 2 0 2 0 0 0 0 0 0 0
"940" 1169 210 28994 31833 0 0 5.37 6.11 1.58 1.07 4.29 7.54 NA NA 1 0 NA 0 0 0 NA 1 0 1
"941" 1170 5051 17867 20430 0 0 6.61 NA NA NA NA 12.48 31.16 0.92 2 0 2 1 1 0 1 0 0 NA
"942" 1171 3 16815 19626 0 0 5.37 5.52 1.24 1.12 3.82 6.72 23.89 0.88 1 1 2 0 0 0 1 0 0 1
"943" 1172 3 25072 27880 0 0 4.69 5.4 0.73 1.73 3.33 5.03 21.48 0.87 2 0 2 1 0 0 0 0 0 0
"944" 1173 100 27487 30295 0 1 13.22 4.65 0.83 0.98 3.28 41.5 27.98 1 1 1 2 1 1 0 0 0 0 0
"945" 1174 146 29501 29996 1 1 8.02 NA NA NA NA NA 21.56 NA 2 0 1 1 0 0 1 0 0 1
"946" 1175 135 24489 25296 0 1 8.14 NA NA NA NA NA 28.09 1.05 1 1 2 1 0 0 1 0 0 1
"947" 1176 23 25969 28749 0 1 7.8 3.62 2.7 0.83 1.52 13.48 23.04 0.94 1 1 2 1 0 0 1 0 0 1
"948" 1177 357 21648 24421 0 1 8.76 5.59 0.79 2.01 3.21 6.9 21.15 0.89 2 0 2 1 1 NA 1 0 0 NA
"950" 1180 84 22954 25721 0 0 5.08 6.55 1.12 1.4 4.63 3.63 19.43 0.79 2 1 2 1 0 0 1 0 0 0
"951" 1181 84 23381 26148 0 0 5.25 6.67 1.3 1.3 4.76 6.7 25.73 0.94 1 1 2 0 0 0 1 0 0 1
"952" 1185 109 24683 26904 0 0 5.42 NA NA NA NA NA 22.82 0.78 1 1 NA 0 1 0 0 1 0 1
"953" 1186 109 22485 25247 0 0 5.54 6.31 1.28 1.53 4.18 10.92 25.78 0.9 2 0 2 1 0 0 0 0 0 0
"955" 1190 42 26059 28796 0 0 5.37 7.26 1.47 1.34 5.23 6.04 28.12 0.92 2 0 2 0 1 0 1 1 0 1
"956" 1191 187 23581 26304 0 0 4.41 6.04 1.12 1.19 4.32 16.25 29.73 1.05 1 1 2 0 0 0 1 0 0 1
"957" 1192 98 15729 18449 0 1 9.15 8.2 1.8 0.98 6.38 3.19 24.44 0.9 1 0 2 0 1 0 NA 0 0 0
"958" 1194 98 12849 15569 0 0 4.75 4.41 0.85 1.01 3 5.24 27.06 0.82 2 0 2 0 0 0 1 0 0 0
"959" 1195 377 24251 26971 0 0 5.59 8.26 2.42 1.01 6.11 9.15 31.2 0.98 2 0 2 0 1 NA NA NA 0 NA
"960" 1199 98 23996 26702 0 0 5.59 6.73 0.98 1.07 5.2 7.32 23.66 0.93 1 1 2 1 0 0 1 1 0 1
"961" 1201 98 23401 26096 0 0 5.54 8.01 2.57 1.23 5.57 9.36 33.59 0.85 2 0 2 1 1 1 1 0 0 0
"962" 1204 98 28594 31289 0 0 4.58 7.78 1.3 1.12 6.05 3.81 27.43 0.9 1 0 2 0 0 0 1 0 0 NA
"963" 1214 40 21512 24141 0 0 5.93 NA NA NA NA 3.5 18.73 0.74 2 1 2 1 1 0 NA NA NA NA
"964" 1215 135 25983 27544 0 NA 6.1 NA NA NA NA NA 24.51 NA 1 NA NA 0 1 0 1 0 0 0
"965" 1216 391 19273 21782 0 NA 5.2 NA NA NA NA NA NA NA 2 NA NA 0 0 0 0 0 0 NA
"966" 1217 417 17063 19572 0 NA 5.54 NA NA NA NA NA NA NA 1 NA NA 0 1 0 0 0 0 1
"967" 1218 415 21980 24486 0 NA 4.75 NA NA NA NA NA NA NA 2 NA NA 0 0 0 1 0 1 1
"968" 1220 364 26936 28067 1 1 8.7 NA NA NA NA NA 29.69 NA 2 0 NA 1 1 0 0 0 0 1
"969" 1221 336 27565 30054 0 0 5.76 NA NA NA NA NA 22.65 NA 1 NA NA 0 1 0 1 0 1 0
"970" 1222 433 24183 26668 0 0 5.88 NA NA NA NA NA NA NA 1 NA NA 1 1 0 NA 1 0 0
"971" 1223 410 29326 31807 0 NA 5.76 NA NA NA NA NA NA NA 2 NA NA 1 1 0 1 0 0 1
"972" 1226 6 21004 23393 0 NA NA 4.45 1.07 1.46 2.49 3.45 22.6 0.82 2 0 3 1 1 0 NA NA 0 1
"973" 1227 667 15577 17818 0 0 4.52 5.8 0.72 1.94 3.53 4.97 25.78 0.75 2 0 3 1 1 0 1 1 0 1
"974" 1228 20 14734 16962 0 0 5.25 4.88 0.86 1.91 2.57 4.59 26.53 0.95 1 1 2 1 1 NA 1 NA NA NA
"975" 1230 135 13223 15423 0 0 4.92 5.88 2.43 0.95 3.79 16.01 23.58 0.9 2 0 2 1 1 0 NA NA NA NA
"976" 1231 5064 19998 22177 0 0 5.93 NA NA NA NA 11.94 32.32 0.91 2 0 2 1 0 0 1 1 0 1
"977" 1232 5064 21881 24060 0 1 13.39 NA NA NA NA 4.08 23.57 0.98 1 0 3 0 1 0 0 0 1 0
"978" 1233 5064 31081 32460 1 0 5.25 NA NA NA NA 4.63 27.61 1.04 1 0 NA 0 1 NA 1 0 0 0
"979" 1234 90 23210 25255 0 1 8.36 NA NA NA NA 15.48 30.47 0.93 2 0 3 0 1 0 NA 0 0 1
"980" 1237 29 19824 21701 0 0 5.3 3.88 0.74 1.37 2.16 9.91 21.27 0.93 1 1 2 1 1 0 NA 0 0 0
"981" 1238 84 23923 25549 0 0 5.45 3.97 0.81 1.12 2.47 6.3 24.16 0.98 1 1 NA 1 0 0 1 0 0 NA
"982" 1239 250 25847 27465 0 1 7.1 NA NA NA NA NA 24.22 1.01 1 1 NA 1 0 0 1 NA 0 1
"983" 1240 250 28243 29861 0 NA 5.5 6.01 1.03 1.76 3.77 8.35 16.16 0.76 2 0 2 1 1 0 1 1 0 1
"984" 1242 350 20465 22070 0 0 5.05 6.22 1.34 1.14 4.45 7.46 23.86 0.96 1 1 2 0 1 0 0 NA 0 1
"985" 1243 350 19945 21550 0 1 18.2 3.72 0.65 1.47 1.95 28.03 24.4 1.01 1 1 2 0 0 0 0 0 0 0
"986" 1244 350 19781 21386 0 0 4.65 6.85 1.01 1.56 4.81 4.34 23.1 0.8 2 0 2 1 0 0 1 0 0 1
"987" 1245 84 14674 16278 0 0 5.35 4.24 1.02 1.31 2.45 6.1 24.42 0.89 1 0 2 0 0 0 1 0 0 0
"988" 1246 84 15479 17083 0 0 5.15 6.14 0.85 1.7 4.04 6.79 20.5 0.83 1 0 2 1 0 0 1 0 0 0
"989" 1248 84 14269 15860 0 0 5.4 NA NA NA NA NA 24.91 0.95 1 1 NA 1 0 0 1 0 0 0
"990" 1249 350 18947 20545 0 0 5.2 5.61 0.69 1.59 3.69 3.99 23.96 0.98 1 0 2 0 1 0 0 0 0 0
"991" 1250 350 16592 18190 0 0 5 5.12 1.38 1.08 3.39 9.52 24.74 0.8 2 0 3 1 0 0 1 0 0 1
"992" 1251 84 13053 14644 0 0 5.55 4.76 1.06 1.34 2.92 5.67 25.39 0.94 1 0 2 NA NA NA 1 0 0 0
"993" 1255 84 13701 15278 0 0 5.2 6.34 0.97 1.44 4.45 5.51 23.66 0.91 1 0 2 1 0 0 1 0 0 0
"994" 1256 250 15799 17376 0 0 5.4 6.15 0.61 1.96 3.9 4.17 26.79 0.81 2 1 3 1 1 0 1 1 0 1
"995" 1258 250 16991 18567 0 0 4.8 6.05 1.13 1.47 4.05 6.87 23.34 0.87 2 0 3 1 1 1 1 0 0 1
"996" 1259 250 17808 19384 0 0 5.75 6.96 2.75 1.22 4.44 15.12 29.17 1.01 2 1 2 1 0 0 1 1 0 0
"997" 1262 377 13924 15453 0 0 5.65 NA NA NA NA NA 33.02 1.05 1 1 2 1 NA NA 0 NA 0 1
"998" 1264 377 14542 16064 0 1 13.9 5.91 2.46 0.85 3.91 NA 28.93 0.94 1 0 2 0 0 0 NA 0 0 1
"999" 1266 350 22353 23713 0 0 5 NA NA NA NA NA 26.1 1.04 1 1 2 NA NA NA NA NA NA NA
"1000" 1267 350 18553 19899 0 0 4.75 NA NA NA NA NA 22.23 1.21 2 1 2 1 0 0 1 0 0 1
"1001" 1269 125 20432 21744 0 0 5.25 5.14 1.3 1.35 3.18 NA 28.34 1.15 2 1 3 0 0 0 0 1 0 1
"1002" 1270 125 16434 17726 0 0 4.85 NA NA NA NA NA 21.3 0.78 2 0 NA 0 1 0 0 0 0 0
"1003" 1274 125 26752 28057 0 0 4.65 6.64 0.91 1.91 4.3 NA 22.29 0.77 2 1 1 1 0 0 1 1 0 0
"1004" 1275 125 17826 19130 0 0 4.4 5.58 1.76 1.22 3.53 NA 26.87 0.83 1 0 2 0 1 0 0 1 0 0
"1005" 1276 125 29890 31194 0 0 4.25 6.3 1.6 1.41 4.14 NA 25.48 0.88 2 0 1 0 0 0 0 1 0 0
"1006" 1278 125 31034 32044 0 0 6.25 4.8 2.23 0.95 2.81 NA 26.96 1.08 1 0 2 1 0 0 0 1 0 0
"1007" 1279 88 18165 19468 0 1 7.1 7.07 3.21 1.07 4.49 NA 31.41 1.11 1 1 NA 1 NA NA NA 0 0 0
"1008" 1280 125 25159 26458 0 0 5.55 4.91 1.5 1.67 2.53 NA 32.44 1.06 2 0 2 1 1 0 1 0 0 1
"1009" 1281 125 25237 26536 0 0 5.1 8.24 2.6 1.42 5.6 NA 22.72 0.96 1 0 2 1 1 NA 0 0 0 0
"1010" 1284 88 24902 26198 0 1 4 5.4 1.1 1.48 3.4 NA 29.69 0.81 2 NA NA 1 1 0 1 1 0 0
"1011" 1285 125 20852 22148 0 0 4.55 6.97 2.19 1.17 4.77 NA 34.38 0.9 2 0 2 1 0 0 0 1 0 0
"1012" 1286 125 25184 26476 0 0 5.35 5.1 1.18 1.82 2.73 NA 26.49 0.85 2 0 1 1 0 0 0 1 0 0
"1013" 1289 125 24391 24589 0 0 4.95 NA NA NA NA NA 25.59 0.91 2 NA NA 1 1 NA 1 0 0 0
"1014" 1290 125 18044 19327 0 0 4.95 6.13 1.5 1.42 4.01 NA 25.16 0.86 2 0 2 0 1 0 1 0 0 NA
"1015" 1292 125 13223 14512 0 0 4.15 4.63 0.68 1.48 2.83 NA 22.49 1.23 2 0 3 1 0 0 0 0 0 1
"1016" 1293 125 16046 17334 0 0 8.25 4.73 1.28 1.97 2.16 NA 19.88 1 2 0 2 1 1 0 1 0 0 NA
"1017" 1294 88 17584 18865 0 0 4.95 5.2 1.16 1.59 3.06 NA 23.83 0.93 1 0 2 1 1 0 1 0 1 1
"1018" 1295 88 16415 17690 0 0 4.55 5.38 0.89 1.88 3.08 NA 19.82 0.82 1 0 2 1 NA NA 1 0 0 1
"1019" 1298 5101 18774 20029 0 1 22 5.61 0.77 1.74 3.51 NA 27.17 0.89 1 0 3 0 1 0 1 0 0 1
"1020" 1299 125 13689 14942 0 0 5.55 4.8 0.8 1.82 2.6 NA 21.36 0.77 2 1 2 1 0 0 1 0 0 0
"1021" 1300 332 15067 16310 0 1 8.05 4.8 1.29 0.94 3.25 NA 38.25 1.09 2 1 2 0 1 0 0 0 0 1
"1022" 1301 5105 21280 22523 0 NA 5.35 7.8 0.69 2.98 4.5 NA 20.71 0.75 2 0 2 NA NA NA 1 0 0 1
"1023" 1302 5107 12914 14150 0 1 8.75 3.8 0.64 1.47 2.03 NA 20.83 0.8 1 0 3 1 1 0 1 0 0 1
"1024" 1303 5098 14563 15799 0 1 11.85 3.9 1.27 1.54 1.77 NA 20.02 0.94 1 1 2 0 0 0 1 0 0 0
"1025" 1304 5106 17573 18807 0 NA 3 4.16 0.52 1.87 2.05 NA 23.7 0.87 1 0 2 1 0 0 1 0 0 1
"1026" 1305 5102 19139 20373 0 0 11.25 4.8 0.93 1.56 2.8 NA 26.3 0.96 1 1 1 0 1 1 1 0 0 1
"1027" 1306 5108 15860 17089 0 1 14.15 5.68 1.39 1.89 3.14 NA 25.98 0.91 2 0 2 0 0 0 1 0 0 0
"1028" 1307 5104 20807 22036 0 1 8.95 4.1 2.24 1.07 1.98 NA 40.48 1.06 1 1 2 0 1 0 1 0 0 0
"1029" 1310 5100 14216 15336 0 0 NA 6.4 0.65 1.85 4.25 NA 21.61 0.87 2 NA 3 0 1 0 1 0 1 0
"1030" 1311 5103 14287 15282 0 1 NA NA NA NA NA NA 23.03 0.82 2 1 3 1 0 0 1 1 0 0
"1031" 1313 421 25988 26618 1 0 4.8 NA NA NA NA NA 30.99 1.05 1 NA 2 0 1 0 0 0 0 1
"1032" 1314 421 18415 19343 0 0 4.45 NA NA NA NA NA 25.27 0.88 2 NA 3 1 1 0 1 0 0 1
"1033" 1318 5068 13576 14109 0 NA NA 5.4 0.94 1.91 3.05 NA NA NA 2 0 3 1 1 0 1 0 0 1
"1034" 1323 5072 17719 17841 0 0 6.35 NA NA NA NA NA 33.08 0.95 1 1 3 1 0 1 1 NA 1 0
"1035" 1324 391 15740 15860 0 0 4.75 NA NA NA NA NA 32.53 1.15 2 0 3 1 0 0 1 NA 0 1
"1036" 1326 5073 26965 27080 0 1 5.5 NA NA NA NA NA 32.04 1 1 0 3 1 NA 0 1 NA 0 1
"1037" 1327 5071 22772 22886 0 1 6.35 NA NA NA NA NA 35.19 0.92 2 0 2 0 1 0 1 NA 0 0
"1038" 1329 5069 26735 26837 0 0 6.4 NA NA NA NA NA 35.16 0.82 2 1 1 0 1 1 0 NA 0 0
"1039" 1332 5083 27247 27347 0 1 6.35 NA NA NA NA NA 27.72 0.97 1 1 2 0 0 0 0 NA 0 0
"1040" 1334 391 14668 14763 0 0 5.6 NA NA NA NA NA 32.15 0.88 2 0 2 0 1 0 1 NA 0 NA
"1041" 1334 391 14668 14763 0 0 5.6 NA NA NA NA NA 32.15 0.88 2 0 2 0 1 0 1 NA 1 NA
"1042" 2000 138 18506 22927 0 0 5.42 5.34 1.47 1.62 3.03 17 32.41 0.84 2 0 1 1 0 0 1 0 1 1
"1043" 2001 588 18954 23374 0 0 5.25 5.75 0.96 2.11 3.19 6 22.05 0.77 2 1 2 1 1 0 1 0 0 0
"1044" 2002 287 15893 20311 0 0 5.99 5.87 2.14 1.22 3.65 11 30.29 0.98 1 0 2 0 1 0 1 0 0 1
"1045" 2003 588 20991 25405 0 0 5.65 7.21 1.06 2.21 4.5 14.5 22.91 0.83 2 0 2 NA NA NA 1 0 0 0
"1046" 2005 308 23601 28014 0 0 5.76 5.09 1.26 1.15 3.35 3 25.15 NA 1 1 2 1 NA NA 1 0 0 1
"1047" 2006 310 15275 19688 0 0 5.2 4.23 1.98 1.98 1.33 3.5 21.75 0.84 2 0 2 0 1 0 1 0 0 0
"1048" 2007 305 27049 28065 0 0 6.27 8.24 2.3 1.28 5.88 15 30.35 0.91 1 1 1 NA NA NA 1 0 0 1
"1049" 2008 277 18909 23320 0 1 6.27 7.9 1.92 1.46 5.54 17 32.7 0.82 2 1 2 1 1 1 NA 0 0 1
"1050" 2009 191 25762 30169 0 0 5.82 7.94 1.83 1.72 5.36 6 28.15 0.97 1 1 2 1 0 0 1 0 0 0
"1051" 2010 310 25723 30127 0 0 5.93 7.36 2.24 1.41 4.9 2 26.57 0.82 1 0 3 0 0 0 1 0 1 1
"1052" 2011 191 14260 18666 0 0 5.71 5.68 1.61 1.49 3.44 4 21.75 0.73 2 1 3 1 0 0 1 0 0 0
"1053" 2012 191 17583 21989 0 0 5.71 6.27 1.2 1.54 4.17 6.5 25.33 0.8 2 0 2 0 0 0 1 0 0 0
"1054" 2013 186 13649 18049 0 0 5.71 5.88 0.88 1.72 3.74 5 26.77 0.9 1 0 2 1 0 0 0 0 1 1
"1055" 2014 187 23199 27598 0 0 5.93 8.3 1.69 1.32 6.19 6 25.77 0.92 1 1 2 1 0 0 1 1 0 1
"1056" 2015 239 26864 31263 0 0 5.42 8.18 1.18 1.6 6.02 9.5 30.28 0.8 2 0 2 0 0 0 0 0 0 0
"1057" 2016 19 27538 31664 0 0 5.54 7.1 1.16 1.33 5.22 15 29.6 0.9 1 0 1 1 0 0 1 0 0 0
"1058" 2017 19 26771 31168 0 0 5.93 6.27 5.28 1.06 NA 29.5 30.12 0.89 2 0 1 0 1 0 1 1 0 0
"1059" 2018 306 24699 29092 0 0 6.1 5.28 1.3 1.38 3.29 11.5 36.47 1.01 1 1 1 0 1 0 1 0 0 0
"1060" 2019 303 22140 26533 0 0 5.42 5.55 0.88 1.8 3.34 4 29.55 0.91 1 1 2 1 1 0 1 0 0 0
"1061" 2020 19 13323 17716 0 0 4.97 4.64 0.91 1.1 3.11 5 24.42 0.83 2 0 2 0 0 0 1 0 0 0
"1062" 2021 186 15540 19930 0 0 4.92 4.9 0.7 1.53 3.04 3.5 27.84 0.9 1 0 2 1 0 0 0 0 1 0
"1063" 2022 8 21900 26290 0 0 5.42 7.63 1.45 1.72 5.23 8.5 29.68 0.85 2 0 2 0 1 0 1 0 0 1
"1064" 2023 8 19906 24296 0 0 5.93 7.82 1.73 1.57 5.44 9.5 32.4 0.92 1 1 2 0 1 NA 1 0 0 1
"1065" 2025 8 21484 25863 0 0 6.1 5.37 2.4 1.27 2.98 8.5 26.45 0.87 1 1 2 0 1 0 1 NA 0 1
"1066" 2026 8 20457 24836 0 0 6.84 5.86 1.58 1.02 4.09 20.5 31.99 0.9 1 1 1 0 1 0 1 0 0 1
"1067" 2027 257 21575 25953 0 1 9.38 5.01 1.79 1.15 3.02 9.5 26.21 0.96 1 0 3 1 0 NA 1 0 0 0
"1068" 2028 23028 25066 27666 1 0 6.16 4.76 1.79 1.6 2.31 5 27.43 0.94 1 1 2 0 1 0 1 0 0 0
"1069" 2029 149 15600 16123 0 0 6.16 5.07 1.13 1.88 2.66 18.5 30.28 0.89 2 0 2 0 0 0 0 0 0 1
"1070" 2030 149 23647 28023 0 1 6.33 8.21 4.04 0.98 NA 15.5 32.52 0.91 2 0 1 1 0 0 1 1 0 1
"1071" 2031 149 24969 29345 0 1 5.88 5.38 2.11 0.98 3.41 17 25.43 0.95 1 1 1 1 0 0 NA NA NA NA
"1072" 2032 191 16037 20409 0 0 6.16 5.73 3.88 1.05 2.85 17.5 25.86 0.88 2 0 3 0 0 0 1 0 0 0
"1073" 2033 149 14334 18706 0 1 7.12 5.72 2.18 1.42 3.28 18 35.64 0.88 2 0 2 NA NA NA 0 NA NA NA
"1074" 2034 311 19942 24311 0 0 6.44 6.7 2.06 1.58 4.15 11.5 32.66 0.88 2 0 2 0 1 0 1 0 0 0
"1075" 2035 308 13979 18344 0 0 5.93 4.46 0.71 1.75 2.38 4.5 20.56 0.86 1 0 2 1 1 0 1 0 0 1
"1076" 2036 285 21235 25600 0 0 6.61 4.24 1.82 1.08 2.31 55.5 31.87 0.9 1 1 1 1 1 0 1 0 0 0
"1077" 2037 108 27678 30014 1 1 11.64 4.65 2.69 0.81 2.57 15 22.62 0.86 1 1 1 0 1 0 1 1 0 NA
"1078" 2038 186 31676 33459 0 0 5.2 6.37 1.36 1.64 4.09 6 NA NA 2 NA NA 1 0 0 1 1 0 0
"1079" 2039 294 22201 26563 0 0 6.5 5.02 1.64 1.36 2.89 15 28.55 0.81 2 0 2 1 1 0 1 0 0 0
"1080" 2040 253 26140 30502 0 0 5.48 6.16 1.16 1.71 3.9 8 23.88 0.8 1 1 2 0 1 1 1 0 0 1
"1081" 2041 288 22666 27028 0 1 9.66 3.66 1.52 0.94 2 17 38.97 0.93 1 1 2 0 0 0 1 1 1 NA
"1082" 2042 23042 27797 28852 0 0 6.05 5.07 1.3 2.02 2.44 10.5 28.66 0.96 1 1 1 0 1 0 1 0 0 0
"1083" 2043 253 18152 22510 0 0 5.48 6.84 1.72 1.53 4.5 16 26.58 0.81 2 0 2 1 1 0 1 0 0 0
"1084" 2044 309 26179 30536 0 0 5.71 7.44 2.47 1.42 4.86 13.5 31.37 0.85 2 0 2 0 0 0 1 1 0 1
"1085" 2045 191 21163 25520 0 0 5.31 6.74 1.23 2.26 3.9 7 22.43 0.79 2 0 2 0 1 0 1 1 0 1
"1086" 2046 78 24144 28499 0 0 5.99 7.18 1.23 1.73 4.88 5 27.89 0.81 2 0 2 0 1 0 1 0 0 1
"1087" 2047 78 25560 29915 0 0 6.27 7.73 3.27 1.42 4.78 8.5 25.12 0.87 2 0 2 1 1 0 1 0 NA 1
"1088" 2048 152 19758 24109 0 0 5.93 6.72 0.99 2.01 4.24 6.5 27.65 0.86 1 0 1 1 0 0 1 1 0 0
"1089" 2049 191 22750 24864 1 0 5.99 7.05 1.35 1.25 5.17 5.5 26.19 0.89 1 1 2 0 1 0 1 1 0 0
"1090" 2050 295 21873 26224 0 1 6.95 8.2 2.28 1.5 5.63 3.5 24.86 0.91 1 1 2 1 0 0 1 0 0 NA
"1091" 2051 191 17727 22077 0 0 6.05 5.07 0.86 1.72 2.94 5.5 22.28 0.9 1 0 2 0 1 0 1 1 1 1
"1092" 2052 186 24470 28820 0 1 8.02 5.7 2.99 1.15 3.15 21 31.29 0.95 1 0 2 0 0 0 0 0 1 1
"1093" 2053 78 29507 29671 0 1 7.97 5.45 2.01 0.95 3.56 5.5 22.77 1.1 1 NA NA 1 1 0 1 0 0 1
"1094" 2054 295 16038 20382 0 0 5.37 6.92 1.48 1.3 4.93 7 35.46 0.79 2 0 2 1 0 0 1 0 0 1
"1095" 2055 295 21479 25823 0 0 5.71 6.82 1.52 0.9 5.2 10.5 24.44 0.91 1 0 2 1 0 0 1 1 0 0
"1096" 2056 311 25595 25880 0 0 5.93 6.35 1.41 1.98 3.71 7.5 25 0.79 2 0 2 0 0 0 1 0 0 0
"1097" 2059 108 27708 29473 1 1 10.11 6.2 0.83 2.53 3.28 7.5 24.24 0.82 2 0 1 0 0 0 1 0 0 0
"1098" 2060 309 15012 19346 0 1 7.63 4.18 0.6 1.33 2.57 4 23.1 0.89 1 0 2 0 0 0 1 0 0 1
"1099" 2061 78 22507 26837 0 0 5.99 8.31 1.82 1.18 6.27 9 26.5 0.76 2 0 2 0 1 0 1 0 0 1
"1100" 2063 78 24188 28515 0 0 5.99 6.7 0.93 1.23 5.03 13.5 24.47 0.91 1 0 2 1 1 0 1 0 0 1
"1101" 2064 78 25680 26845 1 0 6.78 5.28 1.32 1.22 3.44 17.5 21.96 0.95 1 1 1 1 1 0 1 0 0 1
"1102" 2065 78 17703 22030 0 0 5.99 8.91 1.66 1.35 6.78 9 24.67 0.91 1 1 2 0 1 0 0 0 0 0
"1103" 2066 78 15423 19746 0 1 7.97 6.6 4.18 0.98 NA 29.5 29.99 0.89 1 1 1 0 1 0 1 0 0 1
"1104" 2067 18 21697 26020 0 0 5.88 5.4 0.84 1.55 3.46 9.5 29.69 0.76 2 0 2 0 1 0 1 1 0 0
"1105" 2069 78 13338 17658 0 0 5.2 5.34 0.92 1.49 3.42 8 23.05 0.83 1 0 2 1 1 0 1 0 0 1
"1106" 2070 78 26105 30425 0 1 7.57 6.47 2.81 1.05 4.1 12.5 30.67 0.82 2 0 2 1 1 0 1 0 0 1
"1107" 2071 108 26279 28182 1 1 15.14 6.92 4.38 1.32 NA NA 33.98 0.86 2 0 1 0 1 0 1 1 0 1
"1108" 2072 269 26897 28965 1 0 6.22 4.54 1.83 1.08 2.6 15.5 31.02 0.81 2 0 1 1 NA NA 1 0 0 1
"1109" 2073 191 30228 31407 1 1 10.51 5.8 2.62 0.81 3.76 13.5 25.27 NA 2 0 1 1 1 1 1 0 0 1
"1110" 2074 78 23264 27579 0 1 11.75 7.17 1.14 1.69 4.94 5.5 20.61 0.81 2 0 3 0 1 0 1 0 0 1
"1111" 2075 78 14398 18713 0 0 5.99 6.89 1.05 1.88 4.52 5.5 25.21 0.86 1 1 2 0 1 0 0 0 0 0
"1112" 2076 269 24190 28499 0 0 6.27 7.16 1.59 1.71 4.7 13.5 30.19 0.8 2 0 3 1 0 0 1 1 0 NA
"1113" 2077 123 15179 19481 0 0 6.33 5.55 1.43 1.71 3.17 6.5 22.6 0.8 2 1 2 1 1 0 1 0 0 1
"1114" 2078 108 13223 17532 0 0 6.1 4.76 0.76 1.34 3.07 8.5 24.28 0.82 2 0 2 0 1 0 1 1 0 1
"1115" 2079 78 16840 21148 0 0 5.65 7.89 1.43 1.34 5.88 9.5 31.52 0.87 2 1 2 1 1 0 1 0 0 1
"1116" 2080 277 18275 22583 0 0 5.88 4.37 0.66 1.71 2.35 10 27.27 0.95 1 0 2 1 1 0 1 0 0 0
"1117" 2081 78 14287 18593 0 0 6.33 6.34 1.52 1.42 4.21 15 26.9 0.77 2 0 2 1 1 0 1 0 0 1
"1118" 2082 78 15772 20078 0 0 4.86 7.13 0.55 2.58 4.29 3 24.76 0.76 2 0 2 0 1 0 1 0 0 1
"1119" 2083 108 15772 20078 0 0 6.33 5.65 0.73 1.67 3.64 8 26.17 0.77 2 NA 2 1 1 0 1 1 0 0
"1120" 2084 78 14338 18640 0 0 6.1 5.66 3.09 0.98 3.23 20 27.77 0.92 1 1 2 1 1 0 1 1 0 1
"1121" 2085 123 24414 28716 0 1 20.23 7.07 3.45 1.87 3.58 14 33.32 0.88 2 0 2 1 0 0 0 0 0 0
"1122" 2086 108 19066 23367 0 1 7.8 7.96 2.93 1.01 5.57 23.5 27.12 0.91 1 1 2 0 1 0 1 1 0 1
"1123" 2087 582 28620 31773 0 0 6.95 6.1 4.26 1.27 NA 11.5 31.35 0.98 1 1 2 0 0 0 1 0 0 1
"1124" 2088 582 27180 31152 1 0 6.84 5.68 2.39 1.1 3.46 11.5 31.55 0.9 2 0 2 NA NA NA 1 0 0 1
"1125" 2089 277 24630 28929 0 0 5.31 6.53 1.85 1.5 4.16 6 25.4 0.86 2 0 2 0 1 0 1 0 0 1
"1126" 2090 277 27321 31620 0 0 5.93 5.24 0.74 1.65 3.24 9.5 29.88 0.91 1 1 2 0 1 0 1 1 0 1
"1127" 2091 277 27777 32076 0 0 6.1 5.89 1.37 1.27 3.98 8 29.65 NA 2 0 3 0 1 0 1 1 0 NA
"1128" 2092 311 25065 29360 0 1 10.79 5.1 2.31 0.64 3.37 8 29.9 0.96 1 1 2 0 1 0 1 0 0 0
"1129" 2093 191 18264 22559 0 0 6.05 6.52 1.09 1.17 4.83 5.5 26.02 0.86 2 0 2 0 1 0 1 1 0 1
"1130" 2094 253 17166 21461 0 0 5.31 5.41 1.19 1.42 3.43 5.5 27.16 0.79 2 1 2 1 1 0 1 0 0 0
"1131" 2095 152 18460 22754 0 0 6.44 6.5 0.85 2.12 3.98 5 23.94 0.75 2 0 2 1 1 0 1 0 0 0
"1132" 2096 152 28579 32873 0 1 5.71 7.73 1.26 1.58 5.56 6 25.71 0.78 2 0 2 1 1 0 1 0 0 0
"1133" 2097 152 24950 27215 0 1 7.01 5.42 1.24 1.34 3.5 11.5 27.2 0.93 1 0 2 1 0 0 1 0 0 1
"1134" 2098 310 24396 27208 1 1 8.7 7.75 1.2 1.68 5.51 10.97 29.07 0.98 1 1 2 0 1 0 1 0 0 0
"1135" 2099 310 14387 18679 0 0 5.71 5.64 0.61 1.69 3.67 14.46 24.12 0.86 1 0 2 0 1 0 1 0 0 0
"1136" 2101 238 18779 23067 0 1 7.23 5.45 1.23 1.71 3.16 NA 30.09 0.71 2 0 2 1 0 0 1 0 0 0
"1137" 2102 239 26975 31263 0 1 7.63 5.63 1.29 1.21 3.81 14.86 29.81 0.76 2 0 2 0 0 0 0 1 0 1
"1138" 2103 239 15394 19682 0 0 6.1 5.81 1.83 1.31 3.64 26.53 41.5 0.92 1 1 2 0 1 1 1 1 0 NA
"1139" 2106 278 20911 22711 1 1 NA NA NA NA NA NA 30.53 1.03 2 1 1 1 0 0 1 0 0 0
"1140" 2107 289 14015 18300 0 0 5.88 6.09 0.88 1.2 4.47 5.1 22.64 0.85 1 1 2 1 1 0 1 NA 0 NA
"1141" 2109 277 26249 30534 0 0 6.22 8.43 2.07 0.98 6.48 6.43 26.52 0.93 1 0 2 0 1 0 1 0 0 1
"1142" 2110 142 25239 27372 1 1 11.02 6.36 2.11 1.04 4.33 10.24 33.06 0.99 1 1 1 1 0 0 1 1 0 1
"1143" 2111 142 28106 32262 1 1 9.27 4.51 2.09 0.82 2.7 22.16 37.7 1.07 2 0 1 0 0 0 0 0 0 1
"1144" 2113 582 18708 22988 0 0 5.48 6.91 1.58 1.25 4.92 3.8 24.39 0.77 2 0 2 1 0 0 1 0 0 1
"1145" 2114 289 30103 31229 1 0 6.84 6.96 1.63 1.22 4.97 13.88 26.31 0.77 2 0 1 1 1 0 1 0 0 1
"1146" 2115 276 28049 32175 1 0 6.78 6.34 2.5 0.73 4.44 12.77 29.24 0.93 1 1 2 0 1 0 1 1 0 0
"1147" 2116 78 27480 28695 0 1 7.74 6.82 1.08 1.88 4.43 5.78 23.95 0.79 2 0 2 0 1 0 1 0 0 1
"1148" 2117 78 14795 19069 0 0 6.5 5.92 0.94 1.35 4.13 4.62 23.22 0.84 1 1 2 1 1 0 1 0 0 1
"1149" 2118 583 19197 23468 0 0 6.38 5.84 1.91 1.24 3.7 8.79 24.5 0.74 2 0 2 1 1 0 1 0 0 1
"1150" 2119 78 13680 17911 0 0 5.99 6.86 1.94 1.13 4.82 9.91 27.43 0.87 1 0 2 0 1 0 1 0 0 0
"1151" 2120 583 27027 31298 0 0 5.76 4.95 0.62 1.74 2.92 6.4 21.08 0.88 1 0 2 1 0 0 1 0 0 1
"1152" 2122 288 21140 25378 0 0 6.1 6.25 1.51 1.26 4.28 8.51 30.22 0.85 2 0 2 0 1 0 1 0 0 0
"1153" 2124 238 20641 24877 0 1 6.1 5.85 1.36 1.13 4.08 6.2 25.23 0.75 2 0 2 0 1 0 1 0 0 0
"1154" 2125 238 13405 17595 0 0 6.33 NA NA NA NA NA 29.29 0.9 1 0 2 NA NA NA NA NA NA NA
"1155" 2126 301 15015 19251 0 0 6.1 5.63 1.39 1.47 3.51 6.28 34.47 0.8 2 0 2 0 0 0 1 0 0 1
"1156" 2127 151 14948 19184 0 0 6.72 6.89 4.64 0.82 NA 17.32 24.19 0.87 1 0 2 1 0 0 1 0 0 0
"1157" 2128 254 23582 27814 0 0 5.82 10.04 1.51 1.55 7.78 5.66 25.46 0.79 2 0 2 0 1 1 1 0 0 1
"1158" 2130 254 22539 26771 0 1 7.46 7.12 1.46 1.13 5.3 23.68 29.59 0.93 1 0 2 0 1 1 1 0 0 0
"1159" 2131 123 29017 30667 0 1 9.38 4.79 1.84 0.9 3.03 17.34 29.03 0.97 1 1 1 1 0 0 1 0 0 1
"1160" 2133 151 16809 21038 0 0 6.05 5.02 1.07 0.98 3.54 6.06 23.32 0.83 2 0 2 1 0 0 1 0 0 0
"1161" 2134 23134 17043 21272 0 0 5.93 5.68 0.62 1.62 3.77 4.39 19.87 0.77 2 0 2 0 1 0 0 0 0 1
"1162" 2135 187 20571 24800 0 0 5.48 5.59 0.74 1.48 3.76 4.32 22.88 0.71 2 0 2 1 1 1 0 0 0 NA
"1163" 2136 151 25411 29636 0 1 7.01 6.85 1.7 1.02 5.03 9.2 28.86 0.88 2 0 1 0 0 0 1 0 0 0
"1164" 2137 582 28105 32330 0 0 6.22 8.16 1.94 1.52 5.73 10.46 33.96 0.86 2 0 1 0 1 0 1 0 1 0
"1165" 2138 8 24507 28430 1 1 16.72 NA NA NA NA 65.68 26.4 0.85 2 0 1 0 1 0 1 0 0 1
"1166" 2139 352 15182 19406 0 0 6.05 6.52 1.98 1.18 4.41 6.7 24.61 0.95 1 0 2 1 1 0 0 0 0 0
"1167" 2140 583 18603 22827 0 0 6.38 6.2 2.31 0.8 4.31 10.12 27.4 0.96 1 1 2 1 1 0 1 0 0 1
"1168" 2141 78 18812 23036 0 0 6.33 6.02 1 1.61 3.94 3.92 29.49 0.78 2 0 2 1 1 0 1 0 1 1
"1169" 2142 155 14816 19038 0 0 5.54 4.87 2.16 1.44 2.42 6.5 23.76 0.82 2 1 1 0 1 0 1 0 0 1
"1170" 2144 126 27462 31680 0 1 6.44 5.79 1.62 1.45 3.58 36.1 26.24 0.82 2 0 1 1 1 1 0 0 0 1
"1171" 2145 352 25092 29310 0 1 8.98 6.19 0.66 1.87 4.01 7.06 22.35 0.89 2 0 2 1 1 0 0 0 0 0
"1172" 2146 352 14637 18855 0 0 5.93 6.12 1.15 1.09 4.49 14.78 25.65 1.03 1 0 2 1 1 0 0 0 0 0
"1173" 2148 589 18368 22583 0 0 5.71 5.51 1.11 1.59 3.4 7.17 25.54 0.9 1 1 2 0 1 0 1 0 0 1
"1174" 2149 155 23731 27946 0 0 5.82 5.72 1.23 0.92 4.22 4.8 22.6 0.77 2 1 2 1 0 0 1 NA 1 0
"1175" 2150 23150 14634 18849 0 0 5.71 5.64 1.09 1.05 4.08 11.32 24.76 1.04 1 1 2 1 1 1 1 0 0 1
"1176" 2151 290 23534 27744 0 1 13.33 5.58 1.09 1.17 3.89 32.27 36.37 0.88 2 0 2 0 1 0 1 0 0 1
"1177" 2152 589 15762 19972 0 0 6.16 6.43 2.32 1.5 3.84 14.18 27.42 0.82 2 0 2 0 1 0 1 0 0 1
"1178" 2153 296 33308 33959 0 1 4.29 5.93 0.74 0.79 4.79 8.36 NA NA 1 0 1 1 0 0 1 0 0 1
"1179" 2154 722 24168 27868 1 0 5.82 5.7 1.26 1.27 3.84 6.14 25.06 0.78 2 0 2 0 1 0 1 0 0 1
"1180" 2155 589 28164 32373 0 0 5.88 6.81 1.05 1.98 4.33 7.82 27.34 0.8 2 0 2 1 1 0 1 0 0 0
"1181" 2156 192 28514 29474 0 1 11.86 5.22 2.1 1.2 3.03 33.76 32.95 0.86 2 0 1 1 0 0 1 0 0 1
"1182" 2157 352 26042 30134 0 0 5.99 5.89 0.75 1.54 4 8.74 25.69 0.91 1 1 2 1 1 0 0 0 0 0
"1183" 2158 192 22690 26897 0 1 7.68 5.94 1.89 1.22 3.83 10.7 27.19 0.94 1 0 2 0 1 0 NA 1 0 1
"1184" 2159 291 19886 24093 0 0 5.54 5.5 0.58 1.93 3.3 4.16 23.78 0.75 2 0 2 0 1 0 0 0 0 0
"1185" 2160 589 13430 17634 0 0 5.99 4.22 0.59 1.51 2.43 5.88 25.96 0.92 1 1 2 1 1 0 1 0 0 0
"1186" 2161 192 29146 33350 0 0 6.22 5.19 0.83 1.5 3.29 5 19.43 0.9 1 0 2 1 0 0 1 1 0 1
"1187" 2163 55 16081 20284 0 0 5.54 6.91 0.82 1.79 4.73 4.27 21.74 0.97 1 1 2 1 1 0 1 0 0 1
"1188" 2164 23164 25807 25912 1 1 6.89 7.48 2.7 1.41 4.8 12.54 25.97 1.18 2 1 1 1 1 0 1 0 0 0
"1189" 2165 55 29355 30894 1 1 7.06 5.1 0.95 1.38 3.27 11.03 19.61 0.86 2 0 1 1 0 0 1 0 0 1
"1190" 2167 255 25184 29386 0 0 6.05 6.07 1.05 1.68 3.89 6.48 25.35 0.88 1 0 2 0 0 0 1 0 0 0
"1191" 2168 255 24451 28653 0 1 7.12 7.04 0.79 2.19 4.48 12 22.21 0.77 2 0 1 1 1 0 1 0 0 1
"1192" 2169 253 27919 29265 0 1 9.44 3.98 1.78 0.98 2.16 22.68 25.43 0.89 2 1 1 1 1 0 1 0 1 1
"1193" 2170 722 15098 19300 0 0 5.42 5.91 1.49 1.11 4.1 10.94 25.43 0.81 2 0 2 1 0 1 1 0 0 0
"1194" 2171 722 28698 29223 1 1 18.31 NA NA NA NA NA 24.89 0.84 2 0 1 0 1 0 1 1 0 1
"1195" 2172 291 20901 25103 0 0 6.05 5.96 1.01 1.97 3.52 12.96 25.08 0.75 2 0 2 1 1 0 1 0 0 1
"1196" 2173 281 26085 30285 0 0 5.2 6.65 1.53 1.32 4.62 5.32 28.6 0.79 2 0 2 1 1 0 1 1 0 0
"1197" 2174 313 19716 23913 0 0 5.54 6.16 1.59 1.32 4.09 6.29 22.75 0.85 2 1 2 0 0 1 1 0 0 0
"1198" 2175 192 23502 27699 0 1 8.59 8.26 1.82 1.55 5.86 15.01 27.04 0.77 2 0 2 0 1 0 1 0 1 1
"1199" 2176 192 27435 31632 0 0 5.71 6.84 1.3 1.63 4.6 8.12 33.56 0.74 2 0 1 1 0 0 1 0 0 0
"1200" 2177 262 18549 22745 0 0 5.37 6.3 1.02 1.8 4.02 8.4 22.52 0.77 2 0 2 1 1 0 1 0 0 0
"1201" 2178 275 18786 22982 0 0 5.54 5.23 0.9 1.13 3.67 7.99 27.14 0.89 1 0 2 1 1 0 1 0 0 1
"1202" 2179 275 31288 34723 0 1 9.27 4.55 0.89 1.03 3.1 56.64 28.54 0.96 1 0 1 1 1 0 1 0 0 0
"1203" 2180 298 29464 32523 0 1 8.76 4.34 0.98 1.46 2.42 6.3 26.64 0.83 1 0 2 1 0 0 1 0 0 1
"1204" 2181 252 22647 26842 0 1 6.27 6.32 1.99 1.06 4.32 14.45 30.53 0.83 2 NA 1 1 0 0 0 0 0 0
"1205" 2182 255 16440 20634 0 0 6.27 6.74 0.73 1.68 4.72 9.71 26.81 0.93 1 0 2 0 1 0 0 0 0 1
"1206" 2183 188 28824 31874 1 0 5.54 6.45 1.14 1.65 4.27 6.18 28.32 0.87 2 0 1 0 1 0 0 0 0 0
"1207" 2184 582 31445 32933 0 1 6.89 4.25 1.17 1.05 2.65 6.26 23.97 NA 1 1 1 1 1 0 1 0 0 1
"1208" 2185 78 24350 28543 0 0 5.25 6 2.06 1.34 3.7 6.16 27.68 0.76 2 0 1 0 1 NA 1 0 0 1
"1209" 2186 123 22728 23523 0 0 5.99 6.56 1.19 1.12 4.88 6.36 23.93 0.92 1 1 2 1 1 NA 1 0 0 0
"1210" 2187 252 26062 30252 0 0 6.72 9.76 2.76 0.98 7.49 8.64 28.13 0.92 2 0 1 0 1 NA 0 1 0 0
"1211" 2188 308 13604 17794 0 0 5.31 5.76 1.27 1.03 4.13 6.02 24.76 0.79 2 0 2 1 0 0 0 0 1 1
"1212" 2190 256 23335 27524 0 0 5.82 6.64 1.35 1.21 4.8 2.78 25.69 0.88 1 0 2 0 1 0 NA 0 0 1
"1213" 2192 281 23806 27994 0 1 6.89 5.42 1.67 1.21 3.43 12.84 32.67 0.81 2 0 2 0 1 0 1 0 0 0
"1214" 2193 281 27760 31948 0 0 6.33 5.49 1.31 1.39 3.49 6.28 26.43 0.79 2 0 1 1 1 0 1 0 0 0
"1215" 2194 309 25798 29986 0 1 7.23 7.68 2.38 1.23 5.33 19.45 29.48 0.77 2 0 1 0 1 0 1 0 0 1
"1216" 2195 281 25335 29523 0 0 6.44 8.51 2.38 1.08 6.31 4.76 29.3 0.85 2 0 2 1 1 0 1 0 0 0
"1217" 2196 78 27951 32138 0 1 8.08 4.61 2.66 0.87 2.49 NA 24.49 0.86 1 1 2 0 1 0 1 0 0 0
"1218" 2197 256 26149 30336 0 0 5.54 6.15 1.04 2.24 3.42 3.39 19.32 0.87 1 1 2 0 1 0 1 0 0 0
"1219" 2200 588 28831 33018 0 1 8.64 6.61 2.81 1.36 3.93 21.25 23.09 0.78 2 0 1 0 1 0 1 0 0 0
"1220" 2201 190 26086 30269 0 0 6.16 6.13 1.8 1.04 4.24 14.08 29.2 0.96 1 0 2 1 1 0 1 0 0 0
"1221" 2202 123 20190 24373 0 0 5.65 4.28 0.94 1.38 2.46 5.22 20.11 0.85 1 1 2 0 1 0 1 0 0 0
"1222" 2203 292 19934 24116 0 1 7.4 7.41 2.52 1.16 5.06 11.32 27.74 0.9 1 1 3 0 1 0 0 0 0 0
"1223" 2204 192 16910 21092 0 0 4.92 4.4 0.84 1.49 2.51 7.46 25.1 0.82 2 0 2 0 0 0 1 0 0 1
"1224" 2205 192 17265 21447 0 0 5.14 4.61 0.98 1.86 2.29 7.42 30.47 0.76 2 0 2 0 0 0 1 0 0 1
"1225" 2206 78 25343 28461 1 0 5.42 5.87 2.59 1.04 3.61 7.04 24.49 1.16 1 0 2 0 1 0 0 0 0 1
"1226" 2207 305 13924 18105 0 0 5.42 4.45 1.15 1.26 2.65 6.6 29.91 0.83 2 0 2 0 1 0 1 0 0 1
"1227" 2208 305 25005 29186 0 1 5.88 6.14 1.35 1.45 4.06 7.68 27.43 0.77 2 0 2 0 1 0 1 0 1 0
"1228" 2209 296 31986 33832 0 0 5.99 5.4 1.49 1.27 3.43 10.22 NA NA 1 0 1 1 0 0 0 0 0 1
"1229" 2210 308 28092 30494 1 1 9.38 6.05 1.14 1.32 4.2 13.53 24.54 0.87 2 0 2 1 0 0 1 0 0 1
"1230" 2211 191 25707 29887 0 0 5.99 6.27 0.71 1.24 4.7 2.9 25.73 0.99 1 1 2 1 0 0 0 0 0 0
"1231" 2212 191 22787 26967 0 0 5.42 5.1 0.89 1.37 3.31 3.28 25.21 0.95 1 1 2 0 0 1 0 0 0 1
"1232" 2213 191 24839 29019 0 0 5.37 6.81 1.41 1.31 4.84 7.25 27.45 0.82 2 0 2 1 0 1 0 0 0 1
"1233" 2214 191 23660 25629 0 0 5.65 8.36 1.06 1.43 6.43 7.06 25.88 0.85 2 0 2 1 0 1 0 0 0 1
"1234" 2215 155 23328 25172 0 1 NA NA NA NA NA NA 25.72 0.83 2 0 2 1 0 0 1 1 1 NA
"1235" 2216 276 25617 29793 0 1 6.33 7.06 1.39 1.13 5.28 12.05 32.06 0.96 1 1 2 1 0 0 1 1 0 0
"1236" 2219 23219 29361 30185 0 1 14.35 3.68 0.93 0.91 2.33 NA 23.22 0.89 1 1 1 0 1 0 0 0 0 0
"1237" 2220 314 23322 26966 0 0 5.82 6.05 0.9 1.67 3.96 4.74 18.51 1.15 1 1 2 1 0 0 1 0 0 1
"1238" 2221 314 25856 30030 0 1 11.58 6.51 5.44 1.03 NA 49.77 32.26 0.82 2 0 1 1 1 0 1 0 0 1
"1239" 2222 304 14199 18373 0 0 5.25 4.66 0.65 1.3 3.06 7.37 23.45 0.79 2 1 2 1 1 0 1 0 0 0
"1240" 2223 300 17013 21187 0 0 6.33 4.97 0.67 1.2 3.46 13.98 25.59 1.02 1 1 2 1 0 0 0 0 0 0
"1241" 2224 316 26796 27466 1 0 5.82 7.82 2.71 1.38 5.17 5.82 24.84 0.93 1 0 2 1 1 0 1 0 0 1
"1242" 2225 540 19098 23271 0 0 4.86 7.78 1.51 1.8 5.27 7.74 24.31 0.75 2 0 2 1 0 0 1 0 1 0
"1243" 2226 540 21136 25309 0 0 6.05 5.98 0.94 1.76 3.78 7.04 28.9 0.93 1 1 2 0 1 1 1 0 0 1
"1244" 2228 316 25545 29718 0 0 5.93 6.53 2.28 1.04 4.42 10.89 26.23 0.94 1 1 2 1 0 0 0 1 0 1
"1245" 2229 5048 20350 24519 0 0 5.59 6.49 2.45 1.58 3.76 6.33 28.87 0.92 1 1 2 0 1 0 1 0 0 0
"1246" 2230 5048 25121 27470 1 1 12.6 7.94 4.36 1.43 NA 5.07 21.42 0.85 2 0 1 0 1 NA 0 0 0 0
"1247" 2232 590 21312 25480 0 0 5.65 6.95 1.8 1.68 4.42 7.04 27.08 0.79 2 0 1 1 0 0 1 0 0 0
"1248" 2234 540 13545 16830 1 1 14.35 5.84 1.17 1.82 3.47 9.38 28.11 0.86 2 0 2 0 1 0 1 0 1 NA
"1249" 2235 307 27651 31504 0 1 6.67 7.21 1.83 1.63 4.72 9.46 27.34 0.79 2 0 1 0 0 0 1 0 0 NA
"1250" 2236 262 14750 18917 0 0 6.78 5.41 1.76 0.89 3.69 7.73 27.17 0.95 1 1 3 1 0 0 1 0 0 0
"1251" 2237 262 27434 29094 0 1 17.18 5.19 3.1 0.85 2.88 9.1 22.02 0.87 1 1 1 1 0 0 1 0 0 0
"1252" 2238 266 22372 26539 0 0 5.99 8.53 1.67 1.26 6.48 15.88 30.22 0.75 2 0 1 1 1 NA 1 1 0 1
"1253" 2239 275 21267 25434 0 0 5.42 6.01 1.15 1.82 3.65 3.66 26.77 0.8 2 0 2 1 1 0 1 0 0 1
"1254" 2240 153 23927 25428 0 1 8.93 7.34 0.9 1.84 5.08 9.92 25.76 0.93 1 1 2 1 0 0 1 0 0 NA
"1255" 2241 146 16627 20788 0 0 5.65 7.76 3.07 1.94 4.37 3.27 26.73 0.9 1 0 2 1 1 0 1 0 0 1
"1256" 2242 592 29611 32212 0 0 5.93 7 1.07 0.86 5.64 8.17 29.07 0.79 2 0 1 1 1 0 1 0 0 0
"1257" 2243 283 17632 21793 0 0 5.82 7.83 1.08 NA NA 6.2 24.62 0.8 1 1 2 0 1 0 1 0 0 1
"1258" 2244 265 23989 26967 0 1 6.84 4.96 1.58 1.38 2.84 25.58 31.8 0.83 2 0 1 0 0 1 1 0 1 NA
"1259" 2246 187 16463 20413 0 1 6.16 6.87 1.31 1.85 4.41 5.58 24.51 0.93 1 1 2 1 1 0 1 0 0 NA
"1260" 2247 266 24164 25625 0 0 5.42 6.89 1.55 1.64 4.52 4.16 27.28 0.97 1 1 2 1 0 0 1 1 0 1
"1261" 2248 6 17237 21396 0 0 5.03 5.01 1.56 1.09 3.19 3.14 25.73 0.91 1 0 2 0 1 0 1 0 0 1
"1262" 2250 438 28584 32398 1 0 5.37 5.37 1.02 1.61 3.28 3.37 27.16 0.77 2 0 1 1 1 0 0 0 0 1
"1263" 2251 266 25069 29228 0 0 5.93 6.62 0.83 1.71 4.52 6.76 28.04 0.85 2 0 2 1 1 0 1 1 0 1
"1264" 2252 113 26235 30390 0 0 5.48 6.44 1.67 0.94 4.71 7.26 30.37 0.96 1 1 2 0 1 0 1 0 0 1
"1265" 2253 123 16281 20436 0 0 5.88 6.33 2.19 1.25 4.05 12.24 24.69 0.85 2 0 2 1 0 0 1 1 0 0
"1266" 2254 23254 19029 23169 0 1 8.14 5.64 1.69 1.32 3.53 13.42 31.81 1.01 1 0 1 0 1 0 NA 1 0 0
"1267" 2255 191 20623 24778 0 0 5.54 7.31 1.26 1.42 5.3 4.4 23.77 0.81 2 0 2 1 1 1 1 0 0 1
"1268" 2257 283 30329 32904 0 1 11.92 6.05 1.22 1.98 3.49 4.45 20.7 0.84 2 0 2 0 1 0 1 0 0 1
"1269" 2258 286 28515 32669 0 1 10.9 5.63 1.98 1.21 3.49 7.28 27.47 0.89 1 1 2 0 0 0 1 0 0 0
"1270" 2259 123 23984 28138 0 1 12.15 8.78 2.86 1.2 6.24 32.96 43.2 0.89 2 0 1 1 0 0 1 0 0 0
"1271" 2260 276 13967 18121 0 0 5.71 6.64 1.34 1.33 4.68 6.86 24.49 0.85 1 0 2 0 0 0 1 1 0 0
"1272" 2261 123 17204 21357 0 0 5.99 7.72 2.19 1.68 5.01 11.7 30.86 0.84 2 0 2 0 1 0 1 NA 0 1
"1273" 2262 123 19297 23450 0 1 7.01 7.65 2.75 0.91 5.45 6.74 22.95 0.89 1 0 2 1 0 0 1 0 0 0
"1274" 2263 123 26411 30564 0 0 6.16 9.18 2.61 1.12 6.83 13.38 35.7 0.88 2 0 2 1 0 0 0 0 0 0
"1275" 2267 187 20564 24715 0 0 6.27 7.52 2.15 1.06 5.45 8.48 27.18 0.8 2 0 2 0 1 1 0 1 0 1
"1276" 2268 589 27355 29604 1 1 15.31 5.41 2.15 1.28 3.12 27.37 30.89 0.82 2 0 1 0 1 0 1 0 0 NA
"1277" 2269 263 23918 28066 0 0 6.1 8.56 1.77 1.25 6.47 14.5 26.71 0.83 2 0 2 0 1 0 1 0 0 0
"1278" 2270 126 18569 22717 0 0 5.76 7.48 1.1 1.27 5.69 5.57 30.56 1.04 1 0 2 0 0 0 0 0 0 1
"1279" 2271 265 25316 29464 0 0 5.59 6.71 2.35 1.33 4.27 24.8 30.3 0.85 2 0 2 0 0 1 1 0 0 1
"1280" 2272 257 20578 24725 0 0 5.42 5.39 1.31 1.01 3.76 4 26.04 0.91 1 1 3 1 1 0 1 0 0 1
"1281" 2273 144 20851 24998 0 0 5.42 7.77 1.21 1.99 5.21 5.17 22.74 0.74 2 0 1 0 1 0 0 0 0 1
"1282" 2274 144 25363 29510 0 0 5.59 7.59 2 1.33 5.32 17.11 28.76 0.81 2 0 1 0 1 0 0 0 0 1
"1283" 2276 155 14507 18653 0 0 5.99 5.61 1.16 1.88 3.18 10.76 33.76 1.01 1 1 2 0 0 0 1 NA 0 NA
"1284" 2277 126 28638 32341 1 1 6.44 4.73 2.06 0.8 2.97 9.07 25.59 0.89 1 0 1 0 0 0 0 0 0 0
"1285" 2278 126 19272 23419 0 0 6.5 8.86 1.26 0.8 7.47 3.66 27.36 0.9 1 1 2 0 0 0 0 0 0 NA
"1286" 2279 142 13867 18012 0 0 5.65 5.57 0.92 1.18 3.96 4.51 25.54 0.79 2 1 2 1 0 0 1 0 0 0
"1287" 2280 142 15046 19191 0 0 5.82 10.36 5.74 0.9 NA 6.88 23.38 0.82 2 1 2 1 0 0 1 0 0 NA
"1288" 2281 142 14496 18641 0 0 5.2 3.79 2.07 0.75 2.07 3.4 26.13 0.96 1 1 1 1 0 0 1 NA 0 NA
"1289" 2282 78 18717 22857 0 0 6.22 5.3 1.32 1.09 3.59 7.34 26.57 0.97 1 1 2 1 0 0 1 0 0 1
"1290" 2283 266 26328 30468 0 0 6.61 6.76 1.39 1.4 4.71 8.75 25.81 0.78 2 0 2 1 0 NA 1 1 0 1
"1291" 2284 590 29244 31263 0 0 5.99 6.78 1.62 1.19 4.83 12.8 30.55 0.82 2 0 1 0 1 0 1 0 0 NA
"1292" 2285 290 13859 17998 0 0 5.88 4.57 0.81 1.39 2.8 4.4 25.78 0.83 2 0 3 0 1 0 1 0 1 1
"1293" 2286 263 25283 29422 0 0 5.31 8.06 2.36 1.07 5.88 8.32 26.54 0.93 1 1 2 0 1 0 1 0 0 NA
"1294" 2288 287 23207 24823 0 0 5.88 5.87 0.9 1.65 3.8 10.85 21.79 0.79 2 1 2 1 1 0 1 0 0 0
"1295" 2289 190 25013 29151 0 1 8.76 7.53 2.28 0.99 5.47 9.54 26.57 0.88 1 0 2 1 0 0 1 0 0 0
"1296" 2290 592 30560 34698 0 1 6.1 4.81 3.44 0.89 2.3 15.27 25.51 0.84 2 0 1 0 0 NA 1 0 0 0
"1297" 2291 186 32489 32585 1 1 7.23 5.23 1.11 0.91 3.8 NA NA NA 2 0 1 0 0 0 1 0 0 0
"1298" 2295 189 29626 32038 0 0 5.65 3.97 2.17 0.84 2.11 25.38 NA NA 1 NA NA 1 1 0 0 0 0 1
"1299" 2299 483 18027 22160 0 0 5.2 6.72 0.85 1.95 4.37 6.07 22.58 0.76 2 1 3 1 0 0 1 0 0 1
"1300" 2300 263 15915 20047 0 0 5.2 6.63 1.26 1.23 4.81 12.04 29.07 0.83 2 0 2 0 1 0 1 0 0 NA
"1301" 2301 263 25785 28120 1 1 11.24 4.86 1.91 0.79 3.17 27.28 33.22 0.88 2 0 1 0 1 0 1 0 0 0
"1302" 2302 591 16519 20650 0 0 6.33 6.73 3.76 0.91 4.05 25.86 26.88 0.95 1 0 2 1 0 0 1 0 0 1
"1303" 2303 591 30782 31299 1 1 10.62 4.91 1.75 0.84 3.25 11.38 25.26 0.83 1 0 1 0 0 0 1 NA 0 NA
"1304" 2304 483 17338 21464 0 0 5.88 6.14 0.72 1.93 3.87 3.44 20.26 0.72 2 0 3 1 1 0 1 0 0 NA
"1305" 2305 591 14389 18515 0 0 6.78 5.81 2.27 1.1 3.64 7.46 23.5 0.95 1 1 2 1 0 0 1 0 0 1
"1306" 2306 583 27340 29657 1 1 15.82 9.38 6.01 0.99 NA 18.34 23.23 0.83 2 0 1 0 1 0 1 1 0 1
"1307" 2307 269 18834 22959 0 0 6.38 5.62 0.59 2.04 3.3 4.09 24.03 0.74 2 0 2 0 1 0 1 0 0 0
"1308" 2308 269 26930 31055 0 1 7.18 4.16 1.02 0.99 2.69 13.24 25.93 0.93 1 1 2 0 1 0 1 0 1 0
"1309" 2309 269 16854 20979 0 0 5.82 3.24 0.74 1.27 1.62 3.18 19.46 0.8 2 0 2 1 0 0 1 0 0 0
"1310" 2310 269 19732 23857 0 0 6.27 5.71 0.99 1.8 3.44 9.22 27.24 0.78 2 0 3 1 0 0 1 0 0 1
"1311" 2311 80 28839 30922 1 1 9.6 6.18 1.31 1.51 4.06 21.7 20.81 1.22 2 0 1 0 1 0 1 0 0 1
"1312" 2312 80 18502 22626 0 0 6.27 4.9 1.2 1.32 3.02 11.8 29.05 1.26 2 1 2 0 0 0 1 0 0 0
"1313" 2313 23313 16969 21093 0 0 6.16 5.81 1.1 0.95 4.34 7.52 33.37 0.71 2 0 2 0 1 0 1 1 0 0
"1314" 2314 3 15899 20023 0 0 5.71 4.86 1.3 1.23 3.02 3.04 24.75 0.82 2 1 2 1 0 0 1 0 0 1
"1315" 2315 296 22722 24714 1 1 7.12 6.18 1.19 1.07 4.55 6.38 29.41 0.93 1 0 2 1 0 0 1 0 0 1
"1316" 2316 313 27583 29544 1 1 16.1 5.75 2.37 0.89 3.75 14.91 29.76 0.93 1 0 2 0 1 1 1 0 0 1
"1317" 2317 483 25753 28545 1 1 6.16 6.75 1.32 1.35 4.78 31.87 37.38 0.79 2 0 1 1 1 0 0 0 1 1
"1318" 2318 80 24888 26911 0 1 8.42 6.66 3.19 1.05 4.11 19.4 29.75 1.04 1 1 2 0 1 0 0 0 1 1
"1319" 2319 294 23612 27732 0 1 7.06 6.51 1.29 1.12 4.78 8.82 27.76 0.97 1 1 2 0 1 0 1 0 0 1
"1320" 2320 540 17952 22072 0 1 7.29 3.68 0.71 1.6 1.75 3 21.9 0.81 2 0 2 1 1 0 1 0 0 0
"1321" 2321 295 18739 22858 0 0 6.44 6.1 1.14 1.15 4.42 NA 25.34 0.8 2 0 3 NA NA NA NA NA NA NA
"1322" 2322 309 17854 21974 0 0 6.55 NA NA 1.32 NA 3.32 25.68 1.2 1 0 2 NA NA NA NA NA NA NA
"1323" 2324 155 20565 24684 0 1 7.85 6.72 2.42 1.26 4.32 9.85 32.04 0.9 1 1 2 0 0 0 NA 0 0 1
"1324" 2325 275 18027 22145 0 0 6.61 5.7 1 1.26 3.97 4.57 26.02 0.93 1 1 2 1 1 0 1 0 0 1
"1325" 2326 113 23815 27933 0 1 7.01 7.42 1.91 1.13 5.39 10.4 32.24 0.95 1 1 2 0 1 0 1 1 0 1
"1326" 2327 300 17691 21809 0 0 6.89 5.47 0.75 1.11 4.01 3 22.5 0.89 1 1 2 1 1 0 1 0 0 NA
"1327" 2328 23328 18896 23013 0 0 6.55 5.3 0.66 1.74 3.25 3 25.27 0.79 2 0 2 0 1 0 1 0 0 1
"1328" 2329 11 17862 21979 0 0 6.27 6.76 1.1 2.23 4.01 3 35.54 0.75 2 0 2 1 0 0 1 0 0 1
"1329" 2330 588 20637 23104 0 0 6.84 NA NA 1.7 NA 3 25.41 0.92 1 0 2 0 1 0 0 0 0 0
"1330" 2331 23331 18525 22638 0 0 5.76 5.33 0.86 1.62 3.31 3 25.85 0.73 2 0 1 0 1 0 0 0 0 0
"1331" 2332 253 25340 26790 0 1 6.89 5.39 0.98 0.84 4.09 9.42 29.74 0.97 1 1 1 1 1 0 1 0 1 1
"1332" 2333 78 28757 29870 0 1 16.55 4.99 2.66 1.24 2.5 13.16 24.72 0.81 2 0 2 1 1 1 0 0 0 1
"1333" 2334 63 13601 17713 0 0 5.25 4 0.68 1.26 2.42 8.38 23.5 0.82 2 1 2 1 0 0 1 0 0 0
"1334" 2335 291 22176 26288 0 0 5.59 6.49 1.3 1.43 4.45 23.92 25.06 1 1 1 1 1 0 0 1 1 0 1
"1335" 2336 297 20432 24544 0 0 5.25 6.18 2.43 1.22 3.82 6.93 25.53 0.84 2 1 2 0 1 0 0 0 0 1
"1336" 2337 14 19448 23559 0 0 6.5 7.56 0.74 1.67 5.54 5.72 27.02 0.78 2 1 2 1 1 0 1 1 0 1
"1337" 2338 23338 20333 24444 0 0 6.55 5.09 1.3 1.53 2.95 4.54 26.78 0.9 1 1 3 1 0 0 1 1 1 1
"1338" 2339 4 24978 29089 0 1 10.79 4.37 1.35 1.22 2.51 28.45 31.57 0.86 2 0 2 0 1 0 1 0 1 0
"1339" 2340 314 23412 27521 0 0 6.27 8 0.88 2.19 5.39 11.79 25.53 0.81 2 0 2 0 1 0 1 1 0 1
"1340" 2341 309 17460 21569 0 0 5.48 5.35 0.65 2.02 3.03 4 24.14 0.81 2 1 2 0 1 0 0 NA 0 0
"1341" 2342 151 17946 22055 0 0 5.65 7.03 0.84 1.42 5.22 7.86 24.44 0.91 1 0 2 0 1 NA 0 NA 0 NA
"1342" 2343 72 17978 22084 0 1 6.95 5.98 0.74 1.6 4.03 10.32 21 0.81 2 0 2 1 0 0 0 0 0 0
"1343" 2344 113 19720 23826 0 1 7.74 4.42 4.21 0.94 NA 54.95 33.85 1 1 1 2 0 1 0 NA 1 0 1
"1344" 2345 268 13866 17972 0 0 6.67 6.58 1.94 1.28 4.39 8.34 28.61 0.94 2 0 3 0 1 0 0 0 1 1
"1345" 2346 590 20337 24443 0 0 5.99 5.43 1.56 1.46 3.24 3.88 27.21 0.81 2 1 2 1 0 0 1 0 0 1
"1346" 2347 266 22870 26975 0 0 6.16 7.56 2.01 1.03 5.59 6.86 23.01 0.92 1 0 2 0 1 0 0 0 0 1
"1347" 2348 890 27818 28110 1 1 6.55 7.9 2.07 1.39 5.54 28 22.85 0.87 2 0 1 1 0 0 1 0 0 1
"1348" 2349 890 29640 33745 0 0 6.16 7.52 2.95 1.17 4.97 18.7 29.9 1.15 2 0 2 1 0 0 1 1 0 1
"1349" 2350 191 24290 26037 1 1 8.64 5.53 1.17 0.93 4.05 12.18 28.4 0.96 1 1 2 1 0 1 0 0 0 0
"1350" 2351 6 15432 19536 0 0 5.48 6.82 1.9 1.23 4.7 8.48 30.55 1 1 1 2 0 1 0 1 NA 0 1
"1351" 2352 269 21169 25273 0 0 4.86 6.81 1.63 0.9 5.14 11.28 29.44 0.92 1 1 2 0 1 0 1 0 0 0
"1352" 2354 719 28696 32795 0 0 6.22 6.31 1.45 1.55 4.08 13.41 41.3 0.88 2 0 2 1 0 1 1 0 0 0
"1353" 2355 314 26608 30707 0 1 6.55 6.24 1.58 1.19 4.31 19.38 29.35 0.89 2 0 1 1 1 0 1 0 0 1
"1354" 2356 81 16248 20344 0 NA NA 5.8 0.94 1.58 3.78 6.94 25.03 0.81 2 1 2 0 1 0 1 0 1 1
"1355" 2357 69 20532 24628 0 0 6.22 5.54 0.77 1.75 3.43 4.3 27.6 0.76 2 0 2 0 0 0 1 1 0 0
"1356" 2358 141 15844 19940 0 0 5.76 5.04 0.72 1.27 3.44 4.38 28.67 0.77 2 1 2 0 0 0 1 0 0 0
"1357" 2359 5049 23984 28080 0 0 6.1 6.05 0.74 1.89 3.81 8.18 17.89 0.79 2 0 2 1 1 1 1 1 0 1
"1358" 2361 189 27290 31385 0 0 5.88 6.47 0.95 1.82 4.21 16.62 25.58 0.87 2 NA 2 1 0 0 1 NA 0 1
"1359" 2362 5049 28428 31549 1 1 8.48 7.13 3.13 0.96 4.7 21.08 31 0.82 2 0 2 1 1 NA 1 1 0 1
"1360" 2363 338 26343 30438 0 0 6.61 NA NA 1.86 NA 7.01 24.61 0.83 2 0 1 1 0 0 1 0 0 1
"1361" 2364 318 19582 23673 0 0 5.71 7.74 1.28 1.57 5.56 8.57 20.26 0.77 2 0 2 0 1 0 1 0 0 0
"1362" 2365 85 13459 17550 0 0 5.65 5.66 0.94 2.27 2.95 4.86 20.39 1.23 2 0 2 1 0 1 1 0 0 0
"1363" 2366 256 25644 29735 0 0 6.44 6.51 1.21 1.41 4.53 10.8 26.25 0.88 2 0 2 1 1 0 1 0 0 0
"1364" 2367 141 18053 22144 0 0 6.84 7.51 2.34 1 5.41 7.59 27.25 0.94 1 1 3 1 1 0 1 0 1 1
"1365" 2368 256 26698 29613 0 0 6.5 5.93 2.16 1.02 3.9 8.32 32.24 1.01 1 0 1 0 1 0 0 0 0 0
"1366" 2369 272 23516 27606 0 0 6.27 5.83 1.64 1.24 3.82 10.44 29.21 0.93 1 1 2 1 0 0 1 1 0 1
"1367" 2370 5049 25833 29923 0 0 6.95 7.17 1.13 1.8 4.84 6.67 19.96 0.83 2 0 2 1 1 0 1 1 0 1
"1368" 2371 256 19734 23824 0 0 5.59 7.2 1.38 1.45 5.1 5.74 30.05 0.81 2 0 2 0 1 1 1 0 0 1
"1369" 2372 143 22897 26987 0 1 8.14 5.66 1.61 1.19 3.71 20.56 25.72 0.82 2 1 2 1 1 1 1 1 0 1
"1370" 2373 141 20773 24862 0 0 6.89 6.27 1.81 1 4.42 8.82 31.88 0.97 1 0 2 1 1 0 1 0 0 1
"1371" 2375 283 17079 21161 0 1 8.36 6.09 2.98 1.12 3.57 17.45 27.36 0.98 1 1 1 0 1 0 1 0 0 1
"1372" 2376 283 16427 20509 0 0 6.1 5.7 2.95 1.14 3.17 6.52 23.24 0.83 2 0 2 0 1 0 1 0 0 1
"1373" 2378 269 14768 18849 0 1 7.74 7.39 3.31 1.11 4.73 35.05 31.6 1 1 1 2 1 1 0 1 0 0 1
"1374" 2379 269 13845 17926 0 0 6.16 4.68 1.74 1.25 2.62 7.44 24.58 0.88 1 1 2 1 1 0 1 0 0 1
"1375" 2381 78 18454 22532 0 0 5.82 5.83 0.85 1.29 4.14 3.16 20.66 0.86 1 1 2 0 1 0 1 0 0 0
"1376" 2382 6 16297 20375 0 0 6.1 4.34 1.03 1.76 2.1 5.2 23.39 1.32 2 0 3 1 0 0 0 0 0 1
"1377" 2385 340 19014 23090 0 0 5.42 5.92 1.04 1.61 3.82 7.5 22.48 0.79 2 0 2 0 1 0 1 0 0 0
"1378" 2386 340 15315 19391 0 0 6.78 NA NA 1.24 NA 7.22 24.22 0.93 2 1 2 NA NA NA NA NA NA NA
"1379" 2387 78 24761 28837 0 1 7.01 5.61 1.05 1.18 3.94 15.86 26.83 0.96 1 0 2 1 1 0 1 1 0 1
"1380" 2388 108 15741 19817 0 0 5.65 6.86 1.61 1.5 4.6 7.62 23.26 0.79 1 0 2 0 1 0 1 1 0 1
"1381" 2389 273 18513 22588 0 0 5.08 5.41 0.54 1.82 3.34 4.23 22.86 0.73 2 0 2 0 1 0 1 0 0 1
"1382" 2390 43 18160 22235 0 1 7.06 8.05 4.2 1.29 NA 10.42 32.27 0.85 2 0 2 1 0 0 1 1 0 1
"1383" 2391 5112 15341 19416 0 0 6.55 7.4 3.9 1.49 4.08 9.3 29.74 0.95 1 1 2 1 1 0 1 NA 0 NA
"1384" 2394 78 22719 26793 0 0 5.31 6.96 2.31 1.6 4.27 5.12 23.73 0.79 2 0 2 1 0 0 1 1 0 1
"1385" 2395 283 14726 18800 0 0 5.03 5.33 1.03 2.03 2.82 3.14 22.6 0.83 1 0 3 1 1 1 1 0 0 1
"1386" 2396 274 15701 19772 0 0 6.22 5.35 0.73 1.48 3.53 4.7 22.55 0.78 2 0 2 0 1 1 0 0 0 0
"1387" 2397 266 35371 35732 1 1 11.41 4.11 1.47 1.28 2.14 9.58 NA NA 2 0 1 1 0 0 1 1 0 1
"1388" 2399 267 20077 24148 0 0 5.71 6.2 1.27 1.27 4.34 5.42 26.4 0.8 2 0 1 1 0 0 1 0 0 1
"1389" 2400 78 15501 19571 0 0 6.33 6.5 2.48 1.24 4.1 41.14 31.96 0.87 2 1 2 1 0 0 1 0 0 1
"1390" 2401 256 23796 27866 0 0 5.48 6.55 0.95 1.08 5.03 4.62 24.32 0.89 1 0 2 1 0 0 1 0 0 1
"1391" 2402 256 22222 26292 0 0 5.65 6.87 1.66 1.25 4.84 3.82 23.46 0.77 2 0 2 0 1 0 0 0 0 0
"1392" 2403 590 32365 32546 1 1 8.14 4.23 1.17 1.01 2.67 4.95 NA NA 1 NA 1 1 0 0 1 0 0 0
"1393" 2404 155 23869 27938 0 1 8.59 5.87 1.2 1.54 3.77 7.63 28.74 0.87 1 1 2 NA NA NA 1 0 0 1
"1394" 2405 138 20778 25212 0 1 9.21 4.82 1.83 1.08 2.88 16.71 39.64 1.04 1 1 1 1 0 0 1 0 0 1
"1395" 2406 270 15067 16394 1 0 5.59 5.56 1.04 1.52 3.55 6.91 24.78 0.79 2 1 2 1 0 0 0 0 0 0
"1396" 2407 267 21912 25980 0 0 6.33 8.19 1.78 1.1 6.26 6.97 26.79 0.8 2 0 2 1 0 0 1 0 0 1
"1397" 2408 191 25672 29740 0 1 14.63 6.54 2.36 0.96 4.47 3.36 28.35 0.84 2 0 2 1 0 0 1 0 0 0
"1398" 2409 250 15442 19510 0 0 6.38 6.62 1.82 1.56 4.2 9.82 24.48 0.9 1 1 2 1 1 0 1 0 0 1
"1399" 2410 437 13372 17440 0 0 5.31 5.19 0.82 1.57 3.23 7.71 30.67 0.81 2 0 2 0 1 0 1 0 0 0
"1400" 2413 271 15041 19105 0 0 5.82 NA NA 1.57 NA 8.49 35.26 0.74 2 0 2 0 1 0 1 1 1 1
"1401" 2415 245 13807 17871 0 1 7.06 4.97 1.65 1.3 2.89 12.08 24.78 0.93 1 1 2 1 0 0 1 1 0 1
"1402" 2416 245 13095 17159 0 0 5.88 5.74 1.33 1.62 3.5 5.61 22.96 0.78 2 0 2 1 0 0 1 0 0 1
"1403" 2417 292 28124 32187 0 0 6.89 8.42 1.01 1.95 5.99 15.14 24.88 0.84 2 0 2 0 1 0 1 0 0 0
"1404" 2418 292 27517 30283 0 1 8.64 7.28 1.92 0.86 5.51 19.45 32.88 1.02 1 0 2 0 1 0 0 0 0 1
"1405" 2419 243 17151 21214 0 0 6.44 6.85 0.63 1.43 5.12 6.78 29.38 0.8 2 0 2 1 0 1 1 0 0 0
"1406" 2420 293 22245 24181 0 1 10 5.92 2.09 1.29 3.65 47.1 35.35 1.05 1 1 2 0 1 0 1 0 0 1
"1407" 2421 32 15165 19227 0 0 6.1 4.47 0.8 1.77 2.32 8.62 21.08 0.8 2 0 2 0 1 0 1 1 0 0
"1408" 2422 69 21461 25523 0 0 5.59 6.1 1.21 1.61 3.92 7.64 25.01 0.91 1 1 2 1 0 0 NA 0 0 0
"1409" 2423 23423 19819 23881 0 0 5.93 NA NA NA NA 5.45 28.22 0.97 1 0 2 NA NA NA NA NA NA NA
"1410" 2424 23424 19819 23881 0 1 13.56 7.12 3.34 1.3 4.25 20.64 26.17 0.79 1 0 2 NA NA NA NA NA NA NA
"1411" 2425 583 18458 22519 0 0 6.67 7.42 3.6 0.89 4.84 10.46 31.6 0.91 1 1 2 0 1 0 1 0 0 0
"1412" 2426 583 13636 17697 0 0 6.33 8.9 2.45 1.09 6.66 10.6 27.95 0.89 1 1 2 0 1 0 1 0 0 0
"1413" 2427 587 21485 25546 0 0 6.22 5.06 1.01 1.09 3.5 4.09 28.15 0.96 1 0 3 1 0 0 0 0 0 NA
"1414" 2428 580 26805 30866 0 0 6.67 4.93 3.12 0.89 2.58 23.97 33.25 0.79 2 0 2 NA NA NA 1 0 0 1
"1415" 2429 78 12874 16934 0 0 5.31 5.84 0.83 1.47 3.98 4.3 23.38 0.89 2 0 2 1 1 0 1 1 1 0
"1416" 2430 269 15671 19728 0 0 6.33 5.81 2.11 1.21 3.61 7.02 25.1 0.86 2 0 2 0 1 0 1 0 0 0
"1417" 2431 269 16030 20087 0 0 6.61 NA NA 1.28 NA 11.2 27.57 0.95 1 1 2 1 0 0 1 0 0 1
"1418" 2432 153 21189 25246 0 1 8.08 6.69 1.04 1.65 4.55 8.09 27.29 0.92 1 0 2 1 0 0 NA 0 0 0
"1419" 2433 23 23600 27656 0 1 6.95 5.52 1.38 1.59 3.28 6.88 24.86 1.07 1 1 2 1 0 0 1 0 0 1
"1420" 2434 580 26238 29475 0 0 5.59 6 0.97 1.23 4.32 5.29 25.21 0.86 1 1 2 0 1 0 1 0 0 1
"1421" 2435 141 19159 23215 0 0 6.33 4.93 1.56 1.23 2.97 10.24 29.14 1 1 1 2 1 1 0 0 0 0 1
"1422" 2436 141 19473 23529 0 0 6.5 6.07 1.06 1.33 4.24 11.51 26.37 0.78 2 NA 2 0 1 1 1 0 0 0
"1423" 2437 153 16691 20746 0 0 5.31 5.64 1.2 1.51 3.57 9.22 31.01 0.83 2 0 3 0 1 0 0 0 0 1
"1424" 2438 153 29409 29620 0 1 6.55 5.17 1.63 1.07 3.34 4.93 25.34 0.85 1 0 1 1 0 0 0 0 0 1
"1425" 2439 274 19254 23309 0 0 6.22 7.86 1.26 1.76 5.51 7.9 22.48 0.79 2 0 2 1 1 1 1 0 0 1
"1426" 2440 274 19176 23231 0 0 6.33 6.3 0.98 1.3 4.54 10.52 19.92 0.88 1 0 2 0 0 0 1 NA 0 NA
"1427" 2441 279 25095 29149 0 1 8.64 6.54 2.13 1.28 4.25 11.71 27.55 0.96 1 1 2 0 1 0 1 0 1 0
"1428" 2442 23442 16320 19643 0 0 6.5 5.88 0.98 1.03 4.39 9.69 24.49 0.92 1 0 2 0 1 0 1 1 0 NA
"1429" 2443 299 31652 32708 0 1 11.24 4.44 1.32 1.18 2.64 23.6 28.12 0.78 2 0 1 0 1 0 0 1 0 NA
"1430" 2444 299 21365 25419 0 0 5.65 5.72 0.93 1.38 3.9 5.84 28.55 1.38 2 0 2 NA NA NA 1 1 0 1
"1431" 2445 269 25030 29083 0 1 8.14 5.78 3.24 0.84 3.42 23.38 28.97 0.91 1 0 2 1 1 0 1 0 0 0
"1432" 2446 23446 24464 28517 0 0 5.99 6.31 1.33 1.5 4.19 11.15 26.64 0.81 2 0 1 0 1 0 0 0 0 0
"1433" 2447 252 12793 16846 0 0 5.82 4.85 1.63 0.98 3.11 11.52 30.78 1.3 2 0 2 1 1 0 1 0 0 0
"1434" 2448 283 13247 17297 0 0 5.48 5.4 1.72 1.25 3.34 4.8 25.97 0.8 2 1 3 0 1 0 1 0 0 1
"1435" 2449 283 24445 28495 0 1 12.26 8.07 5.99 1.2 NA 11.14 32.03 0.91 2 0 2 1 1 0 1 0 0 1
"1436" 2450 153 17699 21749 0 0 5.54 3.77 1.2 0.98 2.22 4.35 25.35 0.8 1 1 2 0 1 0 0 0 0 1
"1437" 2451 10 20908 24957 0 0 5.88 6.27 1.04 1.21 4.57 9.68 26.16 0.93 1 1 2 1 1 0 1 1 0 1
"1438" 2452 141 14254 18303 0 0 5.82 4.66 0.98 1.13 3.07 15.06 35.11 0.81 2 1 2 0 1 0 1 0 0 0
"1439" 2455 23455 26261 29131 1 0 6.05 4.52 0.8 1.89 2.25 5.08 24.76 0.91 1 1 1 0 1 0 1 0 1 0
"1440" 2456 298 16939 20987 0 0 6.55 5.31 1.07 1.65 3.15 3.5 20.77 0.78 2 1 2 0 1 0 0 0 1 0
"1441" 2457 298 16578 20626 0 0 5.54 5.75 0.87 1.53 3.81 3.78 20.83 0.78 2 1 2 0 1 0 1 0 1 0
"1442" 2458 587 18578 22625 0 1 14.58 7.58 1.35 1.37 5.57 5.03 24.04 0.8 2 0 2 0 1 0 NA 0 0 1
"1443" 2459 250 13990 18037 0 0 5.82 5.04 1.44 1.37 3 8.8 27.29 0.82 2 0 2 0 1 1 1 0 1 NA
"1444" 2460 141 25267 28139 1 1 15.09 7.83 1.88 1.29 5.65 11.04 34.96 0.79 2 0 1 1 0 0 1 1 0 0
"1445" 2461 141 27032 31079 0 1 6.55 3.86 0.82 1.08 2.39 12.03 27.31 0.93 1 1 1 0 0 0 1 0 0 0
"1446" 2462 23462 28563 31725 0 NA 5.2 4.61 1.82 1.15 2.61 5.6 NA 0.78 2 0 1 0 1 0 1 0 0 1
"1447" 2463 157 33748 36434 0 0 6.22 4.83 1.38 1.14 3.04 15.32 NA 0.8 2 0 1 1 1 0 NA 0 0 1
"1448" 2464 255 15490 19533 0 0 6.72 5.88 0.67 1.74 3.83 5.58 21.19 0.8 2 0 2 1 0 0 0 0 0 1
"1449" 2465 279 16986 21029 0 0 6.55 5.81 1.64 1.38 3.66 12.5 32.42 0.79 2 0 2 1 0 0 0 0 0 0
"1450" 2466 316 26136 27990 1 1 12.54 4.25 1.16 1.34 2.36 12.6 25.81 0.86 2 0 2 1 0 0 1 1 0 NA
"1451" 2467 316 12796 16839 0 0 6.33 6.69 1.23 1.24 4.87 17.4 39.25 0.9 1 0 2 1 0 0 0 0 0 1
"1452" 2468 256 14500 17259 0 0 6.38 5.25 2.17 0.88 3.35 4.88 26.28 0.95 1 1 2 0 1 0 1 NA 0 1
"1453" 2470 32 15682 19723 0 0 6.22 6.13 1.36 1.24 4.25 7.42 26.8 0.97 1 1 2 0 1 0 1 1 0 1
"1454" 2471 150 20840 24881 0 0 5.88 7.66 2.18 1.25 5.39 9.98 25.95 0.95 1 1 3 1 0 1 0 0 0 0
"1455" 2472 10 19539 23580 0 0 5.48 4.7 0.57 1.86 2.57 4.95 20 0.78 2 0 2 1 0 0 1 0 0 1
"1456" 2473 6 15677 19717 0 0 5.76 4.54 1.47 1.19 2.66 5.95 28.65 0.87 2 0 2 1 1 1 0 0 0 1
"1457" 2475 150 18371 22411 0 0 6.05 6.22 0.72 1.61 4.27 5.57 25.97 0.82 2 0 2 0 0 1 1 1 0 0
"1458" 2476 150 23734 27774 0 0 6.44 6.22 0.96 1.12 4.65 4.06 25.99 1.04 1 1 2 0 0 0 1 0 0 0
"1459" 2477 277 32507 34569 0 1 9.72 5.86 1.77 1.07 3.96 11.36 29.86 0.9 2 0 1 1 0 0 1 0 0 NA
"1460" 2478 277 28804 29280 0 1 7.34 5.11 0.9 1.4 3.29 3.12 18.44 NA 2 0 1 0 1 0 1 0 0 1
"1461" 2479 150 29665 30664 1 1 6.33 7.89 2.81 0.9 5.67 10.62 18.36 NA 2 0 1 0 0 0 1 0 0 0
"1462" 2480 288 29415 29465 1 1 7.12 5.57 2.42 0.98 3.45 16.61 35.32 0.88 1 1 1 1 0 0 1 0 0 0
"1463" 2481 126 26858 29304 1 1 10.17 6.87 3.3 0.94 4.38 23.47 31.72 0.98 1 1 1 0 1 0 0 0 0 0
"1464" 2482 263 33301 33999 0 1 11.75 7.05 4.51 0.93 NA 18.36 28.29 0.91 2 0 1 0 1 0 1 0 0 0
"1465" 2484 23 23748 27784 0 0 6.72 5.77 1.98 1.17 3.67 27.24 26.67 0.82 2 0 2 1 1 0 1 0 0 1
"1466" 2485 150 26845 27645 0 1 6.5 10.8 3.53 1.17 7.97 18.8 28.93 0.83 2 0 2 0 0 0 0 0 0 1
"1467" 2486 150 25794 29830 0 0 5.99 6.94 1.12 1.76 4.65 4.84 27.8 0.81 2 0 1 0 0 0 1 0 0 0
"1468" 2487 206 26620 30655 0 0 6.16 7.01 0.9 2.1 4.49 8.32 28.41 0.8 2 0 2 1 1 0 1 0 0 1
"1469" 2488 284 19347 23382 0 0 6.27 4.59 1.67 1.3 2.51 6.34 25.03 0.96 1 1 2 1 0 0 1 0 1 1
"1470" 2489 284 28274 28312 1 1 7.68 5.92 1.7 1.12 4.01 16.34 33.45 0.85 2 0 1 1 0 0 1 0 0 1
"1471" 2490 57 14929 18963 0 1 8.36 7.56 4.25 0.99 NA 43.68 34.4 1 1 1 2 1 1 0 0 0 0 1
"1472" 2492 279 14910 18944 0 0 5.71 4.68 0.43 1.71 2.77 3.14 22.76 0.78 2 0 2 1 1 1 1 NA 0 NA
"1473" 2493 150 22544 25910 0 0 5.71 5.59 1.84 1.32 3.41 17.06 30.86 0.74 2 0 2 0 1 0 NA 0 0 0
"1474" 2494 23494 12983 17016 0 0 5.14 5.07 0.78 1.37 3.34 4.22 20.94 0.92 1 0 2 1 0 0 1 0 1 1
"1475" 2495 291 29919 32745 1 1 7.57 5.64 0.85 1.72 3.52 10.53 27.27 0.86 2 0 1 0 1 0 1 0 0 0
"1476" 2499 269 13876 17908 0 0 5.25 5.14 0.81 1.62 3.14 5.06 24.88 0.78 2 1 2 1 0 0 1 NA 0 1
"1477" 2500 284 26181 30213 0 0 6.38 6.38 0.9 1.49 4.47 3.74 19.72 0.86 1 1 2 1 0 0 1 0 0 1
"1478" 2501 78 17303 21332 0 0 5.88 7.78 2.49 1.11 5.5 5.53 26.83 0.99 1 1 2 0 1 1 1 0 0 0
"1479" 2502 150 17824 21853 0 0 5.31 5.95 0.63 1.92 3.73 3.8 23.34 0.73 2 0 2 0 1 1 0 1 0 0
"1480" 2503 304 24540 28569 0 1 10.9 5.81 0.98 1.2 4.15 19.86 33.2 0.99 1 1 2 0 1 0 1 0 0 0
"1481" 2504 283 15936 19964 0 0 5.93 5.95 3.93 1.26 2.84 7.44 29.07 0.92 1 1 1 0 1 0 1 0 0 1
"1482" 2505 308 23986 28014 0 1 6.16 6.37 2.32 1 4.28 7.49 27.66 0.86 2 0 1 1 1 0 0 0 0 1
"1483" 2506 139 13781 17809 0 0 5.37 4.21 0.95 1.16 2.6 4.34 25.09 0.77 2 1 2 1 0 0 1 0 0 0
"1484" 2507 23507 16433 20460 0 0 5.42 5.31 0.78 1.48 3.47 3.33 21.8 0.73 2 0 2 0 1 0 1 0 0 1
"1485" 2509 151 23852 27879 0 1 11.75 6 1.18 1.13 4.32 11.01 26.23 0.95 1 1 2 0 0 0 1 0 0 0
"1486" 2510 23510 15058 19085 0 0 5.03 4.76 0.79 1.34 3.05 3.56 21.11 0.8 2 1 2 0 1 0 0 1 1 0
"1487" 2511 277 13653 17680 0 0 5.48 4.93 0.59 2.01 2.64 6.6 22.63 0.89 2 0 2 1 0 0 1 0 0 0
"1488" 2513 5121 18542 22192 0 0 6.22 4.86 1.38 1.38 2.83 9.04 27.68 0.96 1 1 2 0 1 0 1 0 0 1
"1489" 2514 151 24036 25327 0 0 6.05 6.82 1.22 1.95 4.3 4.72 26.08 0.88 2 0 2 1 0 0 1 0 0 0
"1490" 2516 363 13109 16758 0 0 5.76 5.69 1.28 1.59 3.5 2.9 26.93 0.94 2 0 2 1 0 0 1 0 1 1
"1491" 2517 277 26269 29918 0 0 6.1 4.16 0.73 1.63 2.19 5.53 24.31 0.89 1 1 2 0 1 0 1 0 0 1
"1492" 2518 267 22936 26585 0 0 5.88 5.02 2.04 0.96 3.11 13.67 25.31 0.91 1 1 2 1 0 0 0 0 0 1
"1493" 2519 256 18523 22172 0 0 6.27 9.67 6.04 NA NA 9.48 26.88 0.97 1 1 2 0 1 1 1 0 0 NA
"1494" 2520 284 19639 23282 0 0 5.42 4.75 0.59 2.2 2.27 7.32 22.41 0.78 2 0 2 1 1 0 1 0 0 1
"1495" 2521 5121 22389 26032 0 1 7.74 5.82 1.5 1.75 3.37 14.02 25.51 0.85 2 0 2 0 0 0 NA 0 1 0
"1496" 2522 257 21477 25120 0 0 6.67 8.12 1.23 2.11 5.43 16.44 32.85 0.87 2 0 2 1 1 NA 1 0 0 0
"1497" 2523 278 19583 23226 0 0 5.59 5.21 1.35 1.42 3.16 15.02 27.55 0.81 2 0 2 1 0 NA 1 0 0 1
"1498" 2524 352 20568 24210 0 0 5.25 7.31 0.76 2.04 4.91 10.86 25.26 0.71 2 0 2 NA NA NA 1 0 0 1
"1499" 2525 23525 19203 22845 0 0 5.2 7.35 2.16 1.04 5.29 3.4 21.97 0.79 2 0 3 0 1 0 1 0 0 1
"1500" 2526 32 17063 20705 0 0 6.05 4.99 0.98 1.17 3.36 9.6 27.47 0.9 1 1 2 0 1 0 1 1 0 1
"1501" 2527 23527 12946 16588 0 0 5.25 5.3 0.6 1.92 3.1 7.23 21.76 0.77 2 0 2 0 1 NA 1 0 0 0
"1502" 2528 292 19475 23111 0 0 5.54 5.7 1.11 1.85 3.33 10.34 35.32 0.9 2 1 2 0 0 0 1 1 0 0
"1503" 2530 153 23802 25944 1 0 6.22 7.82 1.26 1.69 5.54 9.16 25.95 0.79 2 0 2 NA NA NA 1 0 0 1
"1504" 2531 309 15375 19011 0 0 5.25 4.66 0.56 1.81 2.59 2.9 23.34 0.82 2 0 2 NA NA NA 0 NA 0 NA
"1505" 2532 267 20768 24403 0 0 6.22 6.33 1.84 1.26 4.21 5.89 29.01 0.89 1 1 2 NA NA NA 1 0 0 1
"1506" 2533 358 20405 24040 0 0 6.05 5.07 1.13 1.38 3.16 10.04 28.44 0.84 2 0 2 1 0 0 1 1 0 NA
"1507" 2534 23534 20579 21903 0 0 6.27 6.39 1 1.81 4.11 9.95 24.17 0.72 2 0 2 1 1 0 0 1 0 0
"1508" 2535 23535 21506 25141 0 0 6.27 5.36 3.12 0.88 3.01 21.42 32.6 0.99 1 1 2 1 0 0 1 0 0 1
"1509" 2537 23537 16034 19663 0 0 5.65 5.55 0.79 2.29 2.89 3.1 24.03 0.78 2 0 2 0 1 0 0 1 0 0
"1510" 2538 310 13627 17256 0 0 5.25 5.77 0.69 1.84 3.61 3.42 20.51 0.8 2 0 2 0 1 0 0 0 0 1
"1511" 2539 277 18179 21808 0 0 6.1 4.26 1.67 1.5 1.97 11.24 31.63 0.82 2 1 2 0 0 0 1 0 0 0
"1512" 2540 23540 17365 20993 0 0 5.99 6.75 1.57 1.18 4.83 17.4 27.77 0.94 1 1 3 0 1 0 1 0 0 0
"1513" 2541 190 25277 28905 0 0 6.16 6.09 1.27 1.2 4.29 10.17 24.84 0.81 2 0 2 NA NA NA 1 0 0 1
"1514" 2542 23542 18456 22084 0 0 5.08 6.75 0.92 1.95 4.37 7.34 22.32 0.76 2 0 2 0 0 0 1 0 0 1
"1515" 2543 293 22912 26540 0 0 6.72 7.84 1.16 1.51 5.78 18.38 33.2 0.81 2 0 1 1 1 1 1 0 0 1
"1516" 2544 23544 14721 18343 0 0 5.88 5.73 1.76 1.34 3.56 8.88 29.45 0.92 1 0 2 0 1 0 0 1 0 1
"1517" 2545 23545 16198 19820 0 0 5.42 5.93 2.84 1.3 3.3 12.52 21.49 0.85 2 1 2 1 1 0 1 0 0 1
"1518" 2547 23547 15265 18887 0 0 5.76 5.38 1.72 1.23 3.34 14.94 27.59 0.84 2 0 2 1 0 0 1 0 0 0
"1519" 2548 591 28991 32612 0 0 5.82 5.92 1.44 1.09 4.15 14.12 27.25 0.84 2 0 2 0 0 0 1 0 0 1
"1520" 2549 149 27061 30682 0 0 6.16 10.41 4.22 0.81 NA 9.93 22.49 0.94 1 0 2 0 0 0 1 0 0 0
"1521" 2550 5121 16943 20564 0 0 5.76 4.97 1.94 1.25 2.81 NA 29.4 0.93 1 1 2 1 0 0 1 0 0 0
"1522" 2551 186 24851 28472 0 0 5.65 5.84 0.77 1.78 3.7 NA 24.44 0.84 2 0 1 0 1 0 1 0 0 0
"1523" 2552 123 20143 23519 0 0 5.2 5.39 0.53 1.58 3.56 NA 27.74 0.75 2 0 2 1 0 0 1 0 0 0
"1524" 2553 123 28417 31792 0 0 5.2 NA NA NA NA NA NA NA 2 NA NA 0 1 0 1 1 0 1
"1525" 2554 277 25873 29247 0 0 5.54 6.72 2.41 1.11 4.47 NA 29.13 0.94 1 0 2 1 0 0 1 NA 1 1
"1526" 2555 277 26494 29868 0 0 5.82 6.78 2.04 1.28 4.54 NA 29.71 0.97 1 0 2 1 0 0 1 0 1 0
"1527" 2556 277 20706 24080 0 0 6.05 6.22 1.27 1.37 4.25 NA 28.07 0.97 1 1 2 NA NA NA 1 0 1 1
"1528" 2557 123 22878 26249 0 0 5.31 7.24 1.64 1.36 5.11 NA 26.29 0.79 2 0 2 1 0 0 1 0 0 1
"1529" 2558 55 13676 17047 0 0 6.72 5.96 3.7 1.48 2.74 NA 35.76 0.87 2 0 2 0 1 0 1 0 0 1
"1530" 2559 55 17936 21307 0 0 5.42 5.13 1.39 1.3 3.18 NA 26.08 0.79 2 0 2 1 0 0 1 0 0 0
"1531" 2560 95 15839 19209 0 0 5.99 5.22 0.96 1.22 3.55 NA 22.76 0.84 2 0 2 0 0 0 1 0 0 1
"1532" 2561 123 20149 23519 0 0 5.03 5.65 0.63 1.74 3.61 NA 27.43 0.8 2 0 2 1 0 0 1 0 1 1
"1533" 2562 123 22031 25401 0 0 5.31 6.59 2.83 1.46 3.8 NA 22.43 0.77 2 0 2 1 0 0 1 0 0 1
"1534" 2563 123 25249 28618 0 0 5.37 4.8 1.61 1.39 2.65 11.46 27.22 0.91 1 0 2 0 0 0 1 0 0 1
"1535" 2565 123 22681 26050 0 0 6.16 7.3 2.01 1.12 5.24 3.77 25.9 0.95 1 1 2 1 0 0 1 0 0 1
"1536" 2566 32 16811 20180 0 1 7.01 6.19 2.04 1.12 4.11 13.2 33.51 0.9 1 1 2 0 1 0 1 0 0 0
"1537" 2567 55 31306 31536 1 1 6.33 NA NA NA NA NA 25.95 NA 1 1 2 0 1 0 1 0 0 1
"1538" 2568 123 13465 16467 0 0 5.54 4.55 0.77 1.35 2.84 4 21.16 0.82 1 0 NA 1 0 0 1 0 0 1
"1539" 2569 123 18143 21506 0 0 6.22 5.43 1.37 1.45 3.34 3.74 26.37 0.86 1 1 2 1 0 0 1 0 1 0
"1540" 2570 55 17303 20666 0 0 5.71 4.5 1.28 1.35 2.55 4.61 25.46 0.77 2 1 2 0 1 0 1 0 0 NA
"1541" 2571 123 21829 25192 0 0 5.65 7.34 2.03 1.4 4.99 NA 26.57 0.94 1 1 2 1 0 NA 1 0 0 NA
"1542" 2572 123 23055 26417 0 0 5.25 7.81 1.62 1.28 5.77 NA 23.88 0.96 2 0 2 NA NA NA 1 0 0 NA
"1543" 2573 123 14403 17765 0 0 6.61 5.38 2.91 1.09 2.93 10.88 25.76 0.95 1 0 2 0 1 0 1 0 0 1
"1544" 2575 123 32847 33889 1 0 5.54 NA NA NA NA NA NA NA 2 NA NA 1 0 0 1 0 0 1
"1545" 2576 483 29659 30215 1 1 13.33 NA NA NA NA NA 26.71 NA 2 0 1 1 1 0 1 0 0 1
"1546" 2577 95 29687 33002 1 1 6.78 NA NA NA NA NA 20.03 NA 2 0 1 0 1 0 1 0 0 1
"1547" 2580 55 16217 19573 0 1 5.71 4.64 2.77 1.4 1.94 NA 30.86 0.83 2 0 2 0 1 0 NA 0 1 0
"1548" 2584 23584 21933 25289 0 0 5.93 5.82 1.02 1.34 4 NA 28.07 0.93 1 1 2 1 0 0 NA 1 0 1
"1549" 2586 277 21619 24974 0 0 6.89 5.05 1.55 1.14 3.18 NA 31.51 0.95 1 1 2 1 0 0 1 0 0 0
"1550" 2587 23587 28679 29604 1 1 7.57 7.09 1.02 1.73 4.88 12.21 22.46 0.9 2 0 1 1 1 0 0 0 0 0
"1551" 2588 186 24932 27997 0 1 17.97 7.38 2.8 0.95 5.11 12.23 25.92 0.85 2 0 2 0 0 0 1 0 NA 0
"1552" 2589 186 23586 26673 0 1 8.25 NA NA NA NA 20.46 35.35 1.01 1 0 2 0 1 0 NA 0 0 0
"1553" 2590 192 29067 29534 0 1 6.1 2.4 0.71 0.81 1.26 7.35 22.49 0.92 1 0 NA 0 0 0 1 1 1 1
"1554" 2591 19 19137 22202 0 1 19.89 7.24 5.99 NA NA 24.14 30.98 0.93 2 0 2 0 0 0 1 0 0 0
"1555" 2592 153 34712 37411 0 1 5.65 6.09 0.63 1.49 4.3 6 21.11 0.85 2 0 1 1 0 0 0 0 0 1
"1556" 2593 187 27347 30412 0 1 8.7 5.86 1.49 1.45 3.71 14.6 35.21 1.25 2 0 2 0 1 0 1 0 1 0
"1557" 2594 286 31388 32069 1 1 7.01 4.4 2.57 0.75 2.44 20.4 29.94 0.79 2 0 1 0 0 0 1 0 0 NA
"1558" 2595 188 27020 28634 1 1 6.44 4.98 0.98 1.33 3.19 30.46 25.77 0.86 1 0 2 0 1 0 NA 0 0 0
"1559" 2596 294 21345 24396 0 1 10.62 5.76 1.32 0.84 4.3 17.38 31.12 0.93 1 1 2 1 1 1 NA 0 0 0
"1560" 2597 191 21035 24086 0 1 10.74 8.4 1.22 1.07 6.75 15.18 32.11 0.98 1 0 2 0 0 0 1 0 0 0
"1562" 2599 188 28228 31279 0 1 5.31 7.93 3.39 0.96 5.37 12.94 20.59 0.78 2 0 1 0 1 0 0 0 0 0
"1563" 2600 189 30298 32031 0 1 17.4 7.66 2.19 1.33 5.3 84.88 27.45 0.8 2 0 2 1 0 0 1 0 0 1
"1564" 2602 536 26875 29444 0 1 6.84 NA NA NA NA 26.2 26.51 1.02 1 1 NA 0 0 0 1 0 0 0
"1565" 2603 50 25631 28202 0 0 6.05 NA NA NA NA 8.36 29.4 1.01 1 0 NA 0 1 0 1 0 0 1
"1566" 2604 238 25074 28036 0 0 5.99 4 1.25 0.74 2.67 4.82 22.49 0.85 1 0 2 0 1 0 0 1 0 1
"1567" 2605 722 29151 30987 0 1 13.9 5.56 2.03 0.96 3.65 40.61 33.56 1.01 1 1 1 1 0 1 1 0 0 0
"1568" 2606 254 28752 31014 1 1 12.2 6.17 2.81 1.17 3.68 24.77 36.31 0.88 2 0 2 0 1 1 1 0 0 0
"1569" 2607 254 25989 28898 0 1 9.49 4.77 1.48 0.96 3.12 12.9 30.12 1.07 1 1 2 NA NA NA 0 0 0 0
"1570" 2608 256 22427 24998 0 0 6.89 NA NA NA NA 8.56 25.1 0.81 2 0 NA 1 0 1 0 0 0 1
"1571" 2609 252 25494 28442 0 0 6.1 3.69 5.44 0.61 NA 16.55 32.98 1.05 1 1 2 1 0 0 1 0 0 1
"1572" 2610 187 27780 29462 0 0 6.55 3.81 1.68 1.05 1.97 5.34 25.77 0.96 1 1 1 0 1 0 1 1 0 0
"1573" 2611 290 24624 27572 0 0 5.54 4.91 0.93 0.77 3.7 6.12 26.7 0.97 1 0 2 0 1 0 1 0 0 1
"1574" 2612 255 27990 28483 1 1 7.01 NA NA NA NA 18.18 29.07 1.02 1 1 NA 0 0 0 1 0 0 1
"1575" 2613 255 26877 29824 0 1 15.71 7.42 2.61 0.56 5.63 15.09 21.51 NA 2 0 1 1 1 0 0 0 0 1
"1576" 2614 188 13741 16464 0 0 5.37 5.72 0.83 1.84 3.49 2.84 20.2 0.81 1 1 1 0 1 0 1 0 0 0
"1577" 2615 191 28582 31298 0 0 6.1 5.83 1.66 0.88 4.17 NA 29.68 1.02 1 1 2 0 0 0 1 0 0 0
"1578" 2616 141 19217 21930 0 1 13.56 5.14 2.02 1.18 3.01 14.85 29.59 0.9 1 1 2 NA NA NA 1 NA NA NA
"1579" 2618 352 26945 29644 0 0 6.16 6.71 1.81 0.85 5.01 9.23 24.09 0.96 1 1 2 0 1 0 0 0 0 0
"1580" 2619 256 32153 33033 0 1 13.45 5.87 5.83 NA NA 16.17 24.38 NA 2 0 1 0 0 1 1 0 0 1
"1581" 2620 256 27264 28452 1 1 7.68 4.98 1.94 0.7 3.36 16.07 23.81 1.01 1 0 2 1 0 1 0 0 0 1
"1582" 2621 263 26827 29461 0 1 10.17 4.88 1.98 0.96 2.99 5.67 22.13 1 1 0 2 0 1 0 NA 1 0 0
"1583" 2622 263 32372 32565 1 1 6.33 5.52 1.14 1 3.99 6.61 24.68 1.02 1 1 1 NA NA NA 1 0 0 0
"1584" 2623 141 24895 27528 0 0 6.22 NA NA NA NA 7.21 27.28 0.84 2 0 2 NA NA NA 1 0 0 0
"1585" 2624 191 26442 29074 0 1 13.11 NA NA NA NA 4.62 26.96 0.96 1 0 2 1 1 NA 1 0 0 1
"1586" 2625 191 24237 26866 0 1 11.19 5.83 1.71 0.91 4.12 10.48 26.49 0.95 1 1 2 NA 1 0 1 0 0 1
"1587" 2626 890 18957 21582 0 1 7.34 NA NA NA NA 7.21 22.06 0.91 1 1 2 0 1 0 0 1 0 NA
"1588" 2628 23628 21935 24556 0 0 6.33 NA NA NA NA 4.91 22.46 0.88 1 0 2 1 0 0 1 0 0 1
"1589" 2629 155 24934 27554 0 0 6.27 NA NA NA NA 9.62 26.77 0.85 2 0 2 0 1 0 1 0 0 1
"1590" 2630 583 31083 32207 1 1 5.31 6.83 1.41 1.42 4.75 25.9 24.46 NA 1 0 1 1 1 0 1 0 0 1
"1591" 2632 141 16930 19543 0 0 6.33 5.64 1.92 1.05 3.69 5.86 25.88 0.93 1 1 1 0 1 0 0 0 0 0
"1592" 2633 57 27895 30502 0 1 6.95 NA NA NA NA 12.46 30.8 0.79 2 0 2 1 0 0 1 0 0 0
"1593" 2634 263 24130 26735 0 1 4.86 7.07 0.76 1.35 5.36 14.6 26.72 0.82 2 1 2 1 0 0 1 0 0 0
"1594" 2635 263 23370 25971 0 1 8.81 6.41 1.66 1.05 4.58 4.95 36.13 0.95 2 0 2 1 1 0 1 0 0 0
"1595" 2636 352 24543 27142 0 0 6.33 6.91 0.61 1.68 4.94 6.62 21.48 0.76 2 0 2 1 0 0 0 0 0 0
"1596" 2637 263 26091 28685 0 0 6.67 5.91 0.99 1.11 4.33 13.2 26.7 0.98 1 1 NA 0 1 0 1 NA 0 0
"1597" 2638 191 25052 26446 1 1 15.59 5 2.83 0.63 3.04 7.44 24.3 NA 1 NA 1 0 1 0 1 1 0 1
"1598" 2639 254 16260 18852 0 1 7.29 4.15 1.03 1.3 2.37 12.34 31.6 0.8 2 1 2 0 1 0 0 0 0 0
"1599" 2641 309 33068 34041 0 1 6.33 3.67 1.01 0.88 2.32 10.96 24.22 NA 1 0 1 0 1 0 1 0 0 0
"1600" 2642 583 18081 20659 0 1 5.99 7.45 1.83 1.05 5.54 7 27.99 0.99 1 1 2 0 1 0 NA 1 1 1
"1601" 2643 583 19033 21611 0 0 5.76 6.77 0.58 1.72 4.78 4.43 31.64 0.75 2 1 3 1 1 0 1 1 0 NA
"1602" 2644 263 25849 28427 0 1 7.4 NA NA NA NA 6.03 22.6 0.91 1 1 1 1 1 0 1 0 0 0
"1603" 2645 23645 24333 24873 1 0 6.78 NA NA NA NA 6.34 21.71 0.89 1 1 2 0 1 1 1 1 0 1
"1604" 2646 263 21997 24569 0 1 9.15 5.43 0.91 1.06 3.94 10.95 25 0.84 2 1 2 1 1 1 1 0 0 0
"1605" 2647 4 17676 20248 0 1 6.33 5.98 0.85 1.57 4.01 6.26 28.52 0.88 2 0 2 1 1 0 NA 0 0 0
"1606" 2648 283 27407 29971 0 0 6.27 NA NA NA NA 7.42 25.4 1.1 1 1 2 0 1 1 1 1 0 1
"1607" 2649 123 23693 24652 1 NA NA 3.97 1.61 0.77 2.44 NA 28.41 1 1 0 1 1 0 0 1 0 0 NA
"1608" 2650 80 27404 29721 0 0 6.89 5.88 1.45 1.57 3.62 8.53 26.56 0.89 2 0 1 1 1 1 1 0 0 1
"1609" 2651 121 31020 32836 0 0 5.3 7.45 1.51 1.29 5.45 17 31.59 0.81 2 0 2 0 0 0 1 0 0 0
"1610" 3000 125 30306 31336 1 1 11.53 6.06 1.24 1.27 4.21 8.5 24.2 0.9 2 0 2 0 0 0 1 0 0 1
"1611" 3001 34 24827 25430 0 1 8.14 7.48 2.95 0.73 5.36 11.5 22.85 0.98 1 1 1 0 1 1 1 0 0 0
"1612" 3002 600 32039 32398 1 1 7.06 5.21 0.78 1.36 3.48 8.5 30 0.95 2 0 1 1 1 0 0 1 0 1
"1613" 3003 600 22201 24338 1 0 5.93 6.07 1.66 1.42 3.87 7 23.92 0.98 1 1 2 1 0 0 1 0 0 1
"1614" 3004 600 20864 25277 0 0 5.76 8.78 1.45 2.27 5.83 14 34.61 0.88 2 0 2 1 1 0 1 NA 0 0
"1615" 3005 34 15215 19626 0 0 4.69 5.66 0.65 1.89 3.47 5 27.78 0.94 1 1 2 0 1 0 1 0 0 0
"1616" 3006 34 14075 18460 0 0 4.75 3.47 0.84 1.05 2.03 3 21.85 0.88 2 1 2 0 1 1 1 1 0 0
"1617" 3007 658 13072 17479 0 0 4.97 7.06 0.65 1.88 4.88 8 21.56 0.93 2 1 2 1 0 1 0 0 1 1
"1618" 3008 658 23816 28223 0 1 7.34 5.72 1.54 1.04 3.96 13 26.38 0.99 1 1 1 1 0 0 1 1 1 NA
"1619" 3009 725 22229 25883 0 0 5.14 5.63 1.3 1.75 3.27 4.5 21.8 0.82 2 0 2 1 0 0 1 NA 0 1
"1620" 3010 458 15867 20271 0 0 5.03 5.22 0.76 1.14 3.72 5 21.32 0.9 2 0 2 1 1 0 1 NA 0 1
"1621" 3013 719 25305 29704 0 0 5.14 6.65 1.28 1.58 4.47 13 25.97 0.97 2 0 3 0 1 0 1 0 0 0
"1622" 3014 719 24785 29182 0 0 4.58 5.33 1.02 1.32 3.53 2 21.57 0.89 1 0 3 0 1 0 1 0 0 0
"1623" 3015 293 29033 29575 1 1 7.51 5.69 1.87 0.89 3.92 14.5 26.39 0.99 1 0 1 1 1 1 1 0 0 0
"1624" 3016 118 31348 33179 0 1 5.14 3.97 1.04 0.92 2.56 10.5 31.2 1 1 0 1 0 1 0 1 0 0 0
"1625" 3017 293 25280 29310 0 0 5.37 4.92 1.17 0.94 3.43 5.5 24.34 0.95 1 0 2 1 1 1 1 0 0 0
"1626" 3018 27 28866 33259 0 0 4.8 4.7 1.3 0.91 3.18 9.5 23.19 0.97 1 0 3 1 0 0 0 1 0 0
"1627" 3019 27 29401 32785 1 0 4.58 4.77 1.55 1.21 2.83 15 28.16 0.92 2 0 2 1 1 0 1 0 0 0
"1628" 3020 27 24074 28466 0 0 4.75 6.05 1.63 0.96 4.32 10 26.13 0.92 2 0 2 1 0 0 1 0 0 NA
"1629" 3021 27 28372 32764 0 0 6.44 5.63 1.03 1.64 3.5 20 26.75 0.93 2 0 3 1 1 0 1 1 0 0
"1630" 3022 719 33323 37715 0 1 6.22 6.6 2.52 1.22 4.2 29 24.71 NA 2 0 2 0 0 0 1 0 0 0
"1631" 3023 451 24658 24669 1 1 5.88 5.41 1.23 1.06 3.78 4 22.68 0.94 1 1 3 1 1 0 1 0 0 0
"1632" 3024 7 17831 22217 0 0 4.24 5.11 1.58 1.11 3.26 10.5 30.75 0.95 2 0 3 0 1 0 0 0 0 0
"1633" 3027 726 20443 24828 0 0 5.14 5.91 1.47 1.19 4.03 5 26.3 0.86 2 0 2 1 1 0 1 0 0 0
"1634" 3028 27 18811 22467 0 0 5.65 6.67 2.1 0.83 4.85 20 26.06 0.99 1 1 2 0 1 0 1 0 0 0
"1635" 3029 652 22747 27130 0 0 5.37 6.15 1.45 1.07 4.4 6 24.73 0.99 1 1 2 0 1 0 1 0 1 1
"1636" 3030 27 27069 27407 0 1 10.96 4.92 1.46 1.21 3.02 22 24.59 1 1 0 2 1 1 0 1 0 0 0
"1637" 3032 626 15793 20171 0 0 5.99 4.91 1.05 1.14 3.27 8.5 27.41 0.91 2 1 3 0 1 0 0 1 0 0
"1638" 3033 626 27295 31673 0 1 13.73 7.07 2.9 0.97 4.73 17 32.88 0.94 2 0 1 0 1 0 0 0 0 0
"1639" 3034 451 15673 20023 0 0 6.16 5.46 1.39 1.3 3.5 18 29.46 0.96 2 0 3 1 1 0 1 0 0 1
"1640" 3035 451 14088 18438 0 0 5.88 6.17 2.72 1.21 3.68 26.5 29.92 1.05 1 1 2 1 1 0 1 0 0 1
"1641" 3036 738 22090 26468 0 1 16.27 5.15 1.6 1.19 3.21 11 31.43 0.95 2 0 1 1 1 0 1 1 0 0
"1642" 3037 30 19377 23753 0 0 5.65 5.51 1.41 1.09 3.76 5 24.38 0.99 1 1 2 0 0 0 0 1 0 0
"1643" 3038 627 25255 26599 0 1 13.56 4.8 1.49 1.34 2.75 13 27.37 1.01 1 1 3 0 1 1 0 0 0 0
"1644" 3040 120 13381 17540 0 0 5.2 NA NA 0.91 NA 7.26 27.08 1.05 1 1 3 0 1 0 1 0 0 1
"1645" 3041 451 12997 17347 0 0 5.93 6.49 2.31 1.1 4.31 18.5 28.97 1.06 1 1 3 1 1 0 1 0 0 1
"1646" 3042 25 17904 22275 0 0 6.55 6.01 3.02 1.06 3.53 13.5 31.17 0.98 1 1 3 1 1 0 1 0 0 0
"1647" 3043 27 19961 24330 0 0 6.05 6.34 1.62 1.38 4.2 7.5 26.74 0.84 2 1 3 1 1 0 1 0 0 1
"1648" 3044 53 25850 29958 1 1 9.04 5.33 1.88 1.48 2.96 14.5 28.88 0.94 2 0 3 0 1 0 1 1 0 1
"1649" 3046 30 20929 23256 0 1 9.6 5.27 3.69 0.83 2.7 29 27.94 0.92 2 1 2 0 0 0 0 1 0 0
"1650" 3047 631 18803 23167 0 0 5.54 4.54 0.47 1.78 2.54 5.5 24.2 0.81 2 0 2 0 1 0 0 1 0 1
"1651" 3048 631 27918 32282 0 1 7.29 5.27 1.18 1.79 2.93 7 31.56 0.93 2 0 1 0 1 0 0 1 0 1
"1652" 3049 54 17822 22184 0 0 5.82 5.28 0.7 1.4 3.55 5 25.59 0.97 1 NA 2 1 1 0 1 1 0 0
"1653" 3050 642 17871 22229 0 0 5.76 4.6 1.27 NA NA 9 27.93 0.9 2 1 2 1 0 0 1 0 0 1
"1654" 3051 104 30531 30878 1 1 10.51 5.25 1.72 0.97 3.48 4 21.41 0.99 2 0 1 0 1 0 1 0 0 1
"1655" 3052 25 30982 34614 1 0 5.54 7.75 2.16 1.42 5.31 12.5 37.54 0.85 2 0 1 1 0 0 1 0 0 0
"1656" 3053 726 28587 32040 1 1 7.8 5.81 2.25 1.01 3.74 10.5 29.48 0.94 2 0 2 1 1 0 1 1 0 1
"1657" 3055 631 30065 32457 0 0 5.99 4.88 1.16 1.23 3.1 12 24.56 0.92 1 0 1 0 1 0 0 1 0 1
"1658" 3056 54 16291 20653 0 0 5.93 5.49 0.82 1.17 3.93 9 24.28 0.98 1 0 2 1 1 0 1 0 0 1
"1659" 3057 727 13314 17676 0 0 6.05 4.27 0.97 1.37 2.44 6.5 28.79 0.91 2 1 2 0 0 1 0 0 0 1
"1660" 3060 351 19665 24020 0 1 7.29 5.03 1.46 0.93 3.41 28 30.08 1.02 1 1 2 1 0 0 1 0 0 0
"1661" 3061 115 20377 24735 0 1 9.27 NA NA 1.32 NA 10.5 25.66 0.93 1 NA NA 1 0 0 1 0 0 1
"1662" 3062 243 16228 20586 0 0 5.54 5.39 0.53 1.69 3.45 NA 24.17 0.85 2 0 2 0 1 0 1 0 0 1
"1663" 3063 121 19138 23495 0 1 15.76 7.04 4.38 1.14 NA 9 30.63 1.04 1 1 3 0 1 0 1 0 0 0
"1664" 3064 121 28925 32438 0 1 7.34 6.07 2.55 0.91 3.96 28.5 31.7 0.95 2 0 2 0 1 0 1 0 0 0
"1665" 3066 243 28385 31633 1 1 7.46 7.99 1.52 1.24 6.04 18 27.75 0.95 2 0 2 0 1 1 1 0 0 1
"1666" 3067 121 16251 20602 0 0 5.48 11 0.91 1.49 9.08 4.5 24.03 0.98 1 0 3 0 1 0 1 0 0 0
"1667" 3069 121 15163 17858 0 0 5.99 7.29 3.63 1.26 4.32 11 32.36 0.97 1 1 2 0 1 0 1 0 0 1
"1668" 3070 121 18578 22929 0 0 6.22 4.93 1.53 1.21 3 9 24.63 0.97 1 0 2 0 1 0 1 0 0 0
"1669" 3073 637 26115 27006 1 1 5.99 6.31 1.39 1.12 4.53 17.5 26.64 1 1 1 2 0 1 0 1 1 0 0
"1670" 3074 727 13816 18160 0 0 6.27 6.66 2.95 1.09 4.18 12 27.43 1.01 1 0 2 0 1 1 1 0 0 1
"1671" 3076 601 16048 20392 0 0 5.03 5.1 0.61 1.9 2.91 5.5 26.84 0.88 2 0 2 0 1 0 1 0 0 0
"1672" 3077 727 22496 23284 1 1 7.23 5.8 2.05 1 3.84 6 30.93 0.97 1 0 2 0 1 1 0 0 0 0
"1673" 3078 7 24311 28571 0 0 5.99 NA NA NA NA 6.9 23.94 0.8 2 0 2 1 1 0 1 1 0 1
"1674" 3079 112 29296 33639 0 1 7.63 4.41 1.61 1.61 2.05 11 29.5 0.89 2 0 2 0 1 0 1 0 1 1
"1675" 3080 112 21386 25729 0 0 5.14 5.3 0.83 1.9 3.01 3.5 23.1 0.81 2 1 2 1 1 0 1 0 0 0
"1676" 3082 645 18142 21286 0 0 5.59 6.59 1.16 1.25 4.8 5.5 27.72 1.01 1 0 2 1 1 0 1 0 1 1
"1677" 3083 623 27862 32049 1 1 9.27 4.18 2.54 0.92 2.06 21 33.61 1.02 1 1 2 0 1 0 1 1 0 1
"1678" 3084 599 15463 19793 0 0 5.65 5.27 0.65 1.68 3.29 7 25.59 0.91 1 0 2 0 1 0 1 0 0 1
"1679" 3085 112 27160 30134 1 1 8.76 5.08 1.89 1.25 2.94 23.5 27.37 0.88 2 0 2 1 0 0 1 0 0 0
"1680" 3086 602 23811 28140 0 0 4.8 5.73 0.9 2.25 3.06 8 23.61 0.86 2 1 2 1 0 0 1 0 0 1
"1681" 3088 24088 28432 30297 1 1 11.07 5.91 1.19 1.35 4 26.5 29.48 1 1 0 2 1 1 1 1 0 0 1
"1682" 3089 137 27087 31414 0 1 10.34 6.26 3.03 0.96 3.88 7.5 28.26 0.93 2 0 2 1 1 0 1 0 1 1
"1683" 3090 327 17545 19850 0 0 5.03 NA NA NA NA 3.34 20.52 0.94 2 1 3 1 0 0 0 0 0 0
"1684" 3091 65 14830 19150 0 1 7.97 5 1.6 1.42 2.83 12.5 31.37 0.88 2 1 3 1 1 0 1 0 0 1
"1685" 3092 612 22277 25952 0 0 5.08 NA NA NA NA NA 21.53 0.83 2 NA 3 0 1 0 1 0 0 1
"1686" 3093 97 31814 33476 1 1 8.87 4.83 1.7 1.33 2.7 7 26.4 0.91 2 0 1 0 1 0 1 0 0 1
"1687" 3094 602 19881 24197 0 0 4.97 5.39 0.77 1.95 3.08 5.5 24.95 0.78 2 0 3 1 0 0 1 0 0 1
"1688" 3095 481 26412 30728 0 0 6.16 5.65 1.33 0.96 4.06 14 27.94 1.01 1 1 2 1 1 0 1 0 0 1
"1689" 3096 31 27286 30907 1 1 12.49 6.78 1.53 1.58 4.48 7 21.68 0.84 2 0 2 0 1 0 0 0 0 0
"1690" 3097 31 29994 31670 0 1 5.88 5.53 0.72 1.91 3.28 5 21.02 0.88 2 0 1 1 1 0 0 0 0 0
"1691" 3098 481 27482 29560 0 1 6.55 6.67 0.8 1.79 4.5 9 30.43 0.91 2 0 2 0 0 0 1 0 0 1
"1692" 3099 159 24158 24673 0 1 5.48 7.06 2.53 1.17 4.7 48 32.89 0.9 2 0 2 1 0 0 1 0 0 0
"1693" 3100 473 23770 27491 1 0 5.82 NA NA 1.1 NA 6 24.75 0.99 1 1 3 0 1 0 1 0 0 0
"1694" 3101 115 31238 31985 1 0 5.42 NA NA 1.24 NA 10 NA NA 2 0 1 0 1 0 0 0 0 1
"1695" 3102 602 32481 34866 1 1 5.14 4.63 0.84 2.1 2.13 9.5 NA NA 2 0 2 1 0 0 1 1 0 0
"1696" 3103 597 29473 31392 1 1 13.73 7.33 2.62 1.43 4.67 7 19.63 NA 2 0 2 0 1 0 0 0 0 1
"1697" 3104 598 17129 21161 0 1 16.5 5.26 12.3 1.11 NA 35.5 33.15 1.09 1 0 2 0 1 0 NA 0 0 0
"1698" 3105 139 28597 32906 0 0 5.2 6.66 1.07 1.66 4.5 8 22.07 0.9 2 0 3 1 1 0 1 0 0 0
"1699" 3106 159 14800 19109 0 0 5.31 6.05 1.23 1.2 4.27 11 27.33 0.97 1 1 2 0 1 0 1 0 0 1
"1700" 3107 139 15521 19829 0 0 6.72 5.25 0.91 1.45 3.38 15.34 28.2 0.81 2 1 2 1 0 0 1 1 0 1
"1701" 3108 139 17150 21458 0 0 5.88 6.57 2.08 1.29 4.3 12 26.08 0.81 2 0 3 1 0 0 1 0 0 0
"1702" 3109 141 27407 31715 0 1 6.55 7.69 2.47 1.31 5.22 12 28.18 0.92 2 0 2 1 1 0 0 0 0 0
"1703" 3110 141 17074 21382 0 0 5.99 6.07 0.86 1.31 4.35 5.5 23.5 0.89 2 0 2 0 1 0 0 1 0 0
"1704" 3111 104 16532 20838 0 0 5.37 6.24 0.89 1.15 4.67 6 25.28 0.9 2 1 3 0 1 0 0 0 0 1
"1705" 3112 612 22374 26680 0 1 10 5.54 1.41 1.19 3.69 16 32.77 0.91 2 0 3 0 1 0 1 1 0 1
"1706" 3113 139 25748 29703 0 1 7.68 7.2 3.67 1.01 4.47 23.5 29.41 0.94 2 0 2 1 1 0 1 0 0 0
"1707" 3114 7 27143 29445 0 0 6.61 6.48 0.51 1.98 4.26 7.5 24.23 0.97 1 1 3 1 1 0 1 0 0 1
"1708" 3115 730 24000 28302 0 1 7.01 NA NA NA NA 14 32.11 1.01 1 1 2 0 1 0 1 0 0 1
"1709" 3116 141 26712 31014 0 0 5.82 7.75 1.76 1.79 5.13 13 26.02 0.89 2 0 2 1 0 0 0 0 0 0
"1710" 3118 481 21365 25666 0 0 5.93 5.51 1.23 1.14 3.79 11 29.59 0.97 1 0 2 1 1 0 1 0 0 1
"1711" 3119 243 13522 17821 0 0 4.75 4.99 0.72 1.93 2.72 8 23.27 0.84 2 1 3 0 1 1 1 0 0 0
"1712" 3121 159 26447 29510 1 1 5.42 6.14 1 1.33 4.34 7.5 22.6 1.09 1 0 1 1 1 0 1 0 0 0
"1713" 3122 141 23032 27327 0 0 5.76 7.73 3.28 1.35 4.84 8.5 22.64 0.86 2 0 2 1 1 0 0 0 0 0
"1714" 3124 612 14253 18526 0 0 5.88 NA NA NA NA 8.63 26.5 0.88 2 0 2 0 1 1 1 0 0 1
"1715" 3126 31 17518 21803 0 0 6.67 NA NA NA NA 6.92 27.15 0.95 1 1 3 0 1 0 1 0 0 0
"1716" 3127 113 21397 25682 0 1 10.34 NA NA NA NA 79.07 34.48 1.09 1 0 2 0 1 0 0 0 0 1
"1717" 3128 731 22350 26651 0 0 6.05 5.1 1.18 1.13 3.42 17.5 30.95 1.02 1 1 2 0 1 0 0 0 0 1
"1718" 3130 728 16208 20503 0 0 4.63 4.99 0.86 1.68 2.9 8.5 24.46 0.88 2 0 2 1 1 0 1 0 0 1
"1719" 3131 159 13181 17476 0 0 4.97 5.51 0.65 2.04 3.16 8.5 24.38 0.96 1 0 3 0 1 0 1 0 0 1
"1720" 3132 712 21970 26265 0 0 5.14 6.41 0.84 1.48 4.53 3.5 25.92 0.97 1 1 2 0 1 1 1 0 0 1
"1721" 3133 137 15761 20055 0 0 5.71 6.75 2.08 1.32 4.45 4 27.56 1 1 0 2 0 1 0 1 0 1 0
"1722" 3134 7 24712 27238 0 1 13.16 6.28 4.51 0.95 NA 40.5 27.38 1.03 1 1 2 0 1 1 1 0 0 1
"1723" 3135 137 26496 30790 0 0 5.54 4.84 1.31 1.46 2.76 9.5 25.27 0.9 2 0 2 1 1 0 1 0 1 1
"1724" 3136 616 25512 29804 0 1 9.15 4.87 1.26 0.77 3.51 5.11 28.87 0.99 1 0 2 1 1 1 1 1 0 1
"1725" 3137 7 25314 29606 0 1 13.28 10.13 7.09 NA NA 20.14 27.33 0.92 2 0 3 1 1 1 1 0 0 1
"1726" 3138 120 25632 29785 0 0 5.93 7.42 1.62 0.9 5.76 4.38 24.52 0.88 2 0 3 0 1 0 0 1 0 1
"1727" 3140 104 21377 25664 0 0 5.65 6.63 1.73 0.9 4.92 7.5 30.38 1.05 1 1 2 0 1 0 1 0 0 1
"1728" 3141 24141 27693 30025 0 0 5.25 5.51 1.09 1.15 3.85 13.58 28.96 1.02 1 1 2 1 1 0 1 0 1 1
"1729" 3142 78 19634 23919 0 1 6.84 6.09 1.16 0.78 4.76 8.02 27.64 0.95 1 0 2 1 1 0 1 1 0 1
"1730" 3143 31 16774 21059 0 0 4.97 6.8 1.39 1.24 4.91 4.72 26.72 0.86 1 0 3 0 0 0 1 0 0 0
"1731" 3144 888 27374 31655 0 1 7.8 5.27 0.93 0.94 3.89 9.84 25.22 0.95 1 1 2 0 0 1 1 0 0 0
"1732" 3145 7 25696 29977 0 0 6.27 6.56 1.79 0.97 4.75 31.08 26.96 0.83 2 0 2 0 1 1 1 0 0 0
"1733" 3146 62 19985 20726 0 1 7.12 6.29 2.27 1.08 4.15 23.63 37.43 0.96 2 0 1 1 0 0 0 0 0 0
"1734" 3147 120 27684 30231 0 1 11.13 5.34 1.01 1.34 3.53 5.6 25.72 0.93 2 0 1 0 1 0 1 1 0 1
"1735" 3148 635 23346 27626 0 0 6.22 7.33 1.21 1.56 5.2 10.44 28.55 0.9 2 0 3 1 0 1 1 0 0 0
"1736" 3149 635 22879 27159 0 1 11.75 7.73 2.02 1.32 5.46 10.84 31.12 0.91 2 0 3 1 1 0 1 0 0 1
"1737" 3150 54 24692 28972 0 1 9.55 4.89 1.19 1.15 3.18 15.4 23.53 0.88 2 0 3 1 1 0 NA 0 0 0
"1738" 3151 635 13329 17607 0 0 6.72 5.22 0.82 1.39 3.44 4.26 30.98 0.91 2 0 2 1 1 1 1 0 0 0
"1739" 3152 115 18038 22316 0 0 6.44 6.29 1.87 1.35 4.07 5.98 25.58 0.85 2 0 2 1 0 0 0 0 0 1
"1740" 3153 712 21160 25024 0 0 5.99 7.57 0.81 1.91 5.28 3.56 21.74 0.87 2 1 2 1 0 1 1 0 0 1
"1741" 3154 458 12881 17155 0 0 4.97 4.29 0.75 1.5 2.44 4.96 20.9 0.85 2 0 2 0 1 0 1 1 0 1
"1742" 3155 53 16712 20986 0 0 5.99 6.5 1.16 1.09 4.87 6.8 23.98 0.89 2 1 2 0 1 1 1 0 0 1
"1743" 3156 634 16858 21132 0 0 5.54 4.99 1.54 0.84 3.43 5.72 22.22 0.94 1 1 2 0 1 1 1 1 0 1
"1744" 3157 31 14108 18381 0 0 5.76 4.99 0.78 1.27 3.36 8.67 32.3 0.89 2 0 2 0 1 0 1 0 0 1
"1745" 3158 31 16419 20692 0 0 6.89 4.95 0.9 1.26 3.26 6.56 32.92 0.87 2 0 3 0 1 0 1 0 0 1
"1746" 3159 634 31476 31620 0 1 9.89 5.4 1.32 1.05 3.73 4 17.36 0.93 1 0 1 0 1 1 1 1 0 1
"1747" 3160 634 17516 21803 0 0 5.65 4.36 0.73 0.88 3.14 4.91 23.41 0.84 2 0 2 0 1 0 1 0 0 1
"1748" 3161 604 23858 27987 0 0 6.22 6.2 1.59 1.26 4.19 12.78 22.96 0.94 2 0 2 1 1 0 0 0 1 0
"1749" 3162 65 14167 18445 0 0 5.42 5.43 1.01 1.76 3.19 3.05 21.53 0.81 2 1 2 1 0 0 1 0 0 1
"1750" 3163 65 13744 18022 0 0 6.05 7.53 1.64 1.73 5.03 5.82 28.16 0.92 2 0 2 1 0 1 1 0 0 1
"1751" 3164 724 26658 28895 1 1 15.48 7.21 1.29 1.43 5.18 12.7 25.97 0.89 2 0 2 1 0 0 1 0 0 1
"1752" 3165 122 27845 29403 1 1 11.98 7.15 2 0.99 5.22 17.5 NA NA 1 0 1 0 0 0 1 0 0 NA
"1753" 3166 629 32220 33105 1 1 13.28 4.24 1.26 1.17 2.48 14.98 NA NA 2 0 1 1 0 0 0 0 0 NA
"1754" 3167 632 32607 35586 1 1 6.05 6.17 1.56 0.95 4.49 4.66 NA NA 2 0 1 1 0 0 1 1 1 1
"1755" 3168 710 30485 31180 1 1 5.54 4.78 0.74 1.38 3.05 4.01 NA NA 1 0 NA 0 1 0 1 0 0 0
"1756" 3169 455 31500 31670 0 1 5.88 5.45 1.38 1.16 3.65 6.44 NA NA 2 0 1 1 0 0 0 0 0 1
"1757" 3170 614 31180 33132 1 1 7.06 4.99 1.42 0.72 3.6 7.05 NA NA 2 0 NA 0 1 0 1 0 0 1
"1758" 3171 633 32090 32536 1 1 7.74 7.15 2.92 1.29 4.49 10.07 NA NA 2 0 1 0 1 0 1 0 1 0
"1759" 3172 24172 31816 32177 1 1 7.91 5.03 1.31 1.07 3.35 10.24 NA NA 2 0 1 0 1 1 1 0 0 1
"1760" 3173 293 28365 30454 1 0 6.27 5.54 1.04 1.59 3.46 14.97 NA NA 2 0 1 1 1 1 1 0 0 0
"1761" 3174 626 27848 29194 1 0 5.54 8.74 1.18 1.33 6.86 12.14 29.17 0.98 2 0 2 1 0 0 0 0 0 1
"1762" 3175 137 15068 19339 0 0 6.05 4.94 1.51 1.03 3.19 5.8 27.03 0.97 1 1 2 1 0 0 1 0 1 0
"1763" 3176 481 24569 28840 0 0 6.22 5.4 1.09 1.03 3.85 7.3 29.22 1.02 1 0 3 0 1 0 1 0 0 1
"1764" 3177 91 16151 20415 0 0 5.88 5.45 1.1 1.09 3.85 4.74 24.14 0.88 2 1 2 0 1 0 0 1 0 0
"1765" 3178 731 22387 26651 0 1 7.23 4.08 1.89 0.53 2.66 4.99 28.02 0.96 1 1 2 0 0 0 0 0 0 1
"1766" 3179 76 24273 28537 0 1 10.85 5.95 0.83 1.38 4.18 6.03 23.69 1.06 2 0 2 1 1 0 NA 0 0 0
"1767" 3180 7 24213 26650 0 1 9.6 4.46 1.84 0.67 2.93 10.4 25.66 0.96 1 1 2 0 1 0 1 0 0 NA
"1768" 3181 91 15173 19433 0 0 6.22 6.08 1.95 0.95 4.22 7.51 24.39 0.91 1 1 3 1 0 0 0 0 0 0
"1769" 3182 91 15640 19900 0 1 8.87 6.57 2.27 0.88 4.62 7.62 30.12 0.84 2 1 2 0 0 0 0 1 0 NA
"1770" 3183 2 28998 30870 0 1 8.08 3.87 1.15 1.14 2.19 10.32 26.67 0.92 1 1 2 1 1 0 1 0 0 1
"1771" 3184 888 14191 18450 0 0 5.31 5.15 1.01 1.35 3.32 4.04 19.11 0.89 1 1 3 0 1 1 1 0 0 0
"1772" 3185 481 24338 28597 0 0 5.76 5.53 1.72 0.71 4.01 5.86 29.38 1.01 1 1 2 1 1 0 1 0 0 1
"1773" 3186 481 25847 30106 0 1 7.01 8.86 1.7 0.87 7.19 6 28.19 0.85 2 0 2 0 1 0 1 0 0 1
"1774" 3187 102 19171 23430 0 0 5.71 6.13 1.25 1.09 4.45 4.2 22.86 0.74 2 0 2 1 0 1 1 1 0 0
"1775" 3188 25 16136 17579 1 1 16.72 9.82 6.85 NA NA 15.37 29.22 0.93 2 0 2 1 0 0 1 0 0 0
"1776" 3189 102 26369 30626 0 1 8.08 5.72 1.54 0.99 4.01 7.54 21.67 0.9 2 0 2 1 0 0 1 0 0 0
"1777" 3190 710 15387 19534 0 0 5.03 4.94 0.75 1.2 3.39 3.2 23.84 0.98 1 1 3 0 1 0 1 0 0 0
"1778" 3191 728 24485 28742 0 0 4.97 6.31 0.82 1.03 4.89 4.56 26.02 0.89 2 0 2 0 1 0 1 1 0 1
"1779" 3192 137 24223 28480 0 0 5.25 5.7 0.9 1.31 3.97 3.74 27.44 0.86 2 0 2 1 1 0 1 0 0 1
"1780" 3194 112 19682 23935 0 0 6.22 6.33 0.81 1.64 4.31 NA 23.44 0.88 2 0 2 0 1 0 1 0 0 0
"1781" 3195 496 22797 27050 0 1 8.59 5.72 0.97 1.58 3.69 NA 25.26 0.87 2 0 2 1 0 0 0 1 0 1
"1782" 3196 78 21539 25791 0 0 7.23 6.45 2.16 0.79 4.65 18.07 28.32 0.91 2 0 2 0 1 0 1 0 0 1
"1783" 3198 36 31029 34125 1 1 17.97 NA NA NA NA 10.19 26.13 0.97 1 1 1 0 1 0 1 0 0 1
"1784" 3199 452 12877 17129 0 0 5.82 5.62 2.62 0.81 3.57 9.7 27.76 1 1 0 2 1 1 0 1 0 0 1
"1785" 3200 5 23446 27696 0 0 5.2 6.53 0.76 1.26 4.91 4.38 20.9 0.84 2 0 3 1 0 0 1 0 0 0
"1786" 3201 5 21847 26097 0 0 5.65 6.75 0.66 1.75 4.69 6.85 22.95 0.87 2 0 3 1 0 0 1 0 0 1
"1787" 3202 5 23965 28215 0 1 8.98 5.15 0.6 1.51 3.36 4.46 23.12 1.05 1 0 2 1 0 0 1 0 0 1
"1788" 3203 5 18294 22551 0 0 4.97 5.33 0.83 1.27 3.67 11.42 24.73 0.96 1 0 3 1 1 0 1 0 0 NA
"1789" 3204 102 14907 19164 0 0 5.54 5.93 1.12 1.2 4.21 3.85 23.8 0.86 2 1 2 0 0 0 0 1 0 0
"1790" 3206 5 23113 27310 0 0 5.2 6.26 0.59 1.6 4.38 3.28 24.84 0.94 2 0 2 1 0 0 1 0 0 0
"1791" 3208 101 23963 28157 0 1 6.61 5.62 1.83 0.8 3.96 11.74 27.7 0.96 1 0 3 0 0 1 NA 0 0 0
"1792" 3209 101 23701 27895 0 0 5.2 7.12 1.24 1.22 5.31 6.09 25.04 0.83 2 0 3 1 0 0 1 0 0 1
"1793" 3210 649 28815 32916 0 1 8.7 5.58 1.94 1.5 3.16 16 24.17 0.84 2 0 1 0 1 0 1 0 0 0
"1794" 3211 73 13553 17743 0 0 5.03 6.2 2.26 1.47 3.67 6.44 23.24 1.19 2 0 1 1 0 0 1 0 0 0
"1795" 3212 86 24491 28680 0 1 11.75 6.02 1.2 1.27 4.19 14.9 28.44 0.95 2 0 1 1 1 1 1 0 0 1
"1796" 3214 5 13913 18101 0 0 6.05 6.23 1.43 1.06 4.5 15.94 25.44 0.99 1 0 3 1 0 0 1 0 0 1
"1797" 3215 158 26301 29693 1 1 6.89 5.33 3.12 0.78 3.08 18.11 30.26 1 1 1 1 1 0 0 1 0 0 0
"1798" 3217 91 28223 31549 0 1 14.46 6.38 2.81 1.1 3.96 13.79 21.76 0.87 2 0 2 0 1 0 0 0 1 0
"1799" 3220 102 13675 17857 0 0 5.14 5.77 3.4 1.12 3.06 10.84 23.34 0.86 1 0 3 1 0 0 0 0 0 0
"1800" 3221 23 15206 19388 0 0 5.76 5.7 2.61 1.14 3.33 9.98 23.49 1.01 1 1 2 1 0 0 1 1 0 0
"1801" 3222 62 16506 20688 0 0 4.92 5.31 0.79 1.19 3.75 7.17 33.67 0.92 2 0 2 1 0 0 0 0 0 0
"1802" 3223 86 16419 20579 0 1 7.29 5.35 1.93 0.99 3.45 20.2 27.13 0.98 1 1 3 1 1 1 NA 0 0 1
"1803" 3227 134 17716 21896 0 0 5.25 5.14 0.68 1.59 3.24 3.14 22.03 0.83 2 1 3 0 1 0 0 1 0 0
"1804" 3228 134 20692 24872 0 0 5.03 6.2 0.8 2.06 3.76 4.74 24.09 0.81 2 1 3 0 1 0 0 0 0 0
"1805" 3229 327 21050 25231 0 0 5.08 5.31 0.72 2.06 2.92 5.91 21.87 0.85 2 0 3 0 1 0 1 0 0 0
"1806" 3230 733 18118 22294 0 0 6.55 5.05 2.2 0.89 3.12 7.48 27.12 1.01 1 0 2 0 1 0 1 0 0 1
"1807" 3231 210 28365 29436 0 1 8.14 NA NA NA NA 17.91 26.34 0.99 2 0 2 1 0 0 0 0 0 1
"1808" 3232 734 17009 21185 0 0 5.54 5.94 0.87 1.46 4.07 5.79 23.83 0.84 2 0 2 0 0 0 1 0 0 0
"1809" 3234 33 19388 20574 0 1 7.63 4.59 2.74 0.91 2.39 6.92 27.2 0.95 2 0 3 0 1 0 1 0 0 1
"1810" 3235 654 14461 18636 0 0 5.48 4.55 0.73 1.01 3.2 6.78 27.62 1.02 1 1 2 1 1 0 0 0 0 0
"1811" 3236 144 22009 26184 0 0 5.48 8.81 3.7 1.11 5.96 12.38 32.3 0.85 2 0 2 0 0 0 0 0 0 1
"1812" 3237 728 27719 31101 1 1 15.93 5.49 1.62 0.92 3.81 23.17 23.53 0.89 2 0 1 NA NA 0 1 1 0 1
"1813" 3238 73 22830 27004 0 1 9.49 3.91 0.97 1.41 2.04 8.28 25.34 0.93 1 1 2 NA NA 0 0 0 0 0
"1814" 3240 18 19802 23975 0 0 5.65 4.97 1.11 1.04 3.41 6.48 23.63 0.89 2 0 2 1 1 1 1 0 0 0
"1815" 3242 122 29519 29537 1 1 12.09 8.62 6.25 0.88 NA NA 27.14 0.92 2 0 1 0 0 1 1 1 1 0
"1816" 3243 5 13196 17365 0 0 5.59 5.91 0.92 1.46 4.02 8.76 25.14 0.96 1 0 2 NA NA 0 1 1 0 1
"1817" 3244 56 13214 17383 0 0 6.44 4.46 0.72 1.56 2.56 8.49 24.09 0.92 2 0 2 1 1 1 1 0 0 1
"1818" 3245 91 17712 21881 0 0 5.59 6.27 1.33 1.27 4.38 7.84 27.1 1.02 1 0 3 0 0 0 1 0 0 0
"1819" 3247 326 24290 28458 0 0 6.5 7.06 0.94 1.89 4.73 6.81 23.53 0.88 2 0 2 0 1 0 1 0 0 1
"1820" 3248 35 27711 31879 0 0 5.14 8.07 2.08 1.2 5.9 5.82 23.53 0.91 2 0 2 0 0 0 1 1 0 1
"1821" 3249 614 23304 27472 0 0 4.8 7.22 0.94 1.22 5.55 5.31 25.27 0.8 2 0 NA 0 1 0 1 1 0 0
"1822" 3250 23 25873 30040 0 1 7.18 7.42 1.91 1.64 4.88 5.9 30.04 0.85 2 0 2 1 0 0 1 1 0 0
"1823" 3251 710 18711 22878 0 0 6.05 6.37 2.22 1.06 4.27 16.82 25.43 1.01 1 0 2 NA NA NA NA NA NA NA
"1824" 3252 632 21831 25998 0 0 6.33 5.92 1.09 1.23 4.18 5.13 26.24 0.96 1 0 2 1 1 0 1 0 0 1
"1825" 3253 6 24011 28177 0 1 6.89 6.3 1.9 1.22 4.19 13.12 29.62 0.89 2 0 3 1 0 0 1 0 0 1
"1826" 3254 599 27860 32026 0 1 9.1 6.72 1.62 1.56 4.4 20.43 27.38 0.9 2 0 2 0 1 0 1 0 0 1
"1827" 3256 144 23229 25065 0 1 10.17 7.97 2.97 0.99 5.58 23.44 37.95 0.92 2 0 3 0 1 0 0 0 0 1
"1828" 3258 16 27609 29045 1 0 5.42 6.38 1.6 1.07 4.56 4.73 21.87 0.96 1 1 2 0 1 0 1 0 0 1
"1829" 3259 210 25701 29862 0 0 5.25 6.11 1.61 1.5 3.85 6.4 25.72 0.94 2 0 2 0 1 0 1 0 0 0
"1830" 3260 35 21522 25683 0 0 6.27 6.6 1.21 2.02 4.01 17.85 28.96 0.89 2 0 2 1 0 0 1 0 0 1
"1831" 3261 16 22312 26472 0 1 8.7 7.07 3.04 1.1 4.54 19.3 31.61 0.92 2 0 3 1 1 0 1 0 0 1
"1832" 3262 122 25052 29212 0 0 6.16 6.43 1.62 1.53 4.14 10.01 25.39 0.87 2 0 1 0 0 0 1 0 0 0
"1833" 3263 16 23949 28109 0 1 7.06 6.33 1.62 1.18 4.39 11.06 30.82 1.03 1 1 2 1 1 0 1 0 0 0
"1834" 3266 75 20975 25130 0 1 10.11 5.34 1.83 0.98 3.5 21.4 39.21 0.88 2 0 2 0 1 0 1 0 1 1
"1835" 3267 614 21958 26113 0 0 5.25 6.25 1.18 0.9 4.79 3.12 24.16 0.85 1 1 2 0 1 0 1 0 0 1
"1836" 3269 120 28223 29341 1 1 9.1 5.47 1.24 0.8 4.09 13.72 24.69 0.92 1 1 1 0 1 0 1 1 0 1
"1837" 3273 733 17366 21490 0 0 5.03 5.92 1.55 1.27 3.92 6.36 26.43 0.91 2 1 3 0 1 0 1 0 0 1
"1838" 3274 16 24694 28181 1 0 6.22 7.83 4.24 0.67 NA 15.06 22.09 0.99 1 1 3 0 1 0 1 0 0 1
"1839" 3275 456 30110 32290 0 1 8.98 4.14 1.11 1.03 2.58 12.64 23.04 1 1 0 2 1 1 0 1 0 0 1
"1840" 3276 888 23044 25196 1 1 7.74 4.28 1.73 0.75 2.71 19.16 27.02 1.02 1 1 1 0 0 1 1 0 0 0
"1841" 3277 395 14371 18516 0 0 4.52 4.4 0.73 2.01 2.05 3.34 20.45 0.85 2 0 2 1 1 0 1 0 1 0
"1842" 3278 83 23402 27547 0 0 5.03 6.76 1.07 1.96 4.3 3.99 29.77 0.92 2 0 2 1 1 0 1 1 0 1
"1843" 3279 83 26451 30596 0 0 5.76 5.02 1.37 1.12 3.26 15.58 30.67 1.03 1 0 2 1 1 0 1 1 0 1
"1844" 3280 31 20163 24308 0 0 5.03 5.04 0.19 1.42 3.53 3.39 28.55 0.86 2 0 3 1 0 0 0 0 0 0
"1845" 3281 23 19485 23610 0 0 5.71 4.48 1 1.38 2.63 10.34 24.17 0.87 2 0 2 1 0 0 1 0 0 1
"1846" 3282 62 15208 19325 0 1 8.19 5.61 1.87 0.98 3.76 12.1 32.87 0.92 2 1 2 0 1 1 1 0 0 0
"1847" 3283 31 29746 30302 0 1 7.46 7.2 1.25 1.49 5.12 21.22 29.56 0.99 2 0 1 1 1 0 1 0 0 0
"1848" 3284 736 16495 20614 0 0 5.93 5.07 0.59 1.67 3.13 5.6 21.84 0.96 1 0 2 0 1 0 1 0 1 0
"1849" 3285 35 20803 24929 0 0 6.5 5.27 1.18 1.78 2.93 7.92 26.5 1.01 1 0 2 1 0 0 1 0 1 0
"1850" 3286 35 29158 32444 0 0 4.92 6.69 1.72 1.42 4.46 11.45 22.21 0.94 2 0 1 1 0 0 1 0 0 1
"1851" 3287 35 31480 33447 0 1 5.76 6.85 1.54 1.68 4.45 9.34 20.83 0.95 2 0 2 1 0 0 1 0 1 1
"1852" 3288 83 22446 26577 0 1 11.07 6.18 0.84 1.62 4.16 11.44 28.9 0.97 1 1 2 1 1 0 1 0 0 1
"1853" 3290 120 16176 20309 0 0 6.5 5.64 0.77 1.12 4.16 12.38 28.08 0.94 1 1 3 0 1 0 1 0 0 0
"1854" 3292 31 20794 25232 0 0 5.93 4.94 0.59 1.72 2.94 5.33 29.05 1.01 1 0 2 1 0 0 0 0 0 0
"1855" 3294 120 15798 19932 0 0 6.1 4.23 1.3 2.02 1.6 8.1 21.78 0.84 2 0 3 0 1 0 1 0 0 1
"1856" 3295 483 16870 21004 0 0 5.48 6.46 1.19 1.28 4.62 6.42 27.04 0.93 2 0 3 0 1 0 0 0 0 1
"1857" 3296 118 17213 21346 0 0 5.88 5.09 0.76 1.35 3.38 11 25.26 0.97 2 0 3 1 0 0 1 0 0 0
"1858" 3297 118 26915 30337 1 0 6.05 5.36 0.94 1.35 3.56 7.53 29 1 1 0 2 0 0 0 0 0 0 1
"1859" 3298 110 13312 17444 0 NA NA 5.8 1.02 1.97 3.35 9.18 NA NA 1 0 2 0 0 0 0 0 0 0
"1860" 3299 118 27528 30903 0 1 5.82 4.69 0.93 1.38 2.87 18.61 31.18 1.02 1 1 1 1 0 0 0 0 0 NA
"1861" 3300 24300 29757 33435 0 0 6.05 6.89 2.59 1 4.67 8.81 27.41 0.89 2 0 2 1 1 0 0 0 0 0
"1862" 3301 83 12904 17000 0 0 5.03 4.79 1.16 1.52 2.73 6 20.18 0.87 2 1 2 1 1 0 1 1 1 1
"1863" 3302 134 25843 28695 0 0 5.65 3.75 0.76 1.43 1.96 6.22 25.1 1.01 1 1 2 1 1 0 0 0 0 0
"1864" 3303 80 23384 25461 1 0 5.65 4.16 0.9 1.01 2.73 5.69 28.37 1.02 1 1 2 0 0 0 1 0 0 1
"1865" 3304 31 16208 20335 0 0 6.22 5.58 1.01 1.27 3.84 8.38 29.38 1.01 1 0 3 1 0 0 0 0 0 0
"1866" 3305 636 24152 28279 0 1 7.46 5.84 1.36 1.78 3.42 10.72 29.03 0.92 2 0 3 1 1 0 NA 0 0 0
"1867" 3306 636 19157 23283 0 0 5.37 4.96 0.87 1.5 3.05 4.72 29.21 0.87 2 0 2 1 1 0 1 0 0 0
"1868" 3307 15 30796 31168 1 0 6.16 5.45 1.65 1.06 3.62 27.12 32.17 1.04 1 1 1 0 0 1 0 1 0 1
"1869" 3308 118 15409 19535 0 0 4.86 4.62 0.5 1.95 2.43 3 23.07 0.86 2 0 3 1 1 0 1 0 0 0
"1870" 3309 456 16928 21053 0 0 5.2 4.32 0.63 1.57 2.46 3.92 20.45 0.77 2 0 2 1 1 0 1 0 0 1
"1871" 3311 491 24145 25956 0 1 6.1 5.53 0.77 1.71 3.46 4.54 20.44 0.92 1 0 2 1 0 0 0 0 0 1
"1872" 3313 136 14450 18574 0 0 5.03 4.93 0.61 1.54 3.11 6.18 24.24 0.92 2 0 2 1 0 1 1 0 0 0
"1873" 3314 456 15542 19662 0 0 5.37 5.37 1.38 1 3.72 8.85 25.52 1 1 1 2 1 1 0 1 0 0 1
"1874" 3315 455 16906 21026 0 0 6.05 5.93 0.81 1.7 3.85 7.05 25.15 0.9 2 0 2 1 0 0 0 0 0 1
"1875" 3316 118 18870 22990 0 0 5.37 4.26 0.52 1.54 2.48 5.67 24.38 0.91 2 1 3 1 1 0 1 0 0 1
"1876" 3317 138 13917 18037 0 0 5.2 5.31 0.9 1.44 3.44 12.3 25.1 0.84 2 0 2 0 0 0 1 0 0 1
"1877" 3318 31 19744 23863 0 1 6.44 5.91 1.26 1.06 4.26 7.24 26.47 1 1 0 2 1 0 0 0 0 0 1
"1878" 3319 311 15994 20113 0 0 5.2 4.99 0.88 1.3 3.28 10.32 31.91 0.9 2 0 2 0 1 0 1 1 0 1
"1879" 3320 92 17210 21329 0 0 6.27 6.39 1.02 1.93 3.98 7.24 23.77 0.86 2 0 2 0 1 0 1 0 0 0
"1880" 3321 92 21386 25504 0 1 5.99 4.45 1.94 0.83 2.71 10.18 29.04 1.02 1 0 2 0 1 0 1 0 0 0
"1881" 3323 118 29760 32111 0 1 6.38 6.24 1.11 1.64 4.07 15.19 36.57 0.86 2 NA NA 1 0 0 1 0 1 1
"1882" 3324 118 20863 24981 0 0 5.25 6.11 1.13 1.22 4.36 8.86 29.05 1.01 1 0 2 1 0 0 1 0 0 0
"1883" 3325 736 17799 21916 0 0 4.58 5.41 0.81 1.87 3.16 3.78 20.32 0.8 2 0 2 0 1 0 1 0 0 0
"1884" 3326 620 25753 29870 0 0 5.14 6.77 2.34 0.97 4.7 5.9 24.09 1.06 1 0 2 0 1 1 1 1 0 1
"1885" 3327 244 21429 22964 0 0 5.25 4.79 1.3 1.21 2.96 4.11 24.86 1 1 0 3 1 0 0 1 0 0 NA
"1886" 3328 244 25325 29438 0 0 5.99 3.81 1.09 1.17 2.13 6.68 29.67 1.05 1 1 3 1 0 0 1 0 1 1
"1887" 3329 62 27379 31492 0 0 5.2 4.41 0.65 1.12 2.98 8.1 26.73 0.95 1 1 2 0 1 0 1 0 0 0
"1888" 3330 657 12860 16973 0 0 5.71 4.85 0.56 1.54 3.05 4.64 25.96 0.97 1 1 3 0 1 0 1 0 0 NA
"1889" 3331 288 18804 22916 0 0 5.82 5.68 1.69 1.32 3.57 12.66 26.77 0.9 2 0 2 1 0 0 1 0 0 0
"1890" 3333 62 23507 27619 0 0 5.08 5.59 1.14 0.98 4.07 12.46 30.27 0.95 1 1 2 1 1 0 1 NA 0 0
"1891" 3334 62 27891 32003 0 1 9.44 8.16 2.14 1.27 5.88 4.24 26.03 0.85 2 0 2 1 1 0 1 0 0 0
"1892" 3335 31 17348 21459 0 0 5.37 6.91 1.15 1.36 5.01 10.6 23.46 NA 2 1 2 1 1 0 1 0 0 1
"1893" 3336 491 23666 27777 0 0 4.86 7.68 0.98 1.54 5.67 5 22.21 0.88 2 1 2 1 0 1 0 0 0 1
"1894" 3337 491 23149 27260 0 0 5.59 6.18 1.36 1.49 4.05 10.26 26.04 0.97 2 1 2 1 0 1 1 0 0 NA
"1895" 3338 118 22110 26221 0 0 5.54 5.59 1.15 1.09 3.96 13.47 31.98 0.87 2 0 2 1 0 1 1 1 0 1
"1896" 3340 187 19763 23873 0 0 5.31 7.38 0.88 1.69 5.28 9.41 20.81 0.88 2 0 3 1 0 1 0 1 0 0
"1897" 3341 253 15655 19765 0 0 4.75 NA NA NA NA NA 22.03 0.9 2 0 2 1 0 0 1 0 1 1
"1898" 3342 711 18424 22526 0 0 5.14 6.13 0.85 1.52 4.21 7.16 33.22 0.89 2 0 2 0 1 0 0 0 0 0
"1899" 3343 31 27971 30062 1 0 5.65 4.71 1.19 1.3 2.85 6.1 24.44 1 1 1 1 0 1 0 1 0 0 0
"1900" 3344 92 19700 23802 0 0 4.92 8.84 1.17 1.32 6.97 10.28 25.84 0.85 2 0 2 0 0 0 1 0 0 0
"1901" 3345 15 15280 19385 0 0 5.71 5.57 0.52 1.79 3.54 5.93 29.4 1.04 1 1 2 1 0 0 1 0 0 0
"1902" 3346 15 28071 32176 0 1 9.49 6.5 1.3 1.67 4.22 4.06 22.28 0.86 2 0 3 0 0 0 1 0 0 1
"1903" 3347 15 26112 30217 0 0 5.65 7.38 0.85 1.74 5.24 5.34 28.26 1 1 0 2 0 0 1 1 0 0 1
"1904" 3348 18 19493 23597 0 0 5.14 4.68 1 1.13 3.08 7.68 27.83 0.98 1 1 2 0 1 0 1 0 0 1
"1905" 3349 313 24375 28479 0 0 5.59 5.89 0.76 1.79 3.74 9.04 29.33 0.93 2 0 2 1 1 1 1 0 0 1
"1906" 3350 92 20283 24387 0 0 5.2 4.91 1.15 1.02 3.35 7.2 25.22 1 1 0 2 1 0 0 1 0 0 0
"1907" 3351 595 18426 22530 0 0 5.2 5.21 2.36 1.02 3.08 4.24 26.78 1 1 1 2 1 0 0 0 0 1 NA
"1908" 3352 92 13360 17459 0 0 5.37 4.55 1.49 1.03 2.82 10.76 26.89 1.05 1 1 2 1 1 0 1 0 0 NA
"1909" 3353 136 22915 27011 0 0 5.48 4.89 0.82 1.46 3.04 6.58 33.11 0.91 2 0 2 1 0 0 1 0 0 NA
"1910" 3355 118 14387 18483 0 0 5.03 5.34 0.99 1.37 3.51 6.56 27.88 0.98 1 NA NA 1 0 0 1 1 0 1
"1911" 3356 620 25327 29419 0 1 16.72 5.89 1.11 1.25 4.12 4.88 21.25 0.93 1 0 2 1 0 1 1 1 0 0
"1912" 3357 639 19917 24009 0 0 6.22 8.31 0.73 1.78 6.19 30.27 26.21 0.96 1 0 2 0 0 0 1 0 0 NA
"1913" 3358 533 28043 32135 0 1 7.01 4.94 2.12 1.17 2.77 20.2 34.58 0.94 2 0 2 0 1 0 1 0 0 1
"1914" 3359 31 17318 21409 0 0 5.14 5.03 0.9 1.8 2.8 5.04 25.3 0.93 1 1 2 1 0 0 0 0 0 0
"1915" 3360 62 15157 19248 0 0 5.03 6.14 1.47 0.9 4.55 4.24 25.37 0.94 1 1 2 1 0 0 1 0 0 0
"1916" 3362 31 13365 17455 0 0 4.86 5.12 0.79 1.31 3.43 5.64 24.91 0.91 2 0 2 1 1 0 1 0 1 1
"1917" 3363 31 18234 22324 0 0 5.31 5.28 0.85 1.02 3.86 5.62 28.38 1 1 1 2 0 1 0 1 0 0 1
"1918" 3364 31 17252 21342 0 0 5.71 5.02 0.66 1.36 3.35 10.03 27.74 0.84 2 0 2 0 1 0 1 0 0 1
"1919" 3365 31 16987 21076 0 0 5.76 5.66 0.68 1.52 3.82 6.25 32.32 0.86 2 1 2 0 1 0 1 0 0 1
"1920" 3367 92 20929 25010 0 0 4.8 6.81 0.85 1.23 5.18 6.84 25.81 0.97 1 1 2 0 0 0 1 0 0 0
"1921" 3368 2 19285 23366 0 0 4.92 5.84 1.23 1.39 3.87 3 26.48 1.04 1 0 2 0 1 0 1 0 0 0
"1922" 3369 2 17427 21508 0 0 4.58 5.5 1.44 1.16 3.66 4.12 24.13 0.86 2 0 2 1 1 0 1 0 1 1
"1923" 3370 9 32568 32609 0 1 8.36 4.36 1.17 0.86 2.96 7.75 20.34 0.94 2 0 1 0 0 0 0 1 0 1
"1924" 3371 7 16772 20854 0 0 6.33 6.57 1.74 0.94 4.82 8.14 32.14 1.06 1 1 2 0 1 1 1 0 0 NA
"1925" 3372 646 17755 21833 0 0 4.86 6.17 1.29 1.94 3.63 3.24 24.79 0.9 2 0 2 0 1 0 0 0 0 0
"1926" 3373 136 15753 19842 0 0 5.65 5.06 0.86 2.01 2.64 5.69 24.83 1.02 1 1 2 1 0 0 1 0 0 1
"1927" 3375 420 13195 17266 0 0 4.97 4.68 0.9 1.67 2.58 NA 24.49 0.87 2 0 1 0 1 NA 1 NA NA NA
"1928" 3376 315 29469 30987 1 1 7.29 6.35 1.27 1.44 4.32 8.59 24.37 0.94 1 0 2 1 1 0 0 1 0 0
"1929" 3377 26 26621 30696 0 0 4.97 6.14 1.04 1.62 4.03 4.78 21.92 0.95 1 1 2 0 1 0 1 0 0 0
"1930" 3378 845 20877 24938 0 0 6.1 6.89 1.09 2.13 4.24 9.5 25.09 0.7 2 0 3 1 0 0 1 0 0 1
"1931" 3379 40 16720 20795 0 0 5.31 6.74 2.84 1.07 4.33 3.88 26.15 0.98 1 1 3 1 0 0 1 0 NA 0
"1932" 3380 394 18442 22517 0 0 5.31 7.4 3.8 1.24 4.38 6.68 30.36 0.78 2 0 2 1 1 0 1 0 0 1
"1933" 3381 711 26211 30274 0 0 6.27 5.52 1.1 1.31 3.69 13.08 25.82 0.99 1 1 2 0 1 0 1 0 0 1
"1934" 3382 533 16936 21010 0 0 5.48 4.61 0.54 1.9 2.46 4.93 22.84 0.91 2 0 3 0 1 1 1 0 0 0
"1935" 3383 40 15240 19314 0 0 5.08 4.39 0.6 1.97 2.14 4.55 23.38 0.86 2 0 3 1 0 0 1 1 0 0
"1936" 3384 216 14388 18459 0 0 4.63 4.9 0.91 1.83 2.64 3 20.45 0.83 2 0 3 0 1 0 1 0 1 0
"1937" 3385 110 22997 27068 0 1 7.63 6.32 1.58 2.05 3.53 9.67 25.19 1.02 1 0 2 1 0 0 1 0 0 0
"1938" 3388 62 17425 21495 0 0 4.46 6.66 1.03 1.62 4.56 3 25.39 0.86 2 1 2 1 1 0 0 0 1 NA
"1939" 3389 62 25860 29930 0 0 5.25 5.22 1.58 1.19 3.29 6.62 23.83 0.9 2 0 2 0 1 0 1 0 0 0
"1940" 3390 24390 15487 19556 0 0 5.42 4.39 0.54 1.62 2.51 6.4 24.92 0.89 2 0 2 1 1 0 NA 0 0 1
"1941" 3391 324 26478 27753 1 0 5.08 6 1.19 1.24 4.2 5.4 33.44 1.03 1 0 3 1 1 0 1 0 0 1
"1942" 3392 335 21294 25363 0 0 5.88 6.36 2.71 1.18 3.91 20.5 28.79 1 1 0 2 1 0 0 0 0 0 0
"1943" 3393 463 14139 18077 0 0 5.25 4.38 0.92 1.57 2.38 8.86 22.88 0.77 2 1 2 0 1 0 0 0 0 0
"1944" 3394 5050 23264 27332 0 0 5.54 5.61 1.07 1.1 4.01 4.67 26.72 0.95 1 1 2 0 1 0 1 0 1 0
"1945" 3395 56 13796 17874 0 0 5.54 6.27 3.25 1.21 3.53 8.35 30.88 1.07 1 1 1 1 1 1 1 0 0 1
"1946" 3396 24396 17505 21579 0 0 5.76 4.89 0.58 1.71 2.91 3 24.16 0.97 1 1 3 0 0 1 1 0 0 1
"1947" 3397 274 20974 25042 0 0 6.16 4.75 1.01 1.51 2.77 6.34 27.89 0.92 2 0 2 0 1 0 0 1 0 1
"1948" 3399 62 21777 25841 0 1 14.01 6.01 1.06 1.62 3.89 3 21.29 0.9 1 0 2 1 1 0 0 0 0 1
"1949" 3400 328 23444 27508 0 0 5.37 5.9 0.66 1.68 3.91 3.25 23.46 0.82 2 0 3 0 1 0 1 0 0 0
"1950" 3401 580 20331 24394 0 0 5.48 5.32 1.63 1.31 3.24 6.52 27.49 0.89 2 0 3 0 1 0 1 0 0 1
"1951" 3402 31 14063 18126 0 0 5.14 6.06 1.78 1.14 4.08 4.13 27.16 1.04 1 1 2 1 1 0 1 0 0 0
"1952" 3404 422 17860 21922 0 0 5.03 7.47 0.84 2.16 4.92 3.86 24.3 0.99 1 1 3 0 1 0 1 0 0 0
"1953" 3405 24405 16795 20857 0 0 6.78 7.31 1.17 1.73 5.03 9.95 30.48 0.93 2 0 2 1 0 1 1 1 0 1
"1954" 3406 147 21285 25346 0 0 5.65 6.41 1.25 1.77 4.06 8.09 27.22 0.78 2 0 2 1 0 0 1 0 0 0
"1955" 3407 7 14453 18514 0 0 5.37 6.15 0.98 1.2 4.49 11.44 30.3 0.94 2 0 3 0 1 0 1 0 0 0
"1956" 3408 24408 13836 17893 0 0 4.92 5.69 1.8 1.24 3.61 10.42 31.03 0.85 2 1 2 0 1 1 1 0 0 1
"1957" 3409 52 20772 24829 0 1 7.51 6.96 1.45 1.83 4.45 4.27 23.63 0.83 2 0 2 1 1 0 NA 0 0 0
"1958" 3410 5 24435 28221 0 0 5.14 6.23 0.8 1.6 4.25 14.62 27.78 1.01 1 1 2 0 1 0 0 0 0 1
"1959" 3411 711 25458 29514 0 0 6.44 6.63 0.77 2.28 3.99 18.72 30.85 1.11 1 0 2 0 1 0 1 0 0 1
"1960" 3412 158 25423 27288 1 1 7.4 11.17 9.38 NA NA 47.4 32.05 0.91 2 0 2 1 0 0 1 1 0 0
"1961" 3413 191 19923 23979 0 0 4.8 7.21 1.17 1.53 5.13 3.52 22.49 0.83 2 0 2 1 1 1 1 1 0 0
"1962" 3414 10 15548 19603 0 0 5.14 4.06 0.65 1.31 2.45 5.28 24.22 0.96 1 0 3 1 1 0 1 0 0 0
"1963" 3416 483 24530 28585 0 1 8.53 6.02 2.77 1.15 3.56 14.4 34.41 0.86 2 0 2 1 1 0 1 0 0 1
"1964" 3417 483 15694 19749 0 0 4.97 5.96 3.38 0.84 3.54 7.5 27 0.92 1 0 2 1 0 0 0 0 0 1
"1965" 3418 23 12891 16945 0 0 5.37 5.78 0.71 2.07 3.38 6.44 22.68 0.88 2 0 2 0 0 0 1 0 0 0
"1966" 3419 24419 27016 28610 1 0 5.14 6.91 1.19 1.92 4.43 4.82 34.43 0.86 2 0 2 1 1 0 1 1 0 1
"1967" 3420 118 24956 24970 1 1 9.27 6.17 0.85 2.11 3.66 6.35 37.11 0.96 2 NA NA 1 1 0 1 0 0 1
"1968" 3421 839 19818 23868 0 1 10.11 5.27 0.98 2.09 2.72 5.03 22.48 0.85 2 0 2 0 0 0 NA NA 0 1
"1969" 3423 5 22957 27007 0 0 4.97 6.13 0.99 1.88 3.78 6.4 26.78 0.84 2 0 2 0 1 0 1 0 0 1
"1970" 3426 5 16688 20737 0 0 5.2 4.54 0.54 2.19 2.1 5.34 18.8 0.81 2 0 2 1 0 0 0 0 0 1
"1971" 3427 627 22870 26899 0 0 5.37 5.36 2.71 1.33 2.76 8.11 25.16 0.84 2 1 2 0 0 1 NA 0 0 0
"1972" 3428 24428 21324 25372 0 0 5.37 6.07 1.35 1.66 3.78 7 30.3 0.79 2 0 3 1 0 0 NA 0 0 0
"1973" 3429 5 16201 20249 0 0 4.97 4.72 0.44 1.96 2.55 6.6 20.94 0.73 2 0 3 0 1 0 0 0 0 1
"1974" 3430 353 16176 20223 0 0 5.59 6.39 1.54 1.17 4.5 6.2 24.17 1.01 1 1 2 1 1 0 1 0 0 1
"1975" 3431 5 25882 29475 0 1 6.72 5.78 1.32 1.32 3.84 28.76 23.18 1.02 1 1 1 0 1 0 0 1 0 1
"1976" 3432 136 25108 29155 0 0 5.08 5.87 0.72 2.01 3.52 6.52 23.59 0.95 1 1 2 1 0 0 1 0 0 1
"1977" 3433 118 13899 17942 0 0 5.2 5.61 0.92 1.96 3.22 5.39 25.64 0.85 2 1 3 1 0 0 0 0 0 1
"1978" 3434 5 22178 26221 0 0 4.69 8.89 1.05 2.41 5.99 6.4 22.41 0.8 2 0 2 0 1 0 1 1 0 1
"1979" 3435 82 14636 18679 0 0 4.8 4.05 0.75 1.36 2.34 3.71 21.88 0.9 1 1 2 1 1 1 0 0 1 1
"1980" 3437 861 22543 26584 0 0 5.54 6.06 2.86 0.83 3.89 11.84 28.48 1.01 1 1 2 1 0 0 1 0 0 0
"1981" 3438 861 22660 26701 0 0 5.59 9.19 2.03 1.1 7.13 7.68 23.24 0.81 2 1 1 1 1 0 NA 0 0 1
"1982" 3439 5 21449 25490 0 0 5.03 9.08 0.7 2.53 6.22 3.56 26.53 0.84 2 0 2 0 1 0 0 1 0 1
"1983" 3440 24440 13122 17162 0 0 4.86 4.64 0.56 1.67 2.7 5.98 27.81 1.02 1 0 2 0 1 0 1 0 0 0
"1984" 3441 635 14999 19039 0 0 4.8 4.36 0.57 1.83 2.26 4.18 21.16 0.79 2 1 2 0 1 1 1 0 0 1
"1985" 3442 608 15856 19896 0 0 4.8 4.73 0.76 1.55 2.82 6.68 23.45 0.8 2 0 2 0 1 1 1 0 0 0
"1986" 3443 118 14006 17942 0 0 5.59 4.78 0.6 1.79 2.71 4.82 24.4 0.88 2 1 2 1 0 0 0 0 0 1
"1987" 3444 486 22030 26059 0 0 4.75 7.99 1.63 1.87 5.35 9.8 24.92 0.83 2 0 2 0 1 1 1 0 0 1
"1988" 3445 41 31604 32128 1 1 6.78 6.28 2.76 0.96 4.03 12.31 29.16 0.96 2 0 1 0 0 0 1 0 0 1
"1989" 3446 657 16301 20342 0 0 5.71 6.64 1.17 1.89 4.2 13.24 28.7 0.96 2 1 3 0 1 1 0 0 0 0
"1990" 3448 297 23061 27089 0 1 9.1 4.84 2 1.42 2.48 6.5 23.53 0.9 2 0 2 0 1 0 NA 0 0 1
"1991" 3449 62 17781 21809 0 0 5.54 5.66 0.92 1.93 3.29 6.32 44.55 0.88 2 1 2 1 1 0 0 0 0 0
"1992" 3450 125 28332 32360 0 0 6.33 9.63 1.27 2.78 6.26 10.67 21.79 0.9 2 0 2 0 1 0 1 0 0 1
"1993" 3452 24452 15535 19562 0 0 5.14 3.6 0.55 1.24 2.1 4.24 22.98 0.8 2 0 3 0 1 1 0 0 0 1
"1994" 3453 618 30000 34027 0 1 11.75 4.12 0.85 1.39 2.33 25.15 24.86 1.03 1 1 2 1 1 0 1 0 0 1
"1995" 3454 655 20549 24606 0 0 4.97 7.97 1.96 1.21 5.84 7.4 31.01 1 1 0 2 1 1 0 1 1 0 NA
"1996" 3455 655 19964 23990 0 0 5.82 7.86 0.94 1.36 6.06 4.41 25.88 0.89 1 0 2 0 1 0 1 0 0 1
"1997" 3456 655 23211 27237 0 0 5.37 7.35 1.84 1.1 5.39 18.98 23.46 0.9 2 0 1 1 1 0 1 1 0 1
"1998" 3457 711 21090 25112 0 0 5.48 4.61 1.23 1.12 2.91 6.02 31.05 0.99 1 1 2 0 1 0 0 0 0 1
"1999" 3458 621 16109 20131 0 0 5.31 4.61 1.01 1.3 2.83 8.91 26.67 0.86 2 0 2 0 1 1 1 0 0 0
"2000" 3459 621 28882 32904 0 1 8.08 4.6 0.97 1.38 2.76 13.52 24.77 0.87 2 0 2 0 1 1 0 0 0 1
"2001" 3460 622 18369 20408 0 1 12.32 6.65 4.28 1.29 NA 14.54 28.09 1.02 1 1 2 1 1 0 1 1 0 0
"2002" 3462 24462 16964 20985 0 0 4.86 3.29 0.69 1.48 1.48 3.69 22.45 0.86 2 0 3 1 0 1 NA 0 1 0
"2003" 3463 889 29346 33367 0 0 4.97 4.78 0.68 1.3 3.16 3.3 23.59 0.98 1 1 2 1 1 0 1 1 0 1
"2004" 3464 157 24509 28523 0 1 13 4.94 2.68 1.02 2.66 43.84 31.25 0.88 2 0 2 1 1 0 NA 0 0 1
"2005" 3465 24465 22168 26188 0 0 5.93 5.59 2.71 0.83 3.49 NA 30.74 1.02 1 1 2 0 1 0 1 0 0 1
"2006" 3466 24466 21393 25413 0 0 5.37 6.72 3.46 0.65 4.45 10.95 34.34 0.85 2 0 3 1 1 0 NA 0 0 NA
"2007" 3467 486 23251 27271 0 1 8.7 5.58 0.96 1.54 3.59 11.68 26.49 0.97 1 1 2 0 0 0 1 0 0 1
"2008" 3468 486 24993 29013 0 0 5.82 7.54 1.32 1.78 5.15 4.12 18.13 0.86 1 1 2 0 1 0 0 0 0 1
"2009" 3469 24469 21867 25886 0 0 5.71 4.9 1.48 0.96 3.25 13.43 32.31 1.02 1 0 3 0 0 0 1 1 0 NA
"2010" 3470 61 26210 30229 0 1 8.7 4.13 0.95 1.5 2.18 20.81 34.38 0.96 2 0 2 0 1 0 1 0 0 NA
"2011" 3471 31 15995 20007 0 0 5.14 4.51 0.91 1.23 2.85 7.54 24.32 0.84 2 0 2 0 1 0 1 0 0 0
"2012" 3472 31 27088 31100 0 0 4.58 8.74 1.42 1.77 6.3 5.92 22.39 0.87 2 0 2 1 1 0 1 0 0 NA
"2013" 3473 136 26647 28063 1 1 12.49 4.93 1.5 1.12 3.11 11.3 26.1 0.96 1 1 1 1 0 0 1 0 0 1
"2014" 3474 62 22668 26086 0 0 5.31 5.55 0.72 1.57 3.64 5.16 23.15 0.9 1 1 2 0 1 0 0 0 0 0
"2015" 3475 486 24261 28276 0 0 5.54 5.58 1.67 0.99 3.8 14.32 27.34 0.93 1 0 2 0 0 1 0 0 0 1
"2016" 3476 488 18663 22678 0 0 5.03 5.84 1.52 1.62 3.5 13.86 29.27 0.83 2 0 1 1 1 0 0 0 0 1
"2017" 3477 24477 16381 20395 0 0 4.52 6.5 2.06 1.24 4.29 5.77 23.81 0.84 2 0 3 1 1 0 1 0 0 0
"2018" 3479 119 18861 22875 0 0 4.97 5.44 1 1.62 3.35 4.91 24.17 0.86 2 0 2 0 1 0 1 0 0 1
"2019" 3480 119 20003 24017 0 0 4.92 5.67 1.04 1.46 3.72 4.84 22.93 0.88 2 0 2 0 1 0 1 0 0 0
"2020" 3481 624 29285 30807 1 1 8.25 7.9 2.33 1.04 5.76 18.23 28.51 0.92 2 0 2 1 0 0 1 0 0 NA
"2021" 3482 892 22960 26973 0 0 4.8 8.23 1 1.96 5.8 7.11 25.18 0.88 2 0 2 0 1 0 1 0 0 1
"2022" 3483 103 14484 18497 0 0 4.69 6.38 1.02 1.38 4.52 3.2 24.73 0.91 1 1 3 1 0 0 1 0 0 0
"2023" 3484 892 18704 22717 0 0 4.58 6.57 1.05 2.25 3.83 4.58 23.35 0.83 2 0 2 0 1 0 1 0 0 NA
"2024" 3485 91 18690 22702 0 0 5.88 7.06 2.38 1.22 4.72 13.88 27.3 1.01 1 1 2 0 0 0 0 0 0 0
"2025" 3486 5 14420 18432 0 0 5.2 5.19 0.79 1.9 2.91 5.24 20.68 0.92 1 0 3 1 0 0 0 0 0 NA
"2026" 3487 103 15374 19385 0 0 4.92 7.48 1.01 1.66 5.35 3.96 23.42 0.94 2 1 2 0 1 0 1 0 0 0
"2027" 3488 157 15215 17441 0 0 5.2 7.17 3.24 0.89 4.75 5.68 30.02 1.03 1 1 2 0 1 0 1 0 0 0
"2028" 3489 621 16709 20720 0 0 4.69 6 0.68 1.48 4.2 3 24.93 1 1 0 2 0 1 0 1 0 0 1
"2029" 3490 114 27293 30959 0 0 4.75 6 1.62 1.18 4.05 4.31 24.73 0.88 2 0 3 0 1 0 1 0 1 NA
"2030" 3493 621 17060 21068 0 0 4.63 4.25 0.6 1.62 2.35 4.92 20.11 0.87 2 0 2 0 1 0 0 0 0 1
"2031" 3494 103 17255 21262 0 0 5.03 6.77 1.35 1.52 4.62 6.48 25.42 0.95 1 1 3 1 0 0 1 0 0 0
"2032" 3495 103 16371 20369 0 0 4.92 4.6 0.59 1.43 2.89 2.82 25.13 0.89 1 0 3 0 0 0 1 0 0 0
"2033" 3496 490 17752 21759 0 0 5.37 4.98 1.34 1.16 3.18 4.73 24.16 0.98 1 1 2 0 1 0 0 1 0 1
"2034" 3497 40 16255 20261 0 0 5.03 4.65 0.86 1.42 2.83 3.96 22.8 0.87 2 1 2 1 0 0 1 0 0 1
"2035" 3498 24498 23499 27505 0 0 4.63 5.59 0.72 1.91 3.34 5.14 24.65 0.9 2 0 2 1 0 0 NA 0 0 0
"2036" 3499 103 15787 19793 0 0 4.58 5.73 0.76 1.49 3.88 3.92 18.66 0.78 2 0 3 0 1 1 1 1 0 1
"2037" 3500 103 23758 27764 0 0 3.9 7.17 0.92 1.94 4.8 6.12 27.48 0.83 2 0 2 0 1 0 1 0 0 0
"2038" 3501 118 20288 24299 0 0 5.82 6.37 1.35 1.17 4.57 16.26 35.14 1.12 1 1 2 1 0 0 1 0 0 1
"2039" 3502 73 21666 25667 0 1 6.5 6.99 4.27 1.1 NA 17.11 30.49 0.81 2 1 2 1 0 0 0 0 0 0
"2040" 3503 103 14904 18903 0 0 5.82 7.29 1.95 1.28 5.1 15.46 29.24 0.88 2 0 2 0 1 0 1 0 1 0
"2041" 3504 715 16936 20933 0 0 5.99 4.86 1.35 1.23 2.99 11.46 28.87 0.82 2 0 3 0 0 0 1 0 0 1
"2042" 3506 495 26375 30369 0 1 9.72 5.69 0.92 1.39 3.87 7.19 19.96 0.83 2 0 2 1 1 0 1 0 0 1
"2043" 3507 85 16590 20583 0 1 14.35 6.67 7.54 NA NA 23.86 28.16 0.91 2 0 2 0 1 0 1 0 0 0
"2044" 3508 625 32328 32343 1 1 4.18 4.3 1.1 1.08 2.7 7.46 23.56 0.98 1 0 1 1 1 0 0 0 0 1
"2045" 3509 96 32613 35108 1 1 4.97 4.64 2.52 1.06 2.39 29.16 25.56 0.88 2 0 1 1 0 0 1 0 0 1
"2046" 3510 103 25640 29625 0 0 5.59 6.82 1.98 1.22 4.67 6.4 28.28 0.83 2 0 2 1 1 1 0 0 0 1
"2047" 3511 119 21752 25737 0 1 6.05 6.73 4.09 0.85 NA 13.6 28.09 1.04 1 1 3 0 1 1 1 0 1 1
"2048" 3512 111 23858 27842 0 1 8.7 5.9 5.07 0.73 NA 18.16 30.46 1 1 1 2 1 0 0 1 0 0 1
"2049" 3513 111 24287 25906 0 1 8.19 3.93 2.5 0.8 1.95 46.02 31.48 0.99 1 1 2 1 1 0 1 0 0 1
"2050" 3514 157 14328 18286 0 0 5.88 4.55 0.69 1.21 3.01 7.43 27.02 0.83 2 0 2 0 1 1 1 0 0 0
"2051" 3515 157 15268 19226 0 0 6.22 6.45 2.2 0.98 4.44 4.91 28.41 0.95 1 1 2 0 1 0 1 0 0 0
"2052" 3516 41 23500 27478 0 0 5.54 5.45 0.63 1.38 3.77 4.9 25.65 0.94 1 0 2 1 0 0 1 0 0 1
"2053" 3518 490 27027 31004 0 0 6.55 7.36 1.31 1.32 5.42 16.52 28.04 0.84 2 0 2 1 1 1 1 0 0 1
"2054" 3519 41 23059 27036 0 0 5.76 6 1.06 1.59 3.92 12.48 28.94 0.91 2 0 3 0 1 0 1 0 0 1
"2055" 3521 892 28864 29159 0 0 5.42 5.5 1.32 1.06 3.82 7.29 29.18 1.02 1 1 2 0 1 0 1 0 0 0
"2056" 3522 41 19650 23621 0 0 5.65 5.49 0.62 1.32 3.88 5.42 26.4 0.95 1 0 3 0 1 0 1 0 0 1
"2057" 3523 157 16193 20164 0 0 5.54 5.04 1.83 1.13 3.05 7.31 24.96 1.07 1 0 2 0 1 0 1 0 0 NA
"2058" 3524 41 26958 30928 0 1 7.91 5.71 1.72 1.18 3.72 18.4 28.05 0.98 1 1 1 1 0 1 1 1 0 NA
"2059" 3525 114 30430 33972 0 0 5.08 6.95 1.13 1.28 5.14 7.54 23.34 0.82 2 0 2 0 0 0 1 0 0 0
"2060" 3526 57 13882 17848 0 0 5.88 5.05 1.92 0.9 3.25 9.38 30.48 0.95 2 1 3 0 0 0 0 0 0 1
"2061" 3527 390 15033 18998 0 0 6.89 4.64 1 1.32 2.85 5.56 24.19 0.95 1 0 3 0 1 0 1 0 0 1
"2062" 3528 638 19840 23763 0 0 6.27 5.66 1.13 1.61 3.52 10.31 29.6 0.95 1 1 3 0 1 0 0 1 0 1
"2063" 3529 615 17287 21252 0 1 11.7 3.92 1.45 0.99 2.25 11.72 33.28 0.93 2 1 2 1 0 0 NA 0 0 0
"2064" 3530 83 15869 19833 0 0 5.31 4.42 0.93 1.28 2.7 4.36 26.79 0.88 2 1 3 1 1 0 1 0 0 NA
"2065" 3531 85 17555 21519 0 0 4.92 4.36 0.43 1.36 2.8 1.48 26.2 0.9 1 0 3 0 1 0 0 0 0 0
"2066" 3532 119 20868 24831 0 1 16.22 7.53 3.79 0.93 4.82 6.84 23.86 1.01 1 1 2 0 1 1 0 0 1 0
"2067" 3534 96 21351 25310 0 0 5.76 4.17 1.62 0.97 2.44 8.94 29.41 1.02 1 0 2 1 1 1 0 0 0 0
"2068" 3535 495 27401 30153 0 0 6.1 6.85 1.8 1.33 4.67 8.09 23.59 0.82 2 0 3 1 0 0 1 0 1 1
"2069" 3536 495 25229 29185 0 0 6.22 4.77 1.48 0.82 3.26 6.35 25.67 0.91 1 1 2 1 0 0 1 1 0 1
"2070" 3537 24537 26369 29164 0 1 7.97 4.24 1 1.06 2.71 28.7 30.96 0.98 1 1 3 0 0 0 1 0 0 0
"2071" 3539 85 15366 19315 0 0 5.65 5.04 1.72 1.37 2.86 7.14 25.25 0.84 2 0 2 0 1 0 0 0 0 1
"2072" 3540 845 21151 25100 0 0 6.05 4.81 0.71 2.09 2.38 9.5 29.07 1.1 1 0 2 0 1 0 1 0 0 0
"2073" 3541 488 29434 31032 0 1 11.64 4.69 1.59 1.12 2.83 9.35 23.22 0.84 2 0 2 1 1 0 1 0 0 1
"2074" 3543 495 23615 27578 0 0 6.67 5.01 1.97 0.92 3.16 12.1 27.93 1.04 1 1 3 1 1 0 1 1 1 1
"2075" 3544 157 23521 27479 0 1 7.91 4.37 1.8 1.07 2.45 13.56 28.16 1.01 1 0 2 1 0 0 1 0 0 1
"2076" 3545 716 19093 23045 0 0 5.37 5.49 1.09 1.06 3.92 6.28 27.91 0.94 1 0 2 1 1 0 1 0 0 0
"2077" 3546 533 14418 18363 0 0 5.99 4.83 1.98 0.98 2.92 8.88 28.96 0.99 1 1 2 0 1 0 0 0 0 1
"2078" 3547 621 14366 18296 0 0 5.25 5.12 0.6 1.47 3.37 3 21.45 0.86 1 0 3 0 0 1 1 0 0 1
"2079" 3548 96 22516 26460 0 0 5.71 5.43 0.82 1.58 3.47 6.86 28.42 0.84 2 0 2 1 0 1 0 0 0 1
"2080" 3549 61 16414 20357 0 1 7.18 4.55 1.63 1.2 2.59 15.15 41.16 0.94 2 1 2 1 0 NA 1 NA NA NA
"2081" 3550 80 14378 18160 0 1 13.84 NA NA NA NA 12.7 37.35 0.92 1 0 2 0 1 0 1 0 0 NA
"2082" 3551 41 27383 31342 0 0 6.27 6.05 1.15 1.61 3.9 12.63 31.55 0.84 2 0 2 0 0 0 1 0 1 1
"2083" 3552 486 28654 29753 1 1 8.59 3.83 1.24 0.89 2.36 82.07 24.06 0.97 1 1 3 0 1 1 0 0 0 1
"2084" 3553 62 23370 27320 0 1 17.91 5.37 2.18 1.13 3.22 5.94 26.14 0.9 2 0 2 1 0 0 0 0 0 0
"2085" 3554 638 21423 23184 0 0 5.65 5.64 1.56 1.47 3.44 6 26.93 1.03 1 1 2 1 1 0 1 0 0 0
"2086" 3557 114 14163 18107 0 0 6.16 4.72 1.75 1.2 2.7 10.96 26.72 0.8 2 0 3 1 1 0 1 0 1 1
"2087" 3558 114 25949 29893 0 1 12.83 4.11 3.75 0.82 1.53 NA 29.1 0.99 1 1 2 1 1 0 1 0 0 1
"2088" 3560 85 14211 18156 0 0 6.05 6.73 2.34 1.23 4.4 5.88 24.94 0.98 1 1 3 1 0 0 1 0 0 0
"2089" 3562 24562 20136 24073 0 0 6.22 5.02 1.14 1.69 2.8 4.46 24.05 0.82 2 0 3 1 1 0 1 0 0 1
"2090" 3563 536 17637 21574 0 0 6.5 5.03 1.58 1.17 3.12 10.46 26.73 0.94 1 0 2 1 0 0 1 1 0 0
"2091" 3564 24564 19471 23408 0 1 8.02 6.34 1.76 1.53 3.98 6.46 25.05 0.78 2 0 3 0 1 0 NA 0 0 0
"2092" 3565 491 19164 23100 0 0 5.82 6.18 0.86 2.09 3.69 5.67 21.2 0.82 2 0 2 1 0 0 1 0 0 1
"2093" 3566 38 15297 19233 0 0 5.48 3.55 0.49 2.03 1.29 4.46 24.94 0.87 2 1 3 0 1 0 1 0 0 1
"2094" 3567 490 20099 24034 0 0 6.44 5.61 1.5 1.21 3.7 7.28 24.12 0.9 1 1 3 0 1 0 1 1 0 1
"2095" 3568 490 30381 32130 0 1 7.23 4.76 1.17 1.28 2.92 11.69 28.25 0.98 1 0 2 1 1 1 1 0 0 1
"2096" 3569 83 15055 18986 0 0 5.2 5.23 1.71 1.39 3.03 6.5 25.35 0.85 2 0 2 1 1 0 1 0 0 1
"2097" 3571 24571 21893 25824 0 0 5.31 5.83 0.92 1.57 3.83 6.68 32.43 0.9 2 0 3 1 0 0 0 0 0 0
"2098" 3572 118 22308 26238 0 0 5.99 5.17 1.17 1.3 3.32 13.54 31.48 0.96 2 0 2 0 0 0 1 1 1 0
"2099" 3573 118 23843 27773 0 0 6.38 4.43 0.66 1.81 2.31 4.15 26.33 0.9 1 0 2 0 0 0 1 0 1 1
"2100" 3574 118 25285 29215 0 1 10.34 4.81 0.99 0.89 3.45 6.12 25.98 1 1 0 2 1 0 1 0 1 0 1
"2101" 3575 274 18125 22054 0 0 5.71 7.54 0.7 2.02 5.19 4.99 23.7 0.82 2 0 2 0 1 0 1 0 0 0
"2102" 3576 80 24114 24756 1 1 12.83 6.58 1.67 1.39 4.4 8.22 35.97 0.88 2 0 1 0 1 0 1 0 0 1
"2103" 3577 80 15913 19842 0 0 5.99 5.69 1.47 1.35 3.64 12.07 32.28 0.97 1 0 3 1 1 0 0 0 0 1
"2104" 3578 85 14384 18291 0 1 7.4 5.22 1.17 0.88 3.79 12.7 34.26 0.89 2 1 2 0 1 0 0 0 0 0
"2105" 3582 85 16629 20552 0 0 5.65 6.22 1.18 1.21 4.46 3.82 22.67 0.78 2 NA NA 0 1 0 0 0 0 NA
"2106" 3583 886 18660 22583 0 0 6.38 6.54 1.1 2.07 3.95 5.99 37.65 0.85 2 0 2 0 1 0 1 0 0 NA
"2107" 3584 886 21684 25607 0 0 6.72 4.28 0.71 1.2 2.75 7.88 30.01 0.78 2 0 2 1 0 0 0 0 0 NA
"2108" 3585 85 24923 28844 0 1 8.87 7.25 2.69 1.22 4.77 9.54 27.01 0.87 2 0 2 1 0 0 1 NA 0 NA
"2109" 3586 268 19691 23612 0 0 5.76 6.57 1.1 1.64 4.41 6.02 31.06 0.8 2 0 2 0 1 0 1 0 0 1
"2110" 3587 120 27572 29662 1 1 6.61 5.78 1.7 0.91 4.07 22.02 29.58 0.93 1 1 2 0 1 0 1 0 0 NA
"2111" 3588 268 27493 31322 0 1 NA 5.32 3.19 0.99 2.83 22.81 29.86 0.89 2 0 2 0 1 0 1 0 1 NA
"2112" 3589 114 15045 18965 0 0 6.55 6.5 2.7 0.93 4.3 8.57 31.07 1.02 1 1 2 1 1 0 1 0 0 1
"2113" 3590 114 28031 31951 0 0 5.59 6.4 1.55 1.09 4.58 12.51 23.63 0.91 1 0 2 1 1 0 1 0 0 0
"2114" 3591 638 20506 24426 0 0 5.48 6.58 1.31 2.06 3.91 5.76 26.23 0.79 2 0 2 1 0 0 0 1 0 1
"2115" 3592 536 18432 22349 0 0 5.25 4.81 0.65 1.43 3.08 5.28 23.49 0.8 2 0 2 1 0 0 1 1 0 0
"2116" 3593 497 20920 24837 0 0 5.82 8.36 11.13 0.54 NA 9.38 28.21 0.99 1 NA NA 1 0 0 1 0 0 1
"2117" 3594 650 24298 28215 0 0 5.93 4.68 1.19 1.23 2.89 5.08 20.59 0.87 1 0 2 1 0 0 0 0 0 0
"2118" 3595 158 23833 27750 0 1 8.25 6.17 0.76 1.98 3.83 8.22 28.58 0.87 2 0 2 1 0 0 1 0 1 1
"2119" 3596 33 24853 28769 0 1 7.4 NA NA NA NA 8.52 25.58 0.99 1 NA 2 1 0 0 1 0 0 1
"2120" 3597 83 19886 23802 0 0 5.82 5.84 1.28 1.14 4.1 5 26.11 0.8 2 1 2 1 1 0 1 1 1 1
"2121" 3598 596 24555 28471 0 1 9.94 5.65 2.66 1.07 3.33 10.98 30.3 0.99 1 1 2 1 1 0 1 0 0 1
"2122" 3599 596 26963 30879 0 0 6.33 6.95 2.27 1.29 4.59 14.02 32.25 0.87 2 0 2 1 0 0 1 0 0 0
"2123" 3600 79 25532 29447 0 1 5.88 7.15 0.75 2.06 4.73 9.94 30.93 0.9 2 0 1 1 1 1 1 1 0 0
"2124" 3601 79 24830 28745 0 0 5.31 6.63 0.8 1.94 4.31 5.32 29.45 0.86 2 0 NA 1 1 0 1 1 1 0
"2125" 3602 79 30405 31785 1 0 5.65 5.61 1.45 1.22 3.71 7.66 29.59 1.01 1 1 3 0 1 1 1 1 NA 0
"2126" 3603 647 24008 27922 0 0 5.99 5.41 1.3 0.95 3.85 14.4 27.56 0.99 1 1 2 1 1 0 1 0 1 0
"2127" 3604 41 20211 24125 0 0 5.37 5.49 0.9 1.5 3.57 5.28 24.36 0.8 2 0 2 0 1 0 1 0 0 NA
"2128" 3605 92 20895 24805 0 0 5.71 5.5 1.69 0.92 3.78 10.31 30.38 0.88 2 0 2 1 0 0 1 0 0 1
"2129" 3606 110 17806 21716 0 0 5.25 5.28 0.69 1.68 3.27 5.14 24.21 0.79 2 1 2 1 1 0 1 0 0 0
"2130" 3607 41 22649 26559 0 0 5.76 8.19 1.33 1.45 6.12 8.7 27.25 0.8 2 0 2 0 0 0 1 0 0 1
"2131" 3608 5 25050 28960 0 0 5.08 6.52 1.37 2.2 3.68 8.91 21.49 0.74 2 0 3 0 0 0 0 0 0 1
"2132" 3609 9 24914 28823 0 0 5.99 5.38 1.62 1.65 2.97 7.41 24.33 0.79 2 0 3 0 1 1 0 0 0 1
"2133" 3610 638 16912 20826 0 0 5.31 5.33 0.84 1.42 3.52 5.47 24.36 0.86 1 1 3 0 0 0 0 1 0 1
"2134" 3611 268 24483 28149 0 1 6.55 6.8 6.54 0.79 NA 20 30.89 0.97 1 1 1 0 1 0 0 0 0 0
"2135" 3612 497 15253 19162 0 0 5.76 9.06 11.53 0.52 NA 8.17 27.49 0.92 1 0 3 1 1 0 1 0 0 1
"2136" 3613 85 27509 31417 0 0 6.55 6.32 1.1 1.26 4.55 9.68 27.27 1.02 1 1 2 1 0 1 0 0 0 0
"2137" 3614 638 30341 30443 0 1 8.87 3.72 0.79 1.1 2.25 6.74 24.3 1.02 1 0 2 0 0 0 1 1 0 1
"2138" 3615 638 17327 21235 0 0 5.54 5.53 1.24 1.11 3.84 4.14 24.69 0.93 1 1 2 0 1 0 0 0 0 0
"2139" 3616 268 20043 23950 0 0 6.1 6.25 1.21 1.58 4.1 4.38 24.17 0.77 2 0 2 0 1 0 1 0 0 NA
"2140" 3617 38 16743 20650 0 0 5.48 4.32 1.5 1.05 2.56 7.42 30.6 0.86 2 1 2 0 1 0 1 0 0 1
"2141" 3618 85 16275 20163 0 0 5.48 6.54 1.46 1.25 4.61 3.64 20.6 0.84 2 0 2 1 0 1 0 0 0 0
"2142" 3619 737 23230 27117 0 1 6.44 6.24 1.83 1.17 4.22 15.42 29.47 0.87 2 0 2 0 0 0 NA 0 0 0
"2143" 3620 533 26664 30551 0 0 4.8 5.44 0.71 1.91 3.19 9.03 26.42 0.75 2 0 2 1 1 0 1 NA 1 1
"2144" 3621 79 25316 29202 0 0 6.22 4.78 0.81 1.43 2.96 8.12 30.33 0.92 1 1 2 0 0 0 NA 0 0 0
"2145" 3622 888 16046 19941 0 0 5.71 5.67 1.21 1.52 3.59 9.73 26.85 0.92 1 0 3 1 0 1 1 0 0 0
"2146" 3623 118 15706 19588 0 0 5.31 3.88 0.74 1.64 1.89 4.69 24.57 0.73 2 0 2 0 1 0 1 1 0 1
"2147" 3624 23 16152 20034 0 0 6.16 5.22 1.24 1.61 3.02 6.21 22.3 0.74 2 0 2 1 0 0 1 1 0 0
"2148" 3626 268 16105 19986 0 0 5.31 3.44 0.89 0.99 2.03 4.36 27.91 0.89 2 0 3 0 1 0 1 0 1 1
"2149" 3627 85 28718 31506 1 0 5.59 6.37 0.94 1.3 4.63 6.34 25.47 0.94 1 1 2 0 1 0 0 0 0 1
"2150" 3628 243 16033 19913 0 0 5.54 6.47 1.4 1.1 4.71 7.2 24.69 0.94 1 1 3 0 1 1 1 0 0 1
"2151" 3630 491 21680 25555 0 0 5.48 6.88 1.16 1.75 4.58 4.26 23.44 0.8 2 0 2 1 0 0 NA 0 0 1
"2152" 3631 110 20716 24591 0 1 7.29 6.9 1.71 0.92 5.18 16.09 31.11 1.06 1 1 2 0 1 0 NA 0 0 0
"2153" 3632 492 17143 21017 0 1 6.67 5.92 2.84 1 3.59 9.52 33.13 0.94 2 0 2 1 0 0 NA 0 0 0
"2154" 3633 9 14290 18164 0 0 5.03 6.72 1.68 1.07 4.86 6.54 26.04 0.96 1 0 2 0 1 0 1 0 0 NA
"2155" 3634 492 26665 28452 1 1 6.72 5.64 3.45 0.9 3.11 8.57 24.31 0.83 2 0 2 1 0 0 0 0 1 0
"2156" 3635 889 17603 21476 0 0 5.25 6.01 0.82 1.3 4.33 5.53 32.74 0.93 2 0 2 0 1 0 1 0 0 1
"2157" 3636 41 24262 28135 0 0 6.27 7.27 2.36 1.67 4.49 10.38 31.25 0.83 2 0 2 1 1 1 1 1 0 1
"2158" 3637 83 14187 18060 0 0 6.22 6.26 2.56 1.02 4.04 10.65 23.8 0.93 1 1 2 1 1 0 1 1 0 1
"2159" 3638 889 14181 18054 0 0 5.76 5.74 1.55 0.72 4.29 7.02 30.74 0.92 1 1 2 0 1 0 1 0 0 1
"2160" 3640 61 15877 19749 0 0 5.59 5.19 1.06 1.85 2.84 4.44 23.65 0.87 2 1 2 1 1 0 1 1 0 0
"2161" 3641 492 24310 28182 0 0 5.2 5.98 1.7 1.24 3.94 6.36 20.48 0.75 2 0 2 1 0 1 1 0 1 0
"2162" 3642 498 30733 34457 0 0 5.08 5.54 1.04 1.3 3.75 3.9 28.95 0.88 2 0 1 0 1 0 0 0 0 1
"2163" 3643 9 23834 24906 1 1 12.6 5.57 1.67 1.33 3.45 14.46 24.95 0.88 1 1 2 0 1 0 1 0 1 1
"2164" 3644 492 25520 29388 0 0 5.65 6.74 1.15 1.34 4.86 6.04 20.35 0.76 2 0 3 0 1 0 0 0 1 0
"2165" 3645 9 22220 26088 0 0 5.88 4.8 2.3 1.03 2.69 18.16 30.3 0.88 2 0 2 1 1 0 1 0 0 0
"2166" 3646 630 29017 29675 1 1 10 6.9 3.09 1.08 4.37 20.13 27.62 0.99 2 0 2 0 1 0 1 1 1 1
"2167" 3647 7 16095 19962 0 0 5.25 4.75 1.87 1.64 2.23 5.52 25.96 0.77 2 0 2 0 1 0 1 0 0 0
"2168" 3648 7 17552 19708 0 0 5.82 5.84 2.67 0.99 3.59 14.52 29.01 0.84 2 0 2 1 0 1 1 1 0 1
"2169" 3649 7 14933 18799 0 0 5.31 3.79 0.74 1.58 1.86 4.08 19.94 0.88 1 0 3 1 1 0 1 0 0 0
"2170" 3650 625 18015 21880 0 0 6.22 5.41 1.32 1.51 3.28 13.64 32.61 0.96 1 0 2 0 1 0 1 0 0 0
"2171" 3652 9 13671 17537 0 0 5.82 4.16 0.98 0.99 2.71 5.36 23.3 0.92 1 0 2 0 1 0 1 0 0 1
"2172" 3653 61 25185 29051 0 0 4.75 4.42 1.02 1.12 2.82 3 25.27 0.95 1 1 2 1 1 0 1 0 0 0
"2173" 3655 9 19095 22960 0 0 5.48 4.93 0.62 1.93 2.71 3 19.02 0.8 1 1 2 0 1 0 1 0 0 1
"2174" 3656 7 15511 19372 0 0 4.92 5.64 1.15 1.36 3.74 3.72 24.52 0.96 1 0 2 0 1 0 1 0 0 1
"2175" 3658 474 26656 30517 0 1 6.84 5.36 1.76 0.89 3.65 18.42 32.25 0.9 2 0 1 0 1 0 NA 0 0 1
"2176" 3659 57 21861 25721 0 0 5.65 5.46 0.73 2 3.11 3.16 21.89 0.78 2 0 2 1 1 0 1 0 0 NA
"2177" 3662 7 14605 18463 0 0 5.25 4.91 1.14 1.31 3.06 5.08 22.74 0.8 2 0 2 1 0 0 1 0 0 1
"2178" 3664 714 32876 33636 0 0 5.82 5.01 1.6 0.99 3.27 21.92 23.23 0.88 2 0 1 1 0 0 1 0 0 1
"2179" 3665 468 13432 17272 0 0 6.55 4.53 1.7 1.25 2.49 5.47 24.31 0.89 1 0 3 0 1 0 0 0 0 NA
"2180" 3666 625 22150 26004 0 0 5.93 5.29 0.84 1.4 3.49 6.99 25.38 0.74 2 0 2 0 1 0 0 0 0 1
"2181" 3667 621 17732 21590 0 0 5.37 5.74 0.98 1.82 3.46 4.86 24.38 0.81 2 0 3 0 1 0 1 0 0 0
"2182" 3668 7 18335 22193 0 0 5.42 4.84 0.51 1.8 2.8 3.52 24.95 0.99 1 1 2 0 1 0 1 0 0 1
"2183" 3670 7 15100 18958 0 0 5.42 4.8 0.7 1.73 2.74 7.54 23.76 0.83 2 0 3 1 1 0 1 0 0 0
"2184" 3671 650 19929 23709 0 1 8.81 4.63 0.88 1.59 2.62 10.12 22.34 0.87 1 0 2 0 1 0 NA 0 0 NA
"2185" 3672 136 24695 28548 0 0 5.31 5.66 0.98 1.62 3.57 5.84 25.72 0.84 2 0 2 1 0 1 1 0 0 1
"2186" 3673 7 15642 19494 0 0 5.03 4.22 0.81 1.2 2.64 5.22 23.34 0.79 2 0 2 0 0 0 1 0 0 1
"2187" 3675 7 16617 20457 0 0 6.05 6.87 0.96 1.43 4.99 10.86 25.08 1.02 1 1 2 1 0 0 0 0 1 1
"2188" 3677 650 20753 24606 0 0 5.03 8.28 0.81 1.92 5.98 6.47 26.04 0.84 2 0 2 0 0 0 NA 1 1 0
"2189" 3678 61 24420 28267 0 0 6.5 5.46 1.49 1.24 3.52 12.7 29.53 0.95 1 0 2 1 0 0 1 0 0 0
"2190" 3680 625 22587 26432 0 0 5.25 5.97 0.77 1.22 4.39 5.89 31.6 1.01 1 1 2 0 1 0 1 0 0 1
"2191" 3681 468 25362 29202 0 1 10.68 4.91 2.44 1 2.77 15.16 27.31 0.94 2 NA NA 0 1 0 NA 0 0 1
"2192" 3682 60 23699 27042 1 1 8.93 7.28 1.23 1.03 5.68 13.94 28.79 1.01 1 1 2 1 1 1 1 0 0 1
"2193" 3683 644 23367 27206 0 1 5.99 6.58 2.44 1.1 4.33 14.02 35.92 0.89 2 0 2 1 0 0 0 0 0 1
"2194" 3684 46 21502 25341 0 1 11.81 5.38 1.52 0.84 3.82 17.02 29.73 1.08 1 1 2 1 0 0 NA 0 0 0
"2195" 3685 46 19803 23642 0 0 5.71 4.6 1.31 1.04 2.95 4.7 23.31 0.93 2 0 2 1 1 1 1 0 0 1
"2196" 3686 498 28565 31821 1 1 10.68 5.75 1.08 1.25 3.99 18.09 28.05 1 2 0 1 0 0 0 0 0 0 1
"2197" 3687 31 19502 23333 0 0 6.22 5.16 0.81 1.57 3.21 4.78 26.2 0.8 2 0 3 1 1 0 1 1 0 0
"2198" 3688 625 20001 23839 0 0 5.76 5.45 1.07 1.54 3.4 6.12 28.75 0.76 2 0 2 0 1 0 1 NA 0 1
"2199" 3689 31 20804 24642 0 1 6.89 6.19 1.21 1.44 4.18 8.09 24.79 0.98 1 0 3 1 1 0 1 1 0 0
"2200" 3690 31 21446 25283 0 1 9.21 6.2 1.35 1.01 4.55 4.05 29.74 1.01 1 1 3 1 1 0 1 1 0 0
"2201" 3691 31 20852 24689 0 0 5.48 6.34 1.7 0.82 4.72 11.12 30.62 0.76 2 0 2 1 0 1 1 0 0 1
"2202" 3692 7 17195 21039 0 0 5.2 4.07 0.59 1.52 2.28 4.42 27.08 0.91 2 1 2 1 0 0 0 0 0 0
"2203" 3695 69 18367 22200 0 0 6.1 5.34 1.31 1.5 3.22 8.1 22.57 0.87 1 0 3 1 0 0 1 0 0 1
"2204" 3696 69 25232 29065 0 0 6.16 5.42 0.85 1.58 3.44 9.38 26.51 0.77 2 0 3 0 0 1 1 0 0 0
"2205" 3697 69 25694 29517 0 0 6.44 5 1.13 1.5 2.97 8.96 25.31 0.8 2 0 3 0 0 1 1 0 NA 1
"2206" 3698 46 20577 24409 0 0 5.71 7.42 1.99 0.85 5.64 10.94 35.46 0.88 2 1 2 1 0 0 1 0 0 0
"2207" 3699 630 15002 18913 0 0 5.65 5.88 0.71 1.19 4.36 4.14 25.22 0.87 2 0 3 0 1 0 1 0 1 0
"2208" 3701 69 28386 32218 0 1 5.59 5.16 1.09 1.21 3.43 7.9 22.67 0.83 2 0 2 0 0 0 1 0 0 1
"2209" 3702 69 31023 31846 1 0 5.54 5.42 0.86 1.45 3.56 5.96 25.39 0.9 2 0 1 0 1 1 1 0 1 0
"2210" 3703 630 22255 25109 1 0 5.59 5.67 1.18 1.13 3.99 NA 24.93 0.92 1 0 2 0 1 1 1 0 1 1
"2211" 3704 470 16392 20222 0 0 5.93 5.39 2.32 1.06 3.24 30.07 35.77 0.87 2 0 2 0 0 0 1 0 0 0
"2212" 3705 470 26812 29901 0 1 6.44 7.16 2.29 1.43 4.66 6.12 22.21 0.93 2 0 2 1 0 0 1 0 0 0
"2213" 3707 630 16060 19892 0 0 5.42 5.74 1.98 0.93 3.88 7.74 28.17 0.94 1 1 2 1 1 0 1 0 1 0
"2214" 3708 70 15149 18979 0 0 5.76 4.63 0.77 1.2 3.07 5.47 22.44 0.91 1 0 2 0 1 0 1 0 0 0
"2215" 3709 25 18394 22224 0 0 5.59 4.13 1.29 0.85 2.67 10.04 33.9 1.01 1 1 2 1 0 0 1 0 0 1
"2216" 3710 70 15839 19670 0 1 8.42 6.28 1.66 0.94 4.56 7.79 23.84 0.9 1 0 3 0 1 0 1 1 0 0
"2217" 3711 630 27963 29227 0 0 5.99 6.67 1.45 1.3 4.69 10.46 28.74 0.92 1 1 2 0 1 0 1 0 0 0
"2218" 3713 17 21460 25286 0 1 8.14 6.77 1.37 1.51 4.61 4.56 31.89 0.84 2 0 2 0 1 0 0 1 1 1
"2219" 3714 17 23798 27624 0 0 5.54 5.71 1.46 1.07 3.95 8.6 26.75 0.93 1 0 2 0 1 0 1 0 0 1
"2220" 3715 17 18189 22014 0 0 5.82 5.29 1.04 1.46 3.34 2.38 22.98 0.81 2 1 3 0 1 0 0 1 1 NA
"2221" 3716 457 24659 27920 0 0 6.1 6.75 1.31 1.29 4.84 7.14 25.59 0.99 1 1 3 0 1 0 1 0 1 0
"2222" 3717 495 24524 28348 0 0 5.59 5.79 1.67 1.01 4 10.64 23.78 0.89 2 0 2 1 1 0 1 0 0 0
"2223" 3718 457 23655 27479 0 1 6.78 7.75 2.4 1.47 5.15 13.02 28.69 0.81 2 0 2 0 1 0 1 0 1 0
"2224" 3719 457 23584 27408 0 0 6.1 7.43 1.93 1.4 5.12 9.66 24.84 0.94 1 1 2 0 1 1 0 0 0 0
"2225" 3720 461 14120 17925 0 0 5.42 5.31 0.81 1.14 3.79 4.96 25.51 0.91 1 1 2 0 1 1 1 0 0 0
"2226" 3721 69 17725 21548 0 0 5.59 5.7 0.63 1.54 3.86 4.12 25.21 0.78 2 0 3 1 0 0 1 0 0 1
"2227" 3722 595 30127 32900 1 1 9.55 4.51 1.06 1.44 2.57 4.98 24.84 0.89 2 0 2 1 1 0 1 0 0 0
"2228" 3723 595 16781 20600 0 0 5.65 4.55 0.63 1.5 2.75 2.68 23.89 0.94 1 1 3 1 0 0 0 0 0 0
"2229" 3724 70 24062 27205 0 0 5.65 6.52 0.96 1.25 4.82 5.63 19.78 0.81 2 0 3 1 1 0 1 0 0 0
"2230" 3725 70 23533 27351 0 0 5.65 7.8 1.25 2.24 4.97 3.04 17.68 0.92 1 0 3 1 1 0 1 0 0 0
"2231" 3726 69 15029 18846 0 0 4.86 4.61 0.73 1.69 2.58 5.07 20.2 0.8 2 0 3 0 0 0 1 0 0 1
"2232" 3727 4 24557 28380 0 0 5.99 5.03 1.46 1.12 3.23 5.76 27.67 0.96 1 0 2 0 1 0 1 0 1 0
"2233" 3728 595 21083 24901 0 0 6.78 5.43 0.78 1.53 3.53 10.01 45.62 0.82 2 0 NA 1 0 0 0 0 1 0
"2234" 3729 495 22971 26789 0 0 5.14 5.48 0.76 1.43 3.69 2.72 20.81 0.78 2 0 2 0 0 0 1 1 0 1
"2235" 3730 4 21102 24919 0 0 4.92 6.3 0.94 1.58 4.27 5.42 24.48 0.93 1 1 2 1 1 0 1 0 0 0
"2236" 3731 651 14336 18138 0 0 5.59 NA NA NA NA 4.61 25.03 0.79 2 0 2 0 1 0 1 0 0 1
"2237" 3732 4 16497 20313 0 0 5.42 5.35 0.84 1.34 3.61 4.35 27.36 0.85 2 1 3 1 1 0 1 0 0 0
"2238" 3733 156 25697 29506 0 1 6.67 NA NA NA NA 7.2 31.96 0.93 2 0 2 1 0 0 1 0 0 0
"2239" 3734 4 18880 22696 0 0 5.99 5.19 1.43 1.06 3.45 7.88 26.49 0.96 1 1 2 1 1 0 1 0 0 0
"2240" 3735 4 28899 32715 0 0 6.05 5.63 1.47 1.2 3.74 7.96 30.28 0.94 1 0 3 0 1 0 1 1 0 0
"2241" 3736 57 16856 20668 0 1 16.89 6.04 2.61 1.17 3.64 24.08 47.54 0.86 2 0 2 0 0 0 0 0 0 1
"2242" 3738 4 19642 23454 0 0 5.25 7.78 1.31 1.27 5.89 3.91 27.24 0.82 2 0 2 1 1 0 1 1 0 0
"2243" 3739 4 20357 24169 0 0 5.82 5.05 1.26 1.99 2.47 5.14 30.12 0.92 2 0 2 1 1 0 1 0 0 0
"2244" 3740 156 25275 27183 1 1 7.06 6 1.42 1.29 4.04 10.94 26.65 0.94 1 1 2 1 1 0 1 1 0 1
"2245" 3741 28 27715 31526 0 1 9.1 5.18 0.94 1.16 3.58 10.41 29.81 0.99 1 1 2 1 1 0 NA 1 0 0
"2246" 3742 156 24219 28028 0 1 7.63 NA NA NA NA 11.46 30.67 0.85 2 0 2 1 0 0 1 0 0 1
"2247" 3743 28 16223 20034 0 0 6.05 4.5 0.69 1.26 2.91 4.56 24.97 0.92 1 0 2 1 1 0 1 0 0 1
"2248" 3745 467 24808 28618 0 0 5.88 4.86 0.98 1.54 2.86 8.5 24.13 0.93 1 1 3 1 1 0 1 0 0 1
"2249" 3746 156 15578 17919 0 0 NA NA NA NA NA 19.26 30.68 0.87 2 1 3 1 0 0 1 0 0 0
"2250" 3747 156 23821 27630 0 0 6.5 NA NA NA NA 6.3 27.32 0.99 1 0 2 1 1 0 1 0 0 1
"2251" 3748 1 15677 19486 0 0 5.88 NA NA NA NA 8.96 28.61 0.93 1 0 2 1 0 1 0 0 0 1
"2252" 3750 461 27062 28992 0 1 11.13 NA NA NA NA 15.62 31.64 0.98 1 1 1 0 1 0 1 0 0 0
"2253" 3751 461 22684 26489 0 1 9.66 NA NA NA NA 16.42 33.46 0.84 2 0 3 1 1 1 1 0 0 0
"2254" 3753 156 16347 20152 0 0 5.42 NA NA NA NA 5.54 24.96 0.79 2 0 2 1 1 0 0 0 1 0
"2255" 3754 156 13538 17343 0 0 5.2 NA NA NA NA 6.38 22.51 0.78 2 1 2 1 0 0 1 NA 1 NA
"2256" 3755 156 15357 19161 0 0 5.48 NA NA NA NA 4.24 27.31 0.89 2 1 2 1 0 0 1 0 1 0
"2257" 3758 74 16063 19866 0 1 8.93 NA NA NA NA 5.17 25.31 0.82 2 1 3 1 1 0 1 0 0 1
"2258" 3761 74 14801 18604 0 0 5.48 NA NA NA NA 3.32 26.51 0.8 2 0 2 1 1 0 1 0 0 1
"2259" 3762 651 29010 32341 1 1 11.47 NA NA NA NA 10.66 25.3 0.83 2 0 1 0 1 0 1 0 0 NA
"2260" 3763 4 17473 21275 0 0 5.71 NA NA NA NA 9.76 33.29 0.92 2 0 2 1 1 0 1 0 0 0
"2261" 3764 4 18065 21862 0 0 5.2 NA NA NA NA 4.73 27.17 0.92 1 0 2 1 1 0 1 1 0 0
"2262" 3766 4 22128 25926 0 0 5.59 NA NA NA NA 11.6 35.76 0.9 2 0 2 1 1 0 1 1 0 0
"2263" 3767 468 15968 19772 0 0 6.1 NA NA NA NA 8.04 29.36 1.02 1 1 2 0 1 0 0 0 0 1
"2264" 3768 467 25378 29175 0 1 5.99 NA NA NA NA 10.42 25.96 0.92 2 0 2 1 0 0 1 0 0 1
"2265" 3769 619 29019 29820 0 1 5.2 NA NA NA NA 5.47 27.23 0.89 2 0 1 1 1 0 1 0 1 NA
"2266" 3770 457 20691 24487 0 0 5.65 NA NA NA NA 5.69 23.66 0.85 2 0 2 1 1 0 1 0 0 1
"2267" 3771 14 21716 23593 0 0 5.25 NA NA NA NA 3.98 29.35 0.78 2 1 3 1 0 1 0 0 0 1
"2268" 3772 4 30301 32247 0 0 5.88 NA NA NA NA 10.22 33.49 0.88 2 0 2 1 1 0 1 0 0 0
"2269" 3774 60 23677 27472 0 0 6.55 NA NA NA NA 26.54 26.79 0.9 2 0 2 0 1 1 1 1 0 1
"2270" 3776 268 17096 20823 0 0 5.54 5.47 2.67 1.23 2.98 5.32 25.29 0.91 1 0 3 0 1 0 1 0 0 1
"2271" 3777 828 16286 20077 0 0 6.05 NA NA NA NA 5.03 29.71 0.92 2 0 2 1 0 0 0 0 0 1
"2272" 3779 72 19918 23709 0 0 5.65 NA NA NA NA 5.49 29.19 0.98 1 0 2 0 1 1 1 0 0 0
"2273" 3780 462 15197 18988 0 0 6.84 NA NA NA NA 6.5 27.78 0.83 2 0 2 1 1 0 1 0 0 1
"2274" 3782 14 24982 28772 0 1 10.4 NA NA NA NA 8.78 38.64 0.87 2 0 2 0 0 0 0 0 0 0
"2275" 3783 14 23790 23886 1 0 6.33 NA NA NA NA 19.93 30.11 0.98 1 1 2 1 1 0 1 1 0 1
"2276" 3784 469 18407 22197 0 0 5.25 NA NA NA NA 6.12 29.98 0.81 2 1 3 NA NA 0 1 0 0 0
"2277" 3785 462 16578 20367 0 0 5.76 NA NA NA NA 3.72 24.11 0.78 2 0 2 1 1 0 1 0 0 1
"2278" 3786 469 27989 31778 0 0 5.76 NA NA NA NA 10.69 27.62 0.92 2 0 3 1 1 0 1 0 0 0
"2279" 3787 469 19058 22449 0 0 5.88 NA NA NA NA 4.66 25.85 0.96 1 1 3 0 1 0 0 0 0 1
"2280" 3788 462 25634 29404 0 1 9.15 NA NA NA NA 30.59 37.21 0.79 2 0 2 0 1 0 NA 0 0 1
"2281" 3789 461 12943 16726 0 0 5.59 4.85 0.83 1.29 3.17 4.8 23.99 0.94 1 0 2 0 1 0 1 0 0 0
"2282" 3790 891 20203 23952 1 1 8.48 5.53 1.16 0.86 4.12 12.6 27.63 0.84 2 0 1 0 1 0 NA 0 0 0
"2283" 3791 469 21351 23036 0 0 5.88 6.23 1.41 1.13 4.43 8.96 29.88 0.85 2 0 2 1 0 0 0 0 0 0
"2284" 3794 95 17233 21020 0 0 6.05 5.5 0.75 1.9 3.25 6.9 22.97 0.75 2 0 2 0 1 0 1 0 0 1
"2285" 3795 102 15377 19164 0 0 5.14 4.21 0.58 1.56 2.38 3.7 23.75 0.78 2 1 3 0 0 0 1 0 0 1
"2286" 3797 28 27033 30816 0 1 8.08 5.87 1.66 1.2 3.89 11.14 26.3 0.89 2 0 2 1 1 0 0 0 0 1
"2287" 3798 72 28499 32282 0 0 5.93 3.58 3.83 0.78 1 17.55 34.48 0.9 2 0 1 0 1 0 1 0 0 1
"2288" 3800 1 21677 22820 1 0 5.82 5.79 1.21 0.96 4.26 5.35 29 0.97 1 0 3 0 1 0 1 1 0 NA
"2289" 3801 467 23852 27634 0 0 5.82 7.14 1.14 1.84 4.76 7.48 25.03 0.83 2 0 3 0 0 0 0 0 0 1
"2290" 3802 72 19276 23058 0 0 5.82 6.11 1.1 1.36 4.23 6.24 27.46 0.9 1 1 2 1 0 1 1 0 0 1
"2291" 3803 156 15880 19661 0 1 7.01 6.82 0.97 1.51 4.85 7.21 24.56 0.92 1 0 2 1 0 0 1 0 0 0
"2292" 3804 469 17300 21081 0 0 6.16 4.19 0.75 1.24 2.59 9.77 27.65 0.96 1 1 2 0 1 0 0 0 0 0
"2293" 3805 456 19194 22933 0 0 4.92 5.14 1.47 1.25 3.2 9.15 27.37 0.98 1 1 2 1 1 0 1 0 0 1
"2294" 3806 197 21739 25516 0 1 11.47 NA NA NA NA 28.4 34.68 0.99 1 1 2 1 1 0 NA 0 0 0
"2295" 3807 197 19180 22957 0 0 5.25 5.74 1.75 1.49 3.43 13.46 44.79 0.87 2 0 2 0 1 1 0 0 0 0
"2296" 3808 467 21611 25388 0 0 5.65 5.3 1.37 1.04 3.61 11.25 28.89 1.06 1 1 3 0 0 0 1 1 0 1
"2297" 3809 465 25230 29007 0 0 6.27 5.07 0.92 1.28 3.36 8.1 24.19 0.94 1 1 2 0 1 0 NA 0 0 0
"2298" 3810 156 19509 23285 0 0 5.82 5.12 1.22 1.51 3.04 7.78 28.74 0.78 2 0 2 1 1 0 1 0 0 1
"2299" 3811 95 24325 28100 0 0 5.37 5.47 1.05 1.12 3.86 8.48 28.22 0.96 1 0 2 1 1 0 1 0 0 1
"2300" 3813 460 24923 28698 0 0 5.99 6.18 1.2 1.5 4.12 8.46 35.42 0.83 2 0 2 0 1 0 1 0 0 1
"2301" 3814 603 14882 18657 0 0 5.65 4.99 1.49 1.36 2.93 4.3 28.36 0.96 1 1 2 1 1 0 1 0 0 0
"2302" 3815 7 25656 29432 0 1 9.72 5.46 1.24 1.49 3.39 13.58 21.44 0.87 2 0 2 1 1 0 1 0 1 1
"2303" 3816 95 30200 31660 1 0 5.65 5.02 1.24 1.64 2.8 7.7 26.27 0.88 2 0 1 0 1 0 1 0 0 1
"2304" 3817 95 30960 34020 0 0 6.78 5.83 1.65 1.45 3.6 16.72 23.48 0.96 2 0 1 0 1 0 1 0 0 1
"2305" 3818 617 27626 30368 1 1 9.72 5.55 1.77 1 3.72 11.8 28.44 0.96 1 1 2 0 1 0 1 1 0 1
"2306" 3822 644 13761 17522 0 0 5.31 7.95 6.78 NA NA 10.12 27.98 0.99 1 1 2 1 0 0 0 0 0 1
"2307" 3823 95 21075 24836 0 0 5.31 4.87 0.5 1.61 3.03 6 25.3 0.89 1 0 3 0 1 0 1 0 0 1
"2308" 3824 115 13073 16834 0 0 6.27 6.19 1.86 0.85 4.47 5.88 26.82 0.97 1 1 2 0 1 0 1 1 0 NA
"2309" 3825 95 22391 26152 0 0 5.65 6.48 1.18 1.92 4.01 6.15 23.05 0.79 2 0 2 1 1 0 1 0 0 1
"2310" 3826 462 14182 17942 0 0 5.54 5.85 0.59 1.57 4 3.71 26.46 0.89 1 0 3 1 1 0 1 0 0 0
"2311" 3828 467 22717 26477 0 0 4.97 5.6 1.25 1.06 3.96 9.82 28.28 0.96 1 1 2 0 0 0 1 1 0 1
"2312" 3829 115 14432 18188 0 0 6.55 7.62 2.76 1.29 5.03 13.4 28.54 0.91 2 0 2 0 0 0 1 1 0 1
"2313" 3830 467 21606 25355 0 0 5.31 NA NA NA NA 3.24 27.21 0.87 2 0 NA 1 NA 0 1 0 0 0
"2314" 3831 9 22548 26304 0 1 6.5 5.35 1.18 1.28 3.52 13.22 28.05 0.98 1 1 2 1 1 0 1 0 0 1
"2315" 3832 9 22638 26394 0 1 7.01 5.71 1.28 1.2 3.9 8.4 25.91 0.85 2 0 2 1 0 0 1 0 0 1
"2316" 3833 24833 31489 32784 0 NA 5.08 4.91 0.91 1.58 2.91 6.56 23.16 0.92 2 0 1 0 0 1 0 0 0 1
"2317" 3834 107 24362 28117 0 1 7.23 4.71 1.29 1.32 2.79 5.18 25.95 0.84 2 0 2 1 1 0 1 0 0 1
"2318" 3835 57 16148 19903 0 0 5.48 6.24 1.64 1.1 4.37 10.18 35.58 0.95 2 1 2 1 0 0 0 0 0 1
"2319" 3836 469 28904 32658 0 0 5.71 6.23 0.96 1.83 3.95 11.76 27.16 0.9 2 0 1 1 1 0 1 0 1 0
"2320" 3837 95 21819 25573 0 0 5.71 6.98 1.77 1.33 4.82 13.56 29.61 0.84 2 0 2 0 NA 0 1 0 0 1
"2321" 3838 24838 21213 24967 0 1 5.08 4.9 0.7 1.39 3.18 4.56 29.97 0.97 1 0 2 1 1 0 1 1 1 1
"2322" 3839 95 24758 28511 0 0 5.25 5.26 0.65 1.66 3.29 7.62 25.35 0.86 2 0 2 1 1 0 1 0 0 1
"2323" 3840 460 24156 27909 0 0 5.37 6.92 1.7 1.25 4.88 8.3 33.83 0.85 2 0 2 0 1 0 1 0 0 1
"2324" 3841 81 18416 21904 1 1 8.81 NA NA NA NA 9.74 27.93 1.01 1 1 2 0 0 0 NA 0 1 1
"2325" 3842 81 18758 22507 0 0 5.2 5.37 2.34 1.4 2.88 14.33 33 0.86 2 1 2 1 0 0 0 0 0 1
"2326" 3843 469 15575 19321 0 0 5.76 NA NA NA NA 7.22 25.81 0.89 1 0 NA 1 0 0 0 0 0 1
"2327" 3844 107 24860 28609 0 0 5.48 5.04 1.06 1.08 3.46 NA 28.28 0.84 2 0 1 1 1 0 1 0 0 1
"2328" 3845 107 26983 30731 0 0 5.37 5.52 0.84 1.25 3.88 3.94 27.11 0.91 1 0 2 1 1 0 0 1 0 1
"2329" 3846 460 22681 26429 0 0 5.93 7.67 1.02 1.7 5.49 4.71 28.74 0.85 2 0 2 0 1 0 1 0 0 1
"2330" 3847 9 22976 26724 0 0 5.59 5.96 4.28 1.15 NA 15.89 26.55 0.89 2 0 1 1 1 0 0 0 0 1
"2331" 3848 9 21053 24801 0 1 5.71 6.21 1.47 1.49 4.03 18.14 37.04 0.9 2 0 3 1 1 0 1 1 0 1
"2332" 3849 57 13423 17170 0 0 5.42 5.39 1.91 1.17 3.32 2.13 22.56 0.93 1 1 2 1 1 0 0 0 0 1
"2333" 3850 95 22966 26713 0 0 5.76 5.92 0.75 1.36 4.21 14.93 28.09 0.95 1 0 2 0 1 0 1 0 0 1
"2334" 3851 95 17699 21445 0 0 6.22 4.69 1.01 1.63 2.58 13.71 25.67 0.97 1 0 2 0 1 0 1 0 0 1
"2335" 3853 24853 21781 25479 0 0 5.48 6.14 1.56 1.68 3.72 5.96 25.82 0.89 2 0 2 0 1 0 1 0 0 1
"2336" 3854 104 26969 30711 0 0 4.86 6.14 1.11 1.68 3.93 5.88 31.13 0.93 2 0 2 0 1 0 1 0 0 1
"2337" 3856 454 24037 27776 0 0 5.2 6.14 2.07 1.34 3.83 4.62 32.93 0.83 2 0 2 1 0 0 0 0 0 0
"2338" 3857 454 29056 32795 0 1 5.82 6.78 0.85 1.6 4.78 5.17 22.72 0.82 2 0 2 1 0 1 0 0 1 1
"2339" 3860 69 21957 25692 0 0 5.71 7.19 0.62 1.96 4.94 5.3 24.58 0.8 2 0 2 0 0 0 1 1 0 1
"2340" 3862 2 15640 19374 0 1 6.16 8.12 2.21 1.44 5.64 12.26 29.4 1 1 1 2 0 1 0 0 0 0 0
"2341" 3863 2 14078 17812 0 0 6.33 6.7 0.87 1.75 4.54 8.07 25.9 0.95 1 1 2 NA NA 0 1 0 0 1
"2342" 3865 57 23801 27534 0 1 9.6 7.45 3.59 1.26 4.5 14.06 28.26 0.95 2 0 2 0 1 0 0 0 0 1
"2343" 3866 612 23656 27383 0 0 5.71 7.5 2.52 1.42 4.89 12.82 29.31 0.99 1 1 2 0 1 1 1 0 1 0
"2344" 3867 104 17971 21703 0 0 5.65 4.55 0.95 1.48 2.62 3.42 24.65 0.84 2 1 2 0 1 0 1 0 0 0
"2345" 3868 533 17689 21421 0 1 7.23 5.1 2.53 1.25 2.66 25.96 35.89 0.97 1 1 2 0 1 0 0 0 0 1
"2346" 3869 83 18078 19776 0 0 5.71 6.09 2.47 1.1 3.83 7 27.75 0.95 1 1 2 1 1 0 1 1 0 1
"2347" 3871 604 16834 20562 0 0 6.05 7.53 0.98 1.9 5.16 8.43 22.07 0.98 1 0 2 1 0 1 1 0 0 0
"2348" 3872 656 13478 17210 0 0 5.82 4.89 0.64 1.45 3.14 5.9 23.77 0.88 1 1 1 1 0 0 1 0 1 0
"2349" 3873 5 12815 15933 0 0 6.1 4.56 1.67 1.44 2.33 6.16 25.31 0.96 1 1 2 1 1 0 0 0 0 1
"2350" 3875 457 13033 16758 0 0 6.27 7.33 1.74 1.25 5.26 16.92 27.4 1.02 1 0 2 0 1 0 1 0 0 0
"2351" 3876 69 23482 27196 0 0 5.82 5.99 1.66 1.07 4.14 11.56 25.99 0.94 1 1 2 0 0 0 1 0 0 0
"2352" 3877 107 15015 18729 0 1 7.01 6.66 1.64 1.16 4.73 40.26 30.02 0.97 1 1 3 1 1 0 1 1 0 1
"2353" 3879 5 27296 31021 0 1 7.06 6.04 2.01 1.1 3.99 18.51 28.36 0.99 1 1 2 0 1 0 0 0 0 1
"2354" 3880 5 13707 17420 0 0 4.63 3.32 0.44 1.62 1.5 3.58 22.31 0.87 2 1 2 0 1 0 0 1 0 1
"2355" 3881 69 21511 25217 0 0 5.48 7.1 1.23 1.43 5.09 5.9 22.32 0.98 1 0 3 0 0 0 1 0 0 0
"2356" 3882 107 23752 27456 0 0 5.37 5.43 0.92 1.51 3.48 7.88 29.37 0.87 2 0 2 1 1 0 1 1 0 1
"2357" 3883 107 25511 28471 0 1 12.71 3.87 0.54 1.47 2.15 3.55 23.36 0.92 1 1 3 1 1 0 0 1 0 0
"2358" 3884 456 19720 23420 0 0 5.76 5.37 0.98 1.5 3.41 10.54 26.17 0.92 1 0 2 1 1 0 1 0 0 1
"2359" 3885 598 19081 22779 0 0 4.86 6.23 0.89 2.44 3.37 2.98 22.91 0.86 2 0 2 0 1 1 0 1 0 0
"2360" 3886 24886 17994 21691 0 0 5.2 4.3 0.54 1.6 2.45 10.26 29.93 0.84 2 1 3 0 0 0 0 0 0 0
"2361" 3887 351 21963 25656 0 0 5.54 6.34 0.99 2.04 3.84 10.53 40.32 0.83 2 0 2 0 1 1 1 0 0 1
"2362" 3889 468 17128 20820 0 0 5.76 5.76 0.78 1.66 3.73 4.68 25.14 0.97 1 0 2 0 1 0 0 0 0 0
"2363" 3890 5 31118 31950 0 0 6.5 3.84 0.88 2.05 1.38 8.38 26.79 0.82 2 0 2 0 0 0 0 0 0 1
"2364" 3891 65 16209 19899 0 0 5.48 6.83 0.94 1.53 4.86 6.6 22.33 0.95 1 1 3 1 0 0 1 0 0 1
"2365" 3892 24892 19964 23654 0 0 4.63 4.74 0.91 1.54 2.78 4.41 22.81 0.82 2 0 2 1 0 0 0 1 0 1
"2366" 3893 24893 22413 26099 0 0 5.65 6.37 1.1 1.53 4.32 5.96 29.96 1.21 2 0 2 1 0 0 1 0 0 1
"2367" 3894 24894 23195 26881 0 0 6.05 5.51 0.86 1.86 3.24 13.9 30.86 0.81 2 0 2 0 0 0 1 0 0 1
"2368" 3896 24896 16823 20506 0 0 5.25 5.29 0.87 1.73 3.15 4.51 21.95 0.86 2 0 2 1 1 0 0 0 0 1
"2369" 3897 24897 14622 18298 0 0 5.2 3.91 0.6 1.4 2.23 3.12 19.78 0.8 2 0 3 1 0 0 1 0 0 0
"2370" 3898 24898 14646 18331 0 0 5.88 6.97 0.91 1.76 4.78 7 22.22 0.93 1 1 2 0 1 1 1 0 0 NA
"2371" 3899 611 18190 21874 0 0 5.14 4.86 1.11 1.94 2.4 5.6 27.33 0.83 2 1 NA 0 1 0 1 0 0 0
"2372" 3900 611 18488 22172 0 0 5.71 6.43 1.73 1.35 4.27 5.49 27.14 0.97 1 0 NA 0 1 0 1 0 0 0
"2373" 3901 24901 14441 18485 0 0 5.65 NA NA NA NA 4.66 24.21 0.94 1 1 3 1 0 0 1 0 0 0
"2374" 3902 24902 14924 18603 0 0 5.76 5.52 0.56 1.63 3.63 5.64 23.69 0.91 2 0 2 0 0 1 0 0 0 0
"2375" 3903 24903 13912 17590 0 0 6.38 6.15 2.67 1.31 3.59 9.65 27.41 1 1 0 3 1 0 0 0 1 0 0
"2376" 3904 24904 17396 21073 0 0 6.1 5.19 0.85 1.78 3.01 8.27 32.83 0.89 2 0 2 1 0 0 0 0 0 1
"2377" 3905 24905 15493 19169 0 0 6.05 6.39 1.42 1.17 4.55 5.58 23.96 0.88 1 1 2 1 0 1 1 NA 0 0
"2378" 3906 121 16864 20520 0 0 5.82 6.1 0.94 1.72 3.94 5.06 23.31 0.92 1 1 3 1 1 0 1 0 0 1
"2379" 3908 610 17053 20540 0 0 6.78 5.63 0.94 1.24 3.95 2.9 27.31 1.01 1 0 3 1 1 0 0 0 0 0
"2380" 3909 24909 18872 22358 0 0 5.48 5.94 1.06 1.29 4.15 8.62 27.79 0.96 1 1 2 1 0 0 1 0 0 0
"2381" 3910 463 16966 20449 0 0 5.31 5.75 2.05 1.09 3.7 6.98 24.4 0.93 1 1 2 1 0 0 1 0 0 0
"2382" 3911 24911 14049 17532 0 0 5.54 4.75 0.63 1.88 2.57 4.25 22.72 0.87 1 1 3 0 1 0 1 1 0 0
"2383" 3912 886 22325 25800 0 0 5.48 5.28 0.96 1.6 3.23 2.98 22.84 0.86 1 1 2 0 1 0 0 0 0 1
"2384" 3913 24913 15542 18997 0 0 6.16 4.71 1.02 1.12 3.11 5.84 24.71 0.91 1 1 3 1 0 0 0 1 0 0
"2385" 3914 24914 23324 26792 0 0 6.38 5.77 0.74 1.85 3.57 10.1 25.56 0.92 1 0 2 1 1 0 0 0 0 1
"2386" 3915 999 16500 19945 0 0 5.59 5.27 1.79 1 3.43 5.09 25.15 0.96 1 1 2 0 0 1 0 0 0 1
"2387" 3916 609 13494 16939 0 0 5.65 6.89 1.39 1.44 4.8 13.24 29.06 0.95 1 0 3 1 0 0 1 0 0 0
"2388" 3917 24917 15799 19240 0 0 5.14 6.27 2.29 1.12 4.07 8.02 25.01 0.9 1 0 3 0 1 0 1 1 0 0
"2389" 3918 886 19793 23232 0 0 6.1 4.99 0.99 1.52 3 6.65 26.18 0.94 1 1 2 0 0 0 0 0 0 0
"2390" 3919 24919 16331 19764 0 0 5.37 5.37 0.59 1.54 3.55 6.31 28.53 0.96 1 1 3 0 0 0 1 0 0 0
"2391" 3920 608 17652 21085 0 0 5.2 6.96 0.94 1.53 4.99 5.54 26.78 0.96 1 0 2 0 0 0 1 1 0 0
"2392" 3922 5 25196 28119 0 1 8.02 4.16 2.48 0.6 2.4 NA 33.22 NA 1 1 1 0 1 0 0 1 0 1
"2393" 3923 5 22402 25744 0 0 5.65 5.03 1.84 0.98 3.19 NA 28.91 NA 2 0 2 1 1 0 1 0 0 0
"2394" 3924 62 30939 34261 0 1 6.1 6.93 2.95 0.94 4.6 4.62 26.56 NA 2 0 1 0 1 0 1 0 0 0
"2395" 3925 635 26235 29548 0 0 6.1 5.62 1.12 1.26 3.83 5.57 28.17 0.88 1 1 2 1 1 1 1 0 0 1
"2396" 3926 733 20653 23953 0 1 7.68 3.83 1.25 0.85 2.39 4.57 24.42 0.91 1 0 2 1 1 0 1 0 0 NA
"2397" 3927 533 29937 31424 1 1 6.22 3.8 0.98 1.27 2.07 8.15 25.43 1.02 1 0 1 0 1 1 0 0 0 1
"2398" 3928 31 31261 31328 1 1 8.98 4.93 1.19 0.89 3.48 4.94 24.14 NA 2 0 1 1 1 0 1 1 0 0
"2399" 3929 31 26999 30298 0 0 6.1 5.9 0.99 1.7 3.73 17.06 34.93 0.85 2 0 2 1 1 0 1 0 0 0
"2400" 3930 31 28769 32068 0 1 6.5 6.93 1.93 0.8 5.23 22.32 28.58 0.82 2 0 2 1 0 0 1 1 0 0
"2401" 3931 18 15901 19165 0 0 5.08 4.48 0.92 1.1 2.95 NA 19.44 0.78 2 0 3 0 1 0 0 0 1 0
"2402" 3932 129 13654 16863 0 0 6.33 4.44 0.82 1.79 2.26 12.54 22.34 0.77 2 0 2 0 0 0 1 0 0 1
"2403" 3933 110 24512 27769 0 0 4.97 6.41 0.78 2.2 3.84 18.24 27.46 0.75 2 0 2 0 0 0 0 0 0 0
"2404" 3934 91 31842 32683 1 0 4.29 NA NA NA NA NA 24.14 0.93 2 0 1 0 1 0 1 0 1 0
"2405" 3935 56 25794 26155 1 1 9.49 6.19 5.92 NA NA 40.2 25.83 1.02 1 1 1 1 1 0 1 0 0 0
"2406" 3936 35 21419 24648 0 0 5.82 6.13 1.23 1.58 3.97 NA 35.08 0.79 2 0 2 0 1 0 0 0 0 0
"2407" 3940 38 28306 28355 1 1 14.12 4.21 1.83 1.04 2.31 99.82 30.19 1 1 1 1 0 1 0 1 0 0 1
"2408" 3941 38 26526 26924 1 1 12.49 5.64 2.51 0.89 3.57 14.51 32.53 0.8 2 0 1 1 1 0 1 1 0 1
"2409" 3943 50 14413 17649 0 0 5.14 6.83 1.71 0.85 5.17 9.12 27.75 0.97 1 1 2 1 1 1 1 0 0 0
"2410" 3944 28 28538 31319 0 1 8.48 5.85 1.99 1.2 3.72 54.87 46.68 0.93 2 0 1 1 1 0 1 0 1 1
"2411" 3945 33 19679 22910 0 1 7.46 6.15 1.09 1.29 4.34 5.86 26.82 0.81 2 0 2 1 0 0 1 0 0 1
"2412" 3946 80 23843 27072 0 1 7.34 5.47 1.21 1.08 3.82 3.5 27.1 0.87 1 0 2 0 0 0 1 0 0 1
"2413" 3947 50 13407 16635 0 0 5.59 3.85 0.77 1.21 2.28 4.69 25.15 0.88 1 0 3 1 1 0 1 0 0 1
"2414" 3949 50 18085 21301 0 0 5.88 5.19 1.1 1.48 3.2 7.06 31.54 0.84 2 0 2 1 0 1 1 0 0 0
"2415" 3950 31 17853 21076 0 0 6.22 5.94 0.86 2.12 3.42 4.86 32.34 0.83 2 0 3 1 0 0 0 0 0 0
"2416" 3951 31 18140 21363 0 0 5.65 6.45 2.51 0.83 4.44 8.1 28.31 0.97 1 1 3 0 1 0 1 0 0 1
"2417" 3952 102 25716 27063 0 1 8.25 7.04 1.42 1.21 5.16 58.19 25.65 0.93 1 1 2 1 1 0 1 0 0 1
"2418" 3955 56 13411 16640 0 0 5.99 5.66 1.3 1.1 3.95 7.23 27.46 0.93 1 0 2 1 1 1 1 0 0 0
"2419" 3958 4 15497 18725 0 0 4.8 3.47 0.6 1.69 1.5 9.46 20.49 0.77 2 1 3 NA NA NA 1 0 0 1
"2420" 3960 16 12924 16140 0 0 9.15 8.11 1.37 0.8 6.66 8.77 28.4 1 1 1 2 NA NA NA 1 0 0 1
"2421" 3963 9 22193 25408 0 0 4.63 6.33 1.52 1.57 4.04 4.43 25.35 0.92 1 1 2 0 0 1 0 0 1 1
"2422" 3964 27 27598 28972 0 0 5.37 7.28 3.92 0.82 4.62 5.68 NA NA 2 0 1 0 1 0 1 0 0 1
"2423" 3967 119 19923 23129 0 0 4.97 5.56 1.01 1.42 3.66 6.04 32.08 0.79 2 0 2 NA NA NA 0 1 0 0
"2424" 3972 736 28926 29234 1 1 5.88 6.16 1.93 0.73 4.52 13.49 26.73 0.94 1 0 1 1 1 1 1 0 0 0
"2425" 3973 9 31218 32909 1 1 6.72 9.76 2.34 0.97 7.69 16.6 37.32 0.93 2 0 1 1 1 0 0 1 0 0
"2426" 3975 50 14062 17265 0 0 5.65 4.12 0.49 1.8 2.09 NA 23.15 0.7 2 0 2 NA NA NA 0 0 0 1
"2427" 3979 200 14746 17940 0 0 5.31 3.93 0.89 1.72 1.8 8.8 18.48 0.72 2 0 2 0 1 0 0 0 0 1
"2428" 3980 200 15587 18781 0 0 5.03 7.16 1.79 1.33 4.99 1.9 23.32 0.86 1 1 3 1 0 0 1 0 0 NA
"2429" 3982 50 19410 22598 0 0 4.63 5.45 1.13 0.9 4.02 20.11 30.67 0.99 1 1 2 NA NA NA 1 0 0 0
"2430" 3986 107 16434 19615 0 0 6.16 4.1 1.05 1.27 2.34 7.92 27.98 0.8 2 0 3 1 0 0 1 0 0 1
"2431" 3987 106 13650 16831 0 0 5.37 4.65 0.66 1.7 2.64 2.8 19.33 0.78 2 0 2 1 0 1 1 0 0 0
"2432" 3988 106 13808 16989 0 0 5.37 4.91 0.82 1.52 3 4.39 21.07 0.81 1 0 2 0 0 1 1 0 0 1
"2433" 3989 24989 13190 16370 0 0 5.54 4.39 0.93 1.2 2.75 7.18 25.3 0.81 2 0 2 1 1 NA 0 0 1 0
"2434" 3990 91 18532 21712 0 0 5.65 5.06 0.78 0.96 3.73 4.79 27.76 0.94 1 0 2 NA NA NA 0 1 0 1
"2435" 3991 83 16367 19547 0 0 5.2 6 1.35 1.39 3.98 4.14 29.34 0.89 1 1 2 NA NA NA 1 0 0 0
"2436" 3992 83 25538 28718 0 0 5.76 6.52 1.17 1.15 4.82 6.52 26.02 0.94 1 1 2 0 0 NA 1 0 0 0
"2437" 3994 83 14568 17743 0 0 5.37 5.52 1.24 1.64 3.3 7.84 22.18 0.71 2 1 2 0 1 0 1 0 0 1
"2438" 3995 34 25115 28289 0 0 5.82 5.3 0.73 1.72 3.24 6.05 25.23 0.82 2 0 2 0 1 0 1 0 0 0
"2439" 3997 24997 29069 32243 0 NA 6.22 3.97 0.58 1.16 2.54 3.5 25.97 0.79 2 0 2 0 0 NA 0 0 0 0
"2440" 3998 104 18771 21897 0 0 5.76 4.88 0.57 1.41 3.2 2.74 23.05 0.74 2 0 3 NA NA NA 0 0 1 0
"2441" 4000 25000 14573 17704 0 0 5.93 5.16 0.67 1.65 3.19 4.31 17.95 0.73 2 0 2 1 0 0 0 1 0 1
"2442" 4001 495 24431 27557 0 0 6.44 6.5 1.77 1.24 4.43 2.58 29.09 0.86 2 0 2 1 0 NA 0 1 0 1
"2443" 4002 1 19487 22612 0 0 5.82 5.76 0.64 1.68 3.78 4.32 23.52 0.86 1 0 3 1 1 1 0 1 0 1
"2444" 4003 496 14514 17638 0 0 6.5 4.14 0.59 1.5 2.36 4.46 18.81 0.68 2 0 2 1 0 0 0 1 0 0
"2445" 4004 9 32627 34426 1 1 7.29 4.86 1.09 1.32 3.03 19.02 20.2 0.78 2 0 1 1 0 0 0 1 0 1
"2446" 4005 46 17208 19275 0 1 7.06 4.9 1.64 0.86 3.27 11.66 29.04 0.98 1 1 2 1 0 NA 1 0 1 0
"2447" 4006 83 15714 18831 0 0 5.42 5.58 1.34 1.23 3.72 3.32 21.6 0.84 1 0 3 NA NA NA 1 0 0 1
"2448" 4007 83 18328 21439 0 0 6.16 5.37 1 1.55 3.35 6.55 34.43 0.86 2 0 2 NA NA NA 1 0 0 0
"2449" 4008 1 17580 20690 0 0 5.99 5.06 0.69 1.08 3.66 5.86 27.23 1.01 1 0 2 1 0 NA 0 1 0 1
"2450" 4009 75 22486 25604 0 1 13.05 4.03 2.16 0.95 2.06 21.9 31.91 0.82 2 0 2 0 1 0 1 0 1 0
"2451" 4010 25010 30084 33039 1 NA 6.84 5.84 1.86 1.32 3.65 27.91 27.47 0.79 2 0 2 1 1 0 1 1 1 1
"2452" 4011 38 27682 30793 0 0 6.33 5.55 1.37 1 3.91 7.12 28.54 0.95 1 1 2 1 0 0 1 0 0 0
"2453" 4012 23 21812 24923 0 1 5.99 4.5 1.84 0.76 2.88 10.98 25.93 0.94 1 0 3 0 1 0 1 0 0 1
"2454" 4013 75 17520 20631 0 0 5.88 4.84 0.94 1.38 3.02 5.86 28.7 0.88 2 0 2 0 1 NA 1 0 0 1
"2455" 4014 83 18911 22021 0 0 5.59 6.68 2.48 0.9 4.62 6.12 23.77 0.93 1 1 3 NA NA NA 1 0 0 1
"2456" 4015 495 15700 18810 0 0 5.48 7.17 0.86 1.68 5.09 7.22 23.32 0.7 2 0 2 NA NA NA 0 1 0 0
"2457" 4016 38 15429 18534 0 0 5.82 3.78 0.84 1.67 1.72 4.37 25.22 0.89 1 1 2 0 1 NA 1 0 0 1
"2458" 4017 38 25982 29093 0 0 6.22 6.09 2.07 0.99 4.13 11.98 30.92 0.89 2 0 2 NA NA NA 1 0 0 NA
"2459" 4018 83 19537 22642 0 0 5.88 6.08 1.38 1.07 4.36 5.92 33.05 1 1 1 2 1 0 1 1 1 0 1
"2460" 4020 17 20395 23491 0 0 5.99 4.92 1.16 1.27 3.11 2 28.49 0.94 1 1 3 1 1 0 1 1 0 1
"2461" 4021 38 25616 28707 0 0 5.88 4.79 1.56 1.03 3.03 5.27 29.86 0.97 1 1 2 0 1 NA 1 0 0 NA
"2462" 4023 38 16506 19603 0 0 5.88 6 1.04 1.37 4.14 5.37 32.17 0.89 1 1 2 NA NA NA 1 0 0 1
"2463" 4024 38 16091 19182 0 0 5.54 4.45 1.69 0.96 2.69 5.09 25.77 0.91 1 0 2 1 0 NA 1 1 0 0
"2464" 4026 62 23769 26859 0 0 5.2 4.98 1.27 1.19 3.19 10.24 26.67 0.94 1 0 2 1 1 0 0 0 0 1
"2465" 4027 62 22056 25146 0 0 4.63 6.55 1.5 1.31 4.53 12.62 34.29 0.86 2 0 2 0 1 1 1 0 0 1
"2466" 4028 7 26342 29432 0 0 5.03 4.97 1.53 1.23 3.02 25.68 20.03 0.79 2 0 2 1 1 0 1 0 1 1
"2467" 4029 2 27999 28611 1 1 5.82 5.79 1.21 1.62 3.61 3.94 20.66 0.89 2 0 1 1 1 NA 1 0 0 NA
"2468" 4030 2 28624 31712 0 0 5.71 7.71 1.25 1.47 5.65 3.84 28.08 0.93 1 0 2 NA NA NA 1 0 0 NA
"2469" 4031 75 20936 24020 0 1 9.15 4.46 2.51 0.95 2.33 10.44 26.03 0.98 1 1 2 NA NA NA 1 0 0 0
"2470" 4036 495 27524 30607 0 1 9.49 4.56 1.39 0.88 3.03 14.19 29.03 0.98 1 1 2 1 1 0 NA 0 0 0
"2471" 4038 828 29205 29353 0 0 5.76 NA NA NA NA 29.62 17.65 0.93 1 1 2 NA NA NA 1 0 0 1
"2472" 4039 201 17465 20541 0 0 6.16 5.03 1.32 0.87 3.54 6.83 30.18 0.92 1 0 3 NA NA NA 0 0 0 0
"2473" 4040 828 18010 20688 0 1 14.46 6.28 1.66 0.91 4.59 28.83 33.43 1.06 1 1 1 0 1 0 1 0 0 0
"2474" 4042 25042 20999 24067 0 0 5.88 6.05 1.61 1.3 4 6.56 28.64 0.95 1 1 2 0 1 0 0 0 1 1
"2475" 4044 728 29686 32756 0 1 7.4 6.71 1.11 1.35 4.83 4.82 24.91 0.93 1 1 2 0 1 0 1 0 0 1
"2476" 4045 38 15993 19063 0 0 5.99 3.68 0.54 1.44 1.99 2.76 23.83 0.86 1 0 2 0 1 0 1 0 0 0
"2477" 4046 481 29116 32185 0 1 5.76 7.97 1.72 1.02 6.14 10.33 37.58 0.91 2 0 1 1 0 0 1 0 0 1
"2478" 4047 497 18667 21736 0 0 5.54 6.05 3.44 0.93 3.51 14.81 36.29 1.01 1 1 3 1 0 0 1 0 0 0
"2479" 4048 486 26955 30018 0 1 7.06 7.51 1.81 1.49 5.17 6.52 22.03 0.81 2 0 2 0 1 1 0 0 0 1
"2480" 4049 536 28053 31115 0 1 9.83 7.38 3.33 0.96 4.85 8.6 21.19 0.83 2 0 2 1 0 0 1 1 0 1
"2481" 4050 497 32370 33194 1 NA 4.46 5.31 4.2 0.91 NA 4.74 22.68 0.94 2 0 2 1 1 0 1 1 0 0
"2482" 4051 890 29419 32481 0 1 13.39 7.37 3.71 1.15 4.48 18.68 30.78 1.01 1 0 2 0 1 0 0 0 0 0
"2483" 4052 38 13792 16853 0 0 5.42 4.37 0.5 1.66 2.47 2.55 24.99 0.81 2 0 3 0 1 0 1 0 0 0
"2484" 4053 498 28442 31495 0 0 5.82 9.06 1.2 1.32 7.17 5.3 26.17 0.77 2 0 2 0 0 0 1 0 1 1
"2485" 4054 38 15161 18133 0 0 5.59 4.44 0.74 0.97 3.12 6.8 29.88 0.98 1 0 2 0 1 0 1 0 0 0
"2486" 4055 118 15516 17739 0 0 6.33 NA NA NA NA 7.63 27.14 0.96 1 0 3 1 0 0 0 1 0 1
"2487" 4056 461 25142 28203 0 0 6.89 4.23 0.78 1.58 2.28 4.88 23.89 0.73 1 1 2 1 1 0 1 0 0 0
"2488" 4057 56 25333 28389 0 1 5.99 5.85 2.33 1.02 3.74 7.82 25.78 0.99 2 0 2 1 1 0 1 0 0 1
"2489" 4058 115 23655 25244 0 0 5.65 4.4 0.95 1.23 2.72 23.4 28.01 0.94 1 0 2 0 1 0 1 0 0 0
"2490" 4059 7 25597 28646 0 0 6.67 5.44 1.11 1.29 3.63 14.06 29.8 0.84 2 0 2 0 0 0 1 0 0 0
"2491" 4060 227 24331 27380 0 0 5.88 6.95 2.41 0.99 4.83 9.1 31.29 0.85 2 0 2 0 0 0 1 0 NA 1
"2492" 4062 1 25474 28514 0 1 11.64 5.44 1.85 0.93 3.64 13.74 26.08 0.81 2 0 3 0 0 1 NA 0 0 1
"2493" 4064 31 15475 18522 0 0 NA NA NA NA NA NA 24.66 0.86 1 1 2 0 0 0 1 1 0 0
"2494" 4065 500 23206 26241 0 1 15.14 5.3 3.51 0.86 2.79 28.73 27.47 0.88 2 0 2 0 1 0 1 0 0 0
"2495" 4066 159 15428 18461 0 0 13.9 NA NA NA NA NA 21.88 0.76 2 0 3 0 0 0 NA 1 0 0
"2496" 4067 139 30719 31610 0 1 12.43 6.43 2.81 0.83 4.28 15.68 36.13 0.92 2 0 1 1 1 0 1 0 0 0
"2497" 4068 25068 30035 33061 0 NA 5.99 4.34 0.81 1.58 2.38 6.84 25.28 0.91 2 0 2 0 0 0 0 0 0 1
"2498" 4069 25069 29406 31289 1 NA 5.93 6.26 1.79 0.96 4.46 12.6 25.15 0.77 2 0 2 0 1 0 1 0 0 1
"2499" 4070 25070 27288 29835 1 1 12.2 7.51 2.86 1 5.17 10.65 32 0.97 1 1 3 1 0 0 1 0 0 1
"2500" 4071 827 26800 29820 0 1 5.82 8.16 1.42 1.57 5.92 NA 23.04 0.83 2 0 2 1 1 1 1 0 0 1
"2501" 4072 827 22924 25945 0 1 5.14 9.62 1.19 1.14 7.92 7.13 25.73 0.94 1 0 2 1 0 0 1 1 0 0
"2502" 4073 98 28457 31476 0 1 13.73 4.44 1.74 0.77 2.85 10.24 29.07 0.92 1 0 2 0 0 0 1 0 1 0
"2503" 4074 98 29587 31028 1 1 13.56 6.77 3.33 0.8 4.4 18.92 31.59 0.86 2 0 1 1 0 0 1 0 1 0
"2504" 4075 62 14667 17321 0 0 6.1 5.08 0.85 1.25 3.44 6.98 24.84 0.78 2 0 NA 1 1 0 0 0 0 1
"2505" 4076 25076 27964 30983 0 1 12.6 6.66 2 1.73 3.99 3.85 27.92 0.79 2 0 3 1 1 0 1 0 0 1
"2506" 4077 25077 28740 29505 0 1 8.48 6.11 1.29 1.47 4.04 2.78 27.55 0.93 1 1 2 1 1 0 1 0 0 1
"2507" 4079 25079 28008 30971 0 1 7.01 5.19 1.4 1.34 3.2 29.52 29.36 0.94 2 0 1 0 0 0 1 0 0 0
"2508" 4080 827 25405 25596 0 0 4.35 6.69 2.97 1.27 4.02 17.17 22.22 NA 2 0 1 0 0 0 1 0 0 0
"2509" 4081 825 24935 27952 0 1 10.68 5.06 1.33 1.05 3.38 5.38 24.51 0.92 1 1 3 1 0 0 1 0 0 1
"2510" 4082 2 14907 17921 0 1 7.23 5.03 0.94 1.3 3.29 10.55 26.35 0.84 2 1 2 0 1 0 1 0 0 1
"2511" 4083 709 25148 28162 0 1 12.71 5.08 0.87 1.35 3.32 17.78 25.19 0.76 2 0 2 0 1 0 1 0 0 0
"2512" 4084 826 30724 32133 1 1 11.75 3.47 1.71 0.62 2.05 30.24 19.92 NA 2 0 1 1 0 0 1 0 1 0
"2513" 4085 826 27352 28327 0 1 7.12 7.52 2.18 1.37 5.13 4.81 23.15 0.9 2 0 1 1 0 0 1 0 0 1
"2514" 4086 825 23122 26002 1 1 9.27 3.25 1.37 0.74 1.87 12.02 29.63 0.96 1 1 2 1 0 0 1 0 1 1
"2515" 4087 25087 22090 24984 0 1 10.4 3.9 3.11 0.63 1.81 18.97 24.87 0.92 1 0 2 1 1 NA NA 0 0 1
"2516" 4088 224 23271 26284 0 1 14.12 5.38 1.72 0.85 3.72 4.64 25.12 1 1 0 3 1 0 0 1 0 0 1
"2517" 4089 224 20944 23957 0 1 6.1 6.96 3.11 0.88 4.62 10.02 27.7 0.89 2 0 2 1 0 1 1 0 0 1
"2518" 4090 824 24310 27323 0 1 7.8 6.45 2.05 1.29 4.2 10.22 31.53 0.85 2 0 2 1 0 0 1 0 0 1
"2519" 4091 824 23739 26752 0 1 8.36 5.9 1.92 1.3 3.69 15.92 28.73 0.96 1 1 2 0 1 0 NA 0 0 1
"2520" 4092 25092 23264 26276 0 NA 6.16 6.99 1.18 1.04 5.4 9.8 29.93 0.97 1 1 2 1 0 0 1 0 1 0
"2521" 4093 823 23556 26568 0 1 9.21 4.72 1.68 1.3 2.63 7.14 32.11 0.95 2 0 2 0 1 0 1 1 0 0
"2522" 4094 822 15850 18862 0 0 6.67 6.78 0.67 1.99 4.48 12.69 25.64 0.81 2 0 3 0 1 NA 0 0 0 1
"2523" 4095 822 16464 19463 0 1 8.02 5.87 0.92 1.44 4 4.77 24.8 0.89 1 0 3 0 1 0 NA 0 0 0
"2524" 4096 25096 23724 26724 0 1 7.85 6.04 1.08 1.24 4.3 10.36 25.81 0.88 2 0 2 1 0 0 NA 0 0 1
"2525" 4097 25097 28985 31984 0 1 10.9 4.42 1.58 1.05 2.63 26.66 34.21 0.92 2 0 1 1 1 0 1 0 0 1
"2526" 4098 821 28957 31956 0 1 14.58 4.63 0.72 1.47 2.82 1.7 22.92 0.92 1 0 3 1 1 0 0 0 0 1
"2527" 4099 821 28434 30730 1 1 11.86 6.11 0.99 1.59 4.05 24.93 25.39 0.83 2 0 3 0 1 0 1 0 0 1
"2528" 4100 823 25881 28879 0 1 11.19 4.44 1.59 1.09 2.6 9.36 29.33 0.96 1 1 1 1 1 0 1 0 0 0
"2529" 4101 25101 28955 31953 0 1 7.01 4.83 0.89 0.88 3.53 5.98 25.73 0.99 1 1 3 1 0 0 1 0 0 0
"2530" 4102 25102 28980 31381 0 1 10.23 4.38 1.26 0.94 2.84 20.34 35.7 0.93 2 0 1 1 0 0 1 0 0 1
"2531" 4104 532 28742 31352 1 1 5.88 6.27 1.83 1.38 4.03 32.89 29.21 1.01 1 1 2 0 0 0 1 0 0 1
"2532" 4105 25105 28168 31146 0 1 12.66 5.18 1.23 0.99 3.61 13.81 34.25 0.86 2 0 3 1 1 0 1 0 0 0
"2533" 4106 25106 27042 30020 0 1 10 5.4 0.77 1.62 3.41 12.6 30.24 0.91 2 0 2 1 1 0 1 0 0 1
"2534" 4107 747 23473 26451 0 1 11.7 5.73 1.52 1.39 3.62 4.82 25.26 0.84 2 0 3 1 0 0 1 1 0 1
"2535" 4108 25108 25276 28254 0 1 7.74 6.16 2.13 0.82 4.34 16.65 34.88 0.98 1 1 3 1 1 1 0 0 0 0
"2536" 4109 25109 29489 32466 0 NA 6.78 4.59 3.19 0.85 2.24 9.86 24.45 0.84 2 0 1 0 1 0 1 0 0 1
"2537" 4110 217 21253 24230 0 1 8.7 6.52 2.2 0.99 4.5 10.14 27.17 0.95 1 1 3 0 0 0 1 0 0 0
"2538" 4111 723 27346 28816 0 1 9.04 6.18 1.92 1.07 4.21 15.22 26.78 0.9 2 0 2 1 1 0 1 0 0 0
"2539" 4112 830 26340 29312 0 1 10.23 6.13 0.93 1.74 3.95 10.82 23.71 0.84 2 0 3 0 1 1 0 0 0 0
"2540" 4113 25113 26492 29464 0 1 10.4 6.72 1.58 0.97 5.01 9.52 24.56 0.84 2 0 2 1 0 0 1 0 0 1
"2541" 4114 25114 28556 30041 0 1 14.18 3.88 1.1 1.09 2.28 6.9 26.82 0.95 1 1 2 1 1 0 1 0 0 0
"2542" 4115 179 13584 16554 0 0 6.38 5.26 0.79 0.89 4 6.72 30.7 0.96 1 1 2 1 0 0 0 1 0 0
"2543" 4116 25116 26120 27904 0 1 10.28 6.8 6.67 NA NA 13.29 29.05 0.87 2 0 2 0 1 0 0 0 0 0
"2544" 4117 844 26536 29492 0 1 13.33 6.06 1 1.15 4.44 6.96 26.99 0.97 1 0 NA 1 1 0 0 0 0 1
"2545" 4118 746 23961 26932 0 1 9.94 4.58 1.48 0.8 3.08 11.19 27.49 0.93 1 1 2 0 1 0 1 0 0 0
"2546" 4119 25119 22158 25129 0 1 13.05 4.26 1.47 0.97 2.6 14.41 34.98 0.95 2 1 2 1 0 0 NA 0 0 1
"2547" 4120 25120 24644 27614 0 NA 5.37 6.14 1.12 1.33 4.28 4.26 22.83 0.76 2 0 3 1 0 0 NA 1 0 1
"2548" 4121 249 23692 25669 1 1 7.85 7.43 3.9 0.57 5.03 15.72 26.46 0.94 1 1 1 1 1 1 1 0 0 0
"2549" 4122 62 16428 19392 0 0 5.48 4.73 0.85 1.48 2.85 4.67 20.68 0.79 2 0 2 0 1 0 1 NA 1 0
"2550" 4123 760 25619 28584 0 1 14.24 5.34 2.35 0.81 3.43 NA 26.99 0.99 1 0 NA 1 1 0 0 1 0 1
"2551" 4124 25124 26052 26312 1 1 7.85 6.35 1.43 1.25 4.43 14.07 26.93 0.94 1 1 3 1 0 NA 0 0 0 0
"2552" 4125 830 28810 31773 0 1 8.08 6.52 1.03 1.83 4.21 45.78 24.34 0.85 2 0 3 0 1 1 1 0 0 0
"2553" 4126 217 22612 25568 0 1 9.83 NA NA NA NA NA 22.19 1.07 2 0 2 1 1 0 1 0 0 1
"2554" 4127 217 22227 25186 0 1 11.64 NA NA NA NA NA 27.64 0.89 2 0 2 1 0 0 1 0 0 0
"2555" 4128 217 24571 27529 0 1 11.3 6.14 1.26 1.56 3.99 6.18 25.39 0.88 2 1 3 0 1 0 1 0 0 0
"2556" 4129 25129 26553 29511 0 1 7.97 4.68 1.19 0.87 3.25 9.48 28.8 1.02 1 1 3 NA NA NA 1 0 0 0
"2557" 4130 247 21736 24692 0 1 11.24 6.12 1.7 1.2 4.12 10.09 29.07 0.95 1 1 3 NA NA NA NA 0 0 NA
"2558" 4131 766 22989 25940 0 1 5.76 5.9 1.48 1.04 4.16 17.46 33.05 0.87 2 0 3 NA NA NA 1 0 0 0
"2559" 4132 248 23301 26252 0 1 8.25 6.24 2.21 0.86 4.34 17.43 28.52 0.87 2 0 2 0 1 1 0 0 0 1
"2560" 4133 819 24750 27700 0 1 7.63 7.42 1.67 1.05 5.59 18.06 24.69 0.86 2 0 3 1 0 0 1 0 0 0
"2561" 4134 819 14936 17886 0 1 5.88 8.84 9.94 NA NA 18.92 29.67 0.94 1 1 1 0 1 0 NA 0 0 0
"2562" 4135 819 25913 27922 1 1 8.7 6.38 1.54 1.18 4.48 13 27.68 0.93 2 0 1 1 1 0 1 0 0 1
"2563" 4136 138 19978 22927 0 1 8.81 5.53 2.52 1.12 3.23 27.26 53.73 0.82 2 0 2 1 0 0 1 0 1 1
"2564" 4137 246 22068 25015 0 1 7.8 6.12 2.57 0.92 3.99 15.56 27.05 0.92 1 1 3 1 0 0 1 0 0 1
"2565" 4138 246 22599 25546 0 1 12.43 5.6 5.19 0.78 NA 36.65 24.74 0.85 2 0 2 1 1 0 1 0 1 0
"2566" 4139 25139 30050 31392 1 1 12.66 5.69 0.78 1.18 4.15 6.4 23.83 0.94 2 0 1 0 1 0 1 0 0 0
"2567" 4140 247 23566 26509 0 1 8.14 NA NA NA NA NA 31.7 0.86 2 0 2 1 1 0 1 0 0 0
"2568" 4142 766 23972 26914 0 1 6.78 5.62 1.8 0.77 4 13.98 39.43 0.98 1 1 2 1 1 1 0 0 0 1
"2569" 4143 248 19571 22507 0 1 9.55 7.07 2.01 0.87 5.26 11.34 27.66 0.86 2 0 3 0 1 1 0 0 0 1
"2570" 4144 248 18041 20977 0 1 5.99 6.53 1.53 1.21 4.6 20.76 37.65 1.1 1 1 3 1 0 1 1 0 0 1
"2571" 4145 249 24598 27533 0 1 7.68 5.53 1.01 0.96 4.09 8.04 20.57 0.88 1 1 2 0 0 1 1 0 0 1
"2572" 4146 178 21433 24368 0 0 5.76 6.33 1.35 1.5 4.19 13.56 28.07 0.75 2 0 2 1 0 0 1 0 0 1
"2573" 4147 25147 26356 29291 0 NA 6.5 7.49 2.3 0.88 5.53 16.54 26.77 0.97 2 0 3 0 1 0 1 0 0 1
"2574" 4148 25148 28052 29128 1 1 9.44 6.3 1.04 1.37 4.44 9.13 20.57 0.85 1 1 3 0 1 0 1 1 0 1
"2575" 4149 443 25458 28387 0 0 5.31 6.13 2.36 0.65 4.37 17.94 27.12 0.93 1 1 3 0 1 0 1 0 0 0
"2576" 4150 25150 28185 31113 0 1 7.01 6.4 1.29 1.18 4.61 10.22 29.75 0.91 2 0 3 1 0 0 1 0 0 1
"2577" 4151 517 22286 25214 0 1 9.94 6.05 1.22 1.52 3.95 24.84 31.93 0.95 2 0 3 0 1 0 1 1 0 0
"2578" 4152 817 19868 22795 0 1 7.01 5.98 0.89 1.3 4.27 3.59 36.44 1.19 2 0 3 1 0 1 1 0 0 0
"2579" 4153 25153 24528 27444 0 1 10.17 5.85 0.93 1.14 4.27 3.94 20.08 0.86 1 0 2 1 1 0 1 0 0 1
"2580" 4154 347 19767 22683 0 1 8.19 7.24 3.24 0.96 4.75 14.04 33.39 1.08 1 1 2 1 0 1 NA 0 0 1
"2581" 4155 25155 24525 24824 1 1 7.29 5.91 1.41 1.16 4.09 6.58 24.24 0.94 1 1 1 1 1 1 1 0 0 0
"2582" 4156 517 24570 27485 0 1 6.89 5.38 1.65 0.75 3.85 11.52 28.06 0.94 1 1 3 1 0 0 1 1 0 0
"2583" 4157 816 22630 25544 0 1 8.59 7.12 1.27 1.45 5.08 14.08 24.52 0.8 2 1 3 1 1 0 1 0 1 1
"2584" 4158 519 21948 24857 0 1 9.72 5.14 0.59 1.75 3.11 2.72 24.75 0.77 2 0 3 1 0 0 1 1 0 1
"2585" 4159 519 24995 27904 0 1 7.29 7.19 2.91 1.1 4.73 7.43 33.56 0.85 2 1 3 1 0 0 1 0 0 0
"2586" 4160 25160 25514 28423 0 1 20 7.4 1.64 1.17 5.46 9.6 26.3 1.01 1 1 2 1 1 0 1 0 0 0
"2587" 4161 25161 27932 30841 0 1 11.7 6.82 1.12 1.79 4.5 6.59 21.47 0.92 1 1 2 1 1 0 1 0 0 0
"2588" 4162 816 26819 27972 1 1 7.91 6.05 0.81 1.1 4.57 8.02 26.22 0.88 1 1 3 0 1 0 1 1 0 1
"2589" 4163 816 25260 28168 0 1 6.27 7.39 0.81 1.25 5.76 3.04 26.52 0.98 1 1 3 0 1 0 0 0 0 0
"2590" 4164 25164 24161 25904 1 NA 5.14 8.49 2.15 0.9 6.58 3.72 24.57 0.81 2 0 2 1 1 0 0 1 0 1
"2591" 4165 25165 25975 28870 0 1 8.48 5.95 1.08 1.21 4.23 11.24 28.19 0.9 1 0 3 0 1 0 1 1 1 0
"2592" 4166 25166 19829 22710 0 NA 4.75 6.86 2.28 1.02 4.77 11.84 30.11 0.93 2 0 2 1 0 0 NA 1 0 0
"2593" 4167 717 22516 25396 0 1 6.22 7.23 1.55 1.31 5.19 14.28 33.29 0.96 1 1 2 1 1 0 NA 0 0 0
"2594" 4168 25168 19553 22432 0 NA 6.67 6.04 0.9 1.16 4.46 5.52 27.92 0.99 1 1 2 1 1 0 NA 1 0 1
"2595" 4169 2 14078 16956 0 0 6.44 4.72 0.83 1.18 3.15 6.28 23.32 0.96 1 0 2 1 0 0 1 0 0 NA
"2596" 4170 25170 32276 34064 1 1 10.45 5.75 2.62 0.87 3.65 7.86 23.4 0.9 2 0 2 0 0 0 1 1 0 1
"2597" 4171 268 28991 31855 0 1 9.38 4.77 1.85 1.14 2.76 7.8 25.95 0.97 1 1 2 0 1 0 1 0 1 1
"2598" 4172 25172 18994 21859 0 0 5.48 5.55 1.26 1.25 3.71 9.73 32.12 0.96 1 1 2 1 1 0 1 0 0 1
"2599" 4174 25174 17790 20657 0 1 NA 5.05 2.29 1.1 2.87 NA 38.19 1.18 1 1 2 1 0 0 NA 0 0 0
"2600" 4175 25175 24027 26893 0 1 8.31 4.37 0.96 1.18 2.74 4.47 23.05 0.79 2 0 2 1 1 0 NA 0 0 1
"2601" 4176 25176 21941 24799 0 0 5.54 5.99 0.98 1.39 4.14 12.45 33.33 1 1 0 2 0 1 0 0 1 0 1
"2602" 4177 25177 24899 27751 0 0 6.05 5.77 1.13 0.99 4.25 6.4 29.36 0.97 1 0 NA 0 1 1 1 1 0 1
"2603" 4178 25178 25743 27577 1 NA 3.45 3.96 0.85 1.2 2.36 7.24 22.32 0.91 1 1 NA 1 0 0 1 0 0 1
"2604" 4179 25179 25770 28623 0 1 19.49 5.14 0.74 1.37 3.42 5.29 24.65 0.88 1 NA 2 1 0 0 0 0 0 0
"2605" 4180 860 19093 21945 0 0 5.37 6.28 1.18 1.12 4.6 4.03 23.6 0.76 2 0 2 1 0 0 1 1 0 0
"2606" 4181 25181 26632 28839 0 NA 6.89 4.93 1.55 1.11 3.09 17.82 30.1 0.84 2 1 2 0 1 0 1 0 1 0
"2607" 4182 25182 24121 26973 0 NA 6.89 5.96 2.04 1.82 3.18 13.84 23.81 0.89 2 1 2 0 1 0 NA 1 0 1
"2608" 4183 835 24437 27288 0 1 6.67 5.43 1.12 1.62 3.28 12.88 29.03 0.88 2 0 2 0 0 0 NA 0 0 1
"2609" 4184 835 25459 28310 0 0 5.48 4.41 2.2 0.77 2.6 7.79 24.16 0.92 1 1 2 0 1 0 1 0 0 1
"2610" 4185 25185 17766 20612 0 0 5.37 5.78 0.95 1.41 3.93 3.48 27.53 0.9 1 1 3 1 0 0 0 1 0 NA
"2611" 4186 25186 21848 24694 0 1 15.54 7.31 3.4 1.46 4.26 98.93 33.33 0.84 2 0 2 0 1 0 NA 0 0 0
"2612" 4187 25187 24279 27123 0 1 8.31 5.7 1.9 1.04 3.77 7.54 29.63 1.07 1 1 2 1 0 0 0 0 0 0
"2613" 4188 25188 19841 22680 0 0 5.65 7.04 1.39 1.32 5.07 7.54 82.76 0.93 1 1 2 0 1 0 1 1 NA 1
"2614" 4189 25189 25653 28489 0 NA 6.33 4.44 1.95 0.82 2.7 8.98 22.93 0.77 2 0 2 1 0 1 NA 1 0 0
"2615" 4191 25191 16367 19199 0 0 6.33 4.9 0.59 1.74 2.89 2.38 20.01 0.89 1 0 3 0 1 0 1 0 0 0
"2616" 4194 25194 27080 29909 0 1 11.24 5.81 2.13 1.11 3.7 4.7 28.48 0.81 2 0 3 0 0 0 0 0 1 0
"2617" 4195 25195 28010 30447 0 1 10.79 6.05 0.92 1.8 3.81 4.66 27.36 0.97 1 0 2 0 1 0 0 1 1 0
"2618" 4196 25196 32374 33549 0 NA 5.65 2.38 0.83 1.33 0.66 3.56 27.24 0.87 2 0 1 0 1 1 0 0 0 0
"2619" 4197 25197 32882 33689 0 1 16.67 4.86 2.68 0.82 2.78 40.87 22.86 0.86 2 0 2 1 0 0 1 0 0 0
"2620" 4198 25198 20969 23791 0 NA 5.65 5.23 1.74 1.15 3.26 7.04 27.64 0.92 2 1 3 1 1 0 NA 1 0 1
"2621" 4199 25199 29059 31875 0 1 8.48 4.1 0.97 1.29 2.36 17.18 23.92 0.76 2 0 2 0 1 0 1 1 1 0
"2622" 4200 119 25156 27972 0 0 5.37 5.96 0.92 1.4 4.13 2.52 21.02 0.82 1 1 3 1 0 0 1 0 1 0
"2623" 4201 38 15008 17824 0 0 5.37 4.43 0.85 1.32 2.71 2.96 27.62 0.93 1 1 2 0 1 0 1 0 0 0
"2624" 4202 25202 20980 23791 0 1 NA 6.64 1.72 1.33 4.5 3.65 28.17 0.84 2 0 NA 1 1 0 NA 1 0 1
"2625" 4203 5021 19497 22312 0 1 8.76 5.7 1.16 1.14 4.02 14.19 28.38 1.02 1 1 2 0 1 0 NA 0 0 0
"2626" 4204 527 27624 29307 0 1 6.95 6.34 1.02 1.21 4.65 9.85 28.54 0.86 2 0 3 0 1 0 1 0 0 0
"2627" 4205 527 29292 30788 1 1 6.44 5.19 1.03 1.31 3.4 4.62 21.23 0.79 2 0 2 0 1 0 1 0 0 0
"2628" 4206 5021 16771 19581 0 NA 5.76 5.76 1.41 1.08 4.02 4.99 26.98 1 1 1 3 0 1 0 NA 0 0 1
"2629" 4207 25207 26058 28209 0 NA 5.08 1.24 5.99 1.26 NA 10.22 26.72 0.82 2 0 3 0 1 0 0 0 0 1
"2630" 4208 837 21844 24646 0 1 7.06 6.15 2.74 1.12 3.75 16.78 29.39 0.9 2 1 2 NA NA NA 1 0 0 0
"2631" 4209 20 17122 19925 0 1 9.38 8.04 9.32 NA NA 28.9 32.08 1.11 1 1 1 1 0 1 NA 0 0 1
"2632" 4210 892 34198 34584 1 1 8.64 6.93 4.96 0.64 NA 16.24 24.38 0.99 1 0 1 0 1 0 1 0 0 1
"2633" 4211 528 20068 22836 0 0 5.82 5.64 0.92 1.66 3.54 8.94 25.98 0.96 1 1 3 1 0 0 1 0 0 1
"2634" 4213 528 16823 19571 0 0 4.52 5.51 1.56 1.66 3.12 5.42 29.04 0.98 1 0 2 1 0 0 1 1 0 1
"2635" 4214 31 17856 20601 0 0 4.24 5.88 2.65 1.08 3.55 13.04 33.9 1.03 1 0 2 1 0 NA 0 0 0 0
"2636" 4217 529 14721 17462 0 0 4.75 4.06 0.56 1.47 2.33 4.16 27.16 0.8 2 0 2 1 1 0 0 0 0 1
"2637" 4218 251 13188 15926 0 1 9.49 5.49 1.18 1.38 3.55 7.08 24.38 0.83 2 0 2 1 1 0 1 0 0 1
"2638" 4219 530 12945 15665 0 0 4.69 4.21 0.66 1.41 2.49 3.06 18.51 0.81 2 0 2 1 1 0 1 0 0 0
"2639" 4220 24 14745 17464 0 0 5.03 3.75 0.75 1.1 2.3 4.76 21.46 0.78 2 0 2 1 0 0 1 0 0 1
"2640" 4221 892 19538 22256 0 0 5.82 5.34 1.07 1.66 3.17 3.58 27.38 0.81 2 0 2 0 1 NA 1 0 0 1
"2641" 4222 528 18506 21219 0 0 5.42 6.04 1.54 0.92 4.39 13.34 29.12 0.98 1 1 2 1 1 NA 1 0 0 0
"2642" 4225 197 17272 19978 0 0 5.14 5.37 1.38 1.32 3.4 2.99 22.77 0.83 2 1 1 1 0 0 1 0 0 1
"2643" 4227 31 20754 23452 0 0 5.54 5.02 0.76 1.42 3.24 9.1 27.46 0.88 1 1 3 1 0 0 1 0 0 1
"2644" 4230 25230 25008 25758 0 1 8.59 9.07 2.55 0.75 7.12 41.21 24.24 0.86 2 0 1 1 1 1 1 0 0 1
"2645" 4232 25232 16234 18925 0 0 4.86 4.48 0.7 1.12 3.03 5.91 27.47 0.93 1 0 2 0 1 0 1 0 1 NA
"2646" 4233 31 20569 23259 0 0 4.63 6.87 1.47 1.51 4.67 4.58 41.23 0.83 2 0 2 1 0 NA 1 0 0 1
"2647" 4235 31 13757 16428 0 0 5.65 6.11 3.09 1.3 3.35 4.49 20.98 0.91 1 1 2 1 0 NA 1 0 0 1
"2648" 4237 5 17599 20248 0 0 4.92 5.4 0.95 1.35 3.6 NA 27.25 0.94 1 1 2 0 0 0 1 0 0 1
"2649" 4240 625 22776 25417 0 0 5.65 6.01 0.68 1.37 4.32 3.62 26.67 0.84 1 1 2 0 1 NA 0 0 0 1
"2650" 4241 625 18890 19821 0 0 5.31 7.09 0.57 1.88 4.94 4.26 28.25 0.96 1 1 2 0 1 0 0 0 0 1
"2651" 4242 5 20591 23226 0 0 4.63 6.42 1.03 1.35 4.58 5.15 29.44 0.91 1 1 3 0 1 NA 1 0 0 1
"2652" 4243 5 20029 22663 0 0 5.03 5.32 0.82 1.09 3.84 3.89 27.66 0.89 1 1 2 0 1 0 0 0 0 1
"2653" 4244 5 19458 22092 0 0 5.03 5.66 0.77 1.35 3.95 3.78 21.56 0.87 1 1 3 1 0 0 0 0 0 1
"2654" 4246 625 25221 27850 0 1 6.16 5.13 0.79 1.48 3.28 4.14 23.14 0.88 1 1 1 0 1 0 1 0 0 1
"2655" 4247 69 31625 34261 0 0 3.96 4.01 0.66 1.11 2.59 NA 22.29 NA 1 0 NA 0 1 NA 1 0 1 1
"2656" 4248 5 21030 23665 0 0 4.86 5.62 0.71 1.9 3.39 NA 24.41 0.84 2 0 3 0 1 0 0 0 0 NA
"2657" 4250 62 13264 15834 0 0 5.65 4.48 0.69 NA NA 9.92 22.66 0.83 2 1 NA 0 1 NA 0 0 1 0
"2658" 4251 118 19310 21916 0 0 4.97 4.48 0.75 1.32 2.81 5.17 32.51 0.83 2 0 3 1 0 NA 0 0 0 1
"2659" 4252 20 25391 27965 1 1 7.85 4.71 1.14 1.21 2.96 52.04 38.57 0.92 2 0 3 1 0 0 1 0 0 1
"2660" 4253 38 17612 20211 0 0 5.65 4.48 0.87 1.62 2.45 4.56 27.49 0.81 2 0 3 0 1 NA 1 0 0 1
"2661" 4254 54 17832 20430 0 0 4.69 6.21 2.35 0.72 4.39 25.59 24.09 0.92 1 0 3 1 1 1 1 0 0 0
"2662" 4255 118 15157 17743 0 0 4.69 4.11 0.95 1.25 2.41 5.65 26.81 0.89 1 0 2 1 1 NA 0 0 0 1
"2663" 4256 118 17625 20209 0 0 4.75 5.58 0.59 1.29 4.01 9.01 25.1 0.78 2 0 2 1 1 NA 0 0 0 1
"2664" 4257 263 13394 15972 0 0 4.92 7.18 0.37 NA NA 5.61 25.81 0.94 1 0 3 1 0 0 0 1 1 1
"2665" 4262 25262 21282 21836 0 1 6.2 5.92 1.08 1.6 3.81 NA 28.41 0.94 1 1 2 1 0 0 0 0 1 1
"2666" 4263 630 18142 20636 0 0 5.25 6.79 0.77 1.06 5.37 8.48 26.37 0.91 1 0 2 0 1 NA 1 0 0 1
"2667" 4267 38 22850 24566 0 1 11.75 5.53 1.19 1.09 3.88 4.91 31.6 0.93 2 1 3 0 1 0 1 0 0 1
"2668" 4268 4 16450 18966 0 0 4.58 6.89 2.62 0.83 4.82 5.36 26.73 0.98 1 1 2 0 1 0 0 0 0 0
"2669" 4269 4 17676 20182 0 0 4.35 8.54 1.55 1.22 6.59 6.95 26.66 0.92 1 0 3 1 1 0 1 0 0 0
"2670" 4270 469 31562 34065 0 1 7.51 6.56 0.97 1.76 4.34 5.81 21.23 NA 2 0 1 1 0 0 0 0 0 0
"2672" 4272 531 28331 28747 0 1 6.72 5.85 1.81 0.75 4.25 4.01 21.27 NA 1 1 NA 0 0 0 0 0 0 0
"2673" 4273 156 16568 19070 0 0 6.38 5.34 0.86 1.56 3.38 NA 24.21 0.99 1 1 NA 1 NA NA 1 0 1 1
"2674" 4274 156 18099 20601 0 0 5.37 7.01 1.02 1.29 5.24 NA 31.24 0.97 1 0 NA 1 0 NA 1 0 0 0
"2675" 4275 120 17495 19989 0 0 6.27 6.36 1.41 1.15 4.55 8.23 27.99 0.91 1 0 3 1 1 NA 1 1 0 1
"2676" 4276 531 15170 17551 0 0 5.37 NA NA NA NA 6.02 26.99 0.93 1 0 2 0 1 NA 1 0 0 0
"2677" 4277 1058 13096 15589 0 1 19.61 5.41 4.19 NA NA 50.36 34.75 1.04 1 0 2 1 0 NA 1 0 0 1
"2678" 4278 754 27451 29943 0 1 5.37 4.98 1.52 1.04 3.23 15.2 23.1 0.85 2 0 3 1 0 NA 1 0 0 0
"2679" 4279 595 21411 23898 0 0 5.37 6.22 0.78 1.76 4.1 4.18 25.4 0.79 2 0 3 1 0 NA 0 0 0 0
"2680" 4280 4 19093 21581 0 1 5.42 6.43 1.75 0.77 4.84 8.66 26.92 0.95 1 0 2 0 1 NA 1 1 0 1
"2681" 4281 120 17985 20473 0 0 5.82 5.46 1.34 1.06 3.77 7.23 25.24 0.92 1 0 2 0 1 NA 1 1 0 1
"2682" 4282 120 17982 20470 0 1 6.84 5.5 1.12 1.1 3.87 10.61 30.78 1 1 1 3 1 1 0 0 1 0 1
"2683" 4283 1059 26885 26961 1 1 12.26 7.35 2.61 1.14 4.98 43.13 32.39 0.91 2 0 2 0 0 1 1 1 0 1
"2684" 4284 1059 23491 25835 1 1 9.94 NA NA NA NA NA 27.46 0.94 1 0 NA 0 0 0 0 0 0 1
"2685" 4285 120 16707 19194 0 1 6.38 5.44 1.47 1.07 3.68 14.89 29.26 0.99 1 0 2 1 1 NA 1 1 0 1
"2686" 4287 604 20045 22526 0 1 9.21 4.83 1.32 1.1 3.11 11.97 26.67 0.84 2 0 2 1 1 NA 0 0 1 0
"2687" 4288 1058 17284 19742 0 0 4.8 6.29 1.54 0.94 4.62 9.82 27.34 0.91 1 1 2 1 1 NA 1 0 0 0
"2688" 4289 467 21088 23563 0 0 3.84 6.4 2.1 1.4 4.01 8.16 29.33 0.83 2 0 2 1 0 NA 1 0 0 1
"2689" 4291 156 19069 21542 0 0 5.71 NA NA NA NA 13.69 26.22 0.92 2 0 2 0 1 0 1 1 0 1
"2690" 4292 156 17495 19968 0 0 5.37 5.41 1.39 0.85 3.91 6.84 30.08 0.96 2 0 2 1 1 0 1 1 0 0
"2691" 4293 156 16824 19297 0 0 5.03 6.28 1.32 1.24 4.42 3.82 24.78 0.87 2 0 3 1 1 0 1 0 0 0
"2692" 4296 754 25956 28420 0 0 4.52 5.63 1.5 1.45 3.47 10.67 24.01 0.82 2 0 3 0 1 NA 1 0 0 0
"2693" 4297 654 25745 27059 0 1 7.29 4.65 1.67 1.1 2.77 12.46 23.83 0.94 2 1 NA 1 1 NA 1 1 0 0
"2694" 4298 656 21321 23779 0 1 12.43 5.84 4.32 0.75 NA 34.18 26.2 0.91 1 0 2 0 1 0 NA 0 0 1
"2695" 4299 612 13795 16242 0 0 5.03 NA NA NA NA 14.95 27.08 1.04 1 0 NA 0 1 1 1 0 0 0
"2696" 4300 95 25253 27707 0 0 6.38 4.82 1.1 1.4 2.91 14.97 25.71 0.91 1 0 2 0 1 NA 1 0 0 1
"2697" 4301 1059 22317 24768 0 0 5.48 5.54 0.88 1.55 3.58 9.29 24.39 0.79 2 1 2 0 1 NA 0 0 0 0
"2698" 4302 643 28041 30171 1 1 12.43 5.73 2.68 0.91 3.56 29.31 36.26 0.91 2 0 3 0 1 0 1 0 0 0
"2699" 4303 721 22749 25194 0 1 8.98 6.16 5.03 0.91 NA 15.45 27.44 0.76 2 0 3 1 1 NA 1 0 0 1
"2700" 4304 465 26229 28668 0 1 5.48 4.88 1.56 1.13 3.01 22.34 36 0.92 2 0 2 0 1 NA 0 1 NA 0
"2701" 4305 642 33239 34826 1 1 18.31 4.86 3.55 1.07 2.12 88.09 20.39 0.89 2 0 1 1 1 0 0 0 1 1
"2702" 4306 648 24102 26539 0 1 13.67 NA NA NA NA 17.63 31.55 0.93 1 0 3 1 1 NA 0 0 0 0
"2703" 4307 648 21690 24127 0 0 5.71 5.56 0.95 1.71 3.41 17.2 39.79 0.88 2 0 3 1 1 0 1 0 0 1
"2704" 4308 4 18696 21092 0 0 5.08 NA NA NA NA 15.34 29.86 0.93 1 1 3 0 1 NA 1 0 0 0
"2705" 4309 112 17567 19958 0 0 5.42 5.26 1.4 1.11 3.5 8.11 28.96 0.95 1 0 3 0 1 NA 1 0 0 1
"2706" 4310 112 20436 22827 0 0 5.03 6.19 1.52 1.54 3.93 5.69 26.17 0.72 2 0 2 0 0 0 1 0 0 1
"2707" 4311 112 21099 23488 0 0 6.05 NA NA NA NA 3.93 25.14 0.9 1 0 3 0 NA NA 1 0 0 1
"2708" 4313 104 20567 22956 0 0 4.8 5.62 1.18 1.16 3.9 5.74 27.62 1.02 1 0 2 0 1 NA 0 0 0 1
"2709" 4315 231 20900 23275 0 0 5.93 5.94 1.53 1.13 4.09 7.23 26.67 0.84 2 0 2 1 1 0 0 0 0 1
"2710" 4316 258 14614 16865 0 0 6.27 3.84 0.68 1.14 2.38 4.43 22.78 0.9 1 0 3 1 0 0 1 1 0 1
"2711" 4318 268 24832 27202 0 0 5.48 3.66 2.94 0.77 1.5 13.01 34.08 0.97 1 0 2 0 1 0 1 0 1 0
"2712" 4319 57 13203 13905 0 0 5.25 5.75 0.76 1.42 3.98 NA 26.14 0.78 2 NA 3 0 0 0 1 0 0 0
"2713" 4320 627 13814 16181 0 0 5.82 3.87 0.61 1.44 2.15 4.72 22.22 0.8 2 1 2 1 0 NA 0 0 0 0
"2714" 4321 531 15743 18106 0 0 5.76 4.84 0.85 1.54 2.9 4.32 23.24 0.78 2 0 2 0 0 NA 0 1 0 0
"2715" 4323 470 16143 18510 0 0 5.82 5.27 0.68 1.31 3.64 3.92 23.88 0.89 1 0 3 1 0 0 1 0 0 0
"2716" 4327 1058 13796 16172 0 0 4.18 4.66 0.83 1.41 2.86 7.85 24.09 0.83 2 0 NA 1 0 NA 1 0 0 1
"2717" 4328 1058 24042 26418 0 0 4.29 6.44 1 1.87 4.1 8.62 27.43 0.85 2 0 NA 1 0 0 NA 0 0 0
"2718" 4329 754 29257 31633 0 1 9.44 4.72 1.42 1.02 3.04 39.24 27.38 0.95 1 0 2 1 1 0 0 0 0 0
"2719" 4330 724 15321 17684 0 1 13.9 7.18 13.96 NA NA 23.08 33.15 1.05 1 0 3 1 0 0 NA 1 0 1
"2720" 4331 531 17681 20043 0 0 6.22 5.75 2.74 0.98 3.48 17.23 30.42 1.07 1 1 2 0 1 NA 0 0 0 NA
"2721" 4332 531 16808 19169 0 1 8.98 5.2 4.53 NA NA 15.12 26.23 1.02 1 1 3 0 1 NA 1 0 0 0
"2722" 4333 57 20358 21097 0 0 5.35 5.29 1.41 1.25 3.38 NA 29.87 0.92 1 NA 2 0 0 0 1 0 0 0
"2723" 4334 181 15027 17382 0 0 6.05 4.72 0.66 1.13 3.28 4.04 22.49 0.89 1 0 3 1 1 0 1 1 0 1
"2724" 4336 724 13927 16269 0 0 5.48 4.67 1.35 1.06 2.98 4.63 21.88 0.85 2 0 2 0 1 0 1 0 0 0
"2725" 4337 724 16945 19287 0 0 5.48 6.58 0.8 1.72 4.49 4.17 19.45 0.76 2 1 2 1 0 0 1 1 0 0
"2726" 4339 724 13570 15911 0 0 5.14 6.42 0.85 1.25 4.77 5.11 27.81 0.95 1 0 3 0 1 0 1 0 0 0
"2727" 4340 724 19411 21752 0 0 5.14 6.52 0.72 2.21 3.97 7.36 29.45 0.88 2 0 2 1 0 0 1 0 0 1
"2728" 4341 595 22039 24374 0 0 6.05 6.28 0.77 1.68 4.24 5.17 26.08 0.76 2 0 3 1 0 NA 0 0 0 0
"2729" 4342 52 13139 14268 0 0 5.3 NA NA NA NA NA 19.83 0.78 2 NA 3 0 1 0 1 0 0 1
"2730" 4344 595 15894 18225 0 0 6.38 5.29 0.53 1.93 3.11 NA 31.24 0.77 2 0 3 1 0 0 1 0 0 0
"2731" 4345 724 18091 20403 0 0 4.86 6.34 1.98 0.96 4.45 4.97 23.26 0.91 1 1 3 1 0 0 1 0 1 0
"2732" 4347 92 14859 17135 0 0 5.25 4.97 0.66 0.92 3.74 4.79 24.97 0.93 1 1 3 0 1 0 1 0 0 1
"2733" 4348 92 13644 15920 0 1 6.05 5.23 3.1 0.74 3.03 19.02 31.14 1.03 1 0 1 0 0 0 1 1 0 1
"2734" 4349 472 23090 24764 0 1 5.93 7.53 1.4 1.53 5.34 7.58 36.89 0.92 2 0 NA 0 0 NA 1 1 0 0
"2735" 4351 118 15923 18146 0 0 5.59 5.34 1.26 1.21 3.54 7.72 27.4 0.98 1 0 2 1 0 NA 0 1 0 1
"2736" 4353 118 23298 25511 0 0 5.03 NA NA NA NA 5.6 25.31 0.87 1 0 2 1 0 0 1 0 0 1
"2737" 4354 118 22956 25169 0 0 5.03 5.53 1.18 1.64 3.34 6.23 29.52 0.78 2 0 2 0 1 NA 1 0 0 0
"2738" 4355 473 29184 31399 0 1 11.36 4.12 0.99 1 2.65 4.77 25.29 0.89 1 0 3 0 1 0 1 0 0 0
"2739" 4356 118 19222 21421 0 0 5.25 5.86 0.88 1.29 4.15 4.6 29.04 0.92 1 0 2 0 1 0 1 0 0 0
"2740" 4357 118 15398 17597 0 0 4.97 NA NA NA NA 10.25 31.57 0.99 1 0 2 0 0 0 1 0 0 NA
"2741" 4358 118 22114 24313 0 0 5.31 6.75 1.14 1.93 4.29 4.45 29.27 0.76 2 0 3 0 1 0 1 0 0 1
"2742" 5000 174 22174 25604 0 1 20.34 6.74 1.02 1.64 4.62 33.33 25.48 0.82 2 0 2 1 0 0 1 1 0 1
"2743" 5001 705 24592 28019 0 1 15.54 5.05 3.21 0.88 2.66 16.84 27.06 0.86 2 0 2 1 0 NA NA 0 0 0
"2744" 5002 201 19874 23300 0 1 18.14 6.54 0.81 1.82 4.33 14.79 28.58 0.85 2 0 2 0 1 0 0 0 0 0
"2745" 5004 163 16689 20114 0 1 11.24 5.09 3.04 0.91 2.75 18.75 39.74 0.92 2 0 2 0 1 0 0 0 0 1
"2746" 5006 201 17383 20807 0 1 7.8 5.85 1.1 1.1 4.23 11.87 30.08 0.98 1 1 3 0 1 0 1 0 0 1
"2747" 5007 201 16898 20322 0 0 6.22 4.83 0.6 1.55 3 5.39 26.22 0.76 2 0 3 1 NA NA 1 0 0 1
"2748" 5008 240 21796 25121 0 0 5.25 4.37 1.07 1.45 2.42 10.68 27.15 0.8 2 0 2 0 1 NA 0 0 0 0
"2749" 5012 175 26701 30120 0 1 19.89 5.84 1.36 1.06 4.14 6.62 24.01 0.81 2 0 2 1 NA NA 1 1 0 0
"2750" 5013 174 19667 20198 1 1 8.64 6.49 1.05 1.24 4.76 13.74 23.04 0.84 1 1 2 1 0 0 0 0 0 0
"2751" 5020 201 21152 24572 0 0 6.44 6.09 1.48 1.15 4.24 14.16 26.93 0.93 1 0 2 1 0 0 0 1 0 1
"2752" 5022 705 14190 17608 0 0 5.37 4.62 1.21 0.87 3.18 13.04 24.13 0.8 2 0 3 1 0 0 1 1 0 0
"2753" 5024 131 21353 24769 0 1 10.06 5 1.22 1.02 3.4 7.17 27.34 0.81 2 0 2 1 1 0 1 0 0 1
"2754" 5025 704 29588 32587 1 1 12.77 5 1.07 0.93 3.57 9.64 25.77 0.93 1 1 2 0 1 1 1 1 0 1
"2755" 5026 240 24505 27830 0 0 5.88 5.41 0.93 NA NA 8.8 22.76 0.9 1 0 2 0 0 0 1 1 0 0
"2756" 5029 175 27795 31082 1 1 10.17 7.24 1.5 1.01 5.53 61.48 28.65 1.05 1 1 2 1 0 0 1 1 0 0
"2757" 5030 176 25488 28907 0 1 14.75 4.27 1.04 1.1 2.68 3.32 24.72 0.84 1 1 2 1 0 0 1 0 0 0
"2758" 5031 176 27624 30245 0 1 15.99 5.68 1.83 0.67 4.15 22.22 24.78 0.83 2 0 2 0 0 0 1 0 0 0
"2759" 5032 175 23409 26822 0 1 7.01 5.83 1.37 1.46 3.73 15.61 30.93 0.88 2 0 3 1 0 0 1 1 0 0
"2760" 5033 175 27256 30669 0 0 5.48 6.73 1.99 0.87 4.93 6.85 23.01 0.92 1 0 2 0 0 0 1 1 0 0
"2761" 5034 175 26242 29655 0 1 13.5 7.14 1.55 1.04 5.37 26.62 27.05 0.96 2 0 1 1 0 0 1 1 0 1
"2762" 5035 175 24045 27457 0 1 7.12 5.16 1.71 0.87 3.48 27.9 29.06 0.99 1 0 1 0 1 0 0 1 0 1
"2763" 5036 175 23374 26786 0 0 6.22 7.14 1.54 1.34 5.08 11.06 22.37 0.75 2 0 2 0 0 0 1 0 0 1
"2764" 5037 175 24868 28279 0 0 5.76 5.09 0.92 1.12 3.54 6.48 25.61 0.98 1 0 2 1 0 0 0 0 0 1
"2765" 5038 175 17684 21094 0 0 5.42 4.97 0.76 1.35 3.26 7.96 24.98 0.77 2 0 2 1 0 0 1 1 0 0
"2766" 5040 174 20101 23510 0 0 5.71 7.44 1.12 1.32 5.59 11.22 24.61 0.79 2 1 2 0 1 0 1 0 0 0
"2767" 5042 174 13537 16929 0 0 8.53 4.65 0.88 1.62 2.61 10.13 25.94 0.74 2 1 3 1 0 NA 1 0 0 1
"2768" 5043 176 24687 28090 0 0 6.27 6.07 2.15 1.24 3.82 14.67 26.01 0.89 2 0 2 0 1 0 1 0 0 0
"2769" 5044 176 28454 31857 0 0 5.99 6.63 1.43 1.27 4.69 9.53 27.81 0.91 2 0 2 0 0 NA 1 0 0 NA
"2770" 5045 176 26420 29823 0 0 6.22 6.02 2.86 0.79 3.89 14.24 29.22 0.96 1 1 1 0 1 0 1 0 0 0
"2771" 5046 175 26544 27386 0 0 6.05 7.34 1.15 1.51 5.29 13.69 31.45 0.94 2 0 NA 0 1 0 1 0 0 1
"2772" 5048 131 21958 25360 0 0 5.42 6.95 0.62 1.48 5.18 6.04 25.48 0.92 1 1 2 1 1 0 0 0 0 1
"2773" 5054 163 15524 18779 0 0 6.1 5.76 0.76 1.58 3.82 9.7 30.09 0.83 2 1 3 0 1 0 1 0 0 1
"2774" 5055 201 16282 19441 0 1 9.77 5.24 2.15 1.22 3.01 13.48 36.51 0.92 2 1 3 0 1 0 1 1 0 0
"2775" 5056 175 13242 16647 0 0 5.82 5.82 1.16 1.17 4.1 10.7 16.64 0.8 2 0 2 1 0 0 1 1 1 1
"2776" 5057 175 16177 19573 0 0 5.31 4.16 0.66 1.61 2.24 4.8 22.32 0.81 2 0 2 1 1 0 1 0 0 1
"2777" 5061 175 14410 17808 0 0 6.33 7.25 1.09 1.26 5.48 5.04 21.64 0.87 1 1 2 0 1 0 1 0 0 0
"2778" 5062 175 15029 18426 0 0 5.65 5.78 1.71 0.96 4.02 9.4 26.38 0.9 1 0 2 0 0 0 0 0 0 1
"2779" 5063 175 17121 20520 0 0 6.1 5.42 0.71 1.35 3.73 9.43 28.03 0.93 1 0 2 1 0 0 1 1 0 1
"2780" 5065 175 13365 16757 0 0 5.31 5.63 1.86 1.03 3.72 11.49 22.18 0.93 1 0 2 1 0 0 0 0 1 1
"2781" 5066 175 13545 16943 0 0 5.59 4.57 1.03 1.35 2.74 7.46 24.17 0.79 2 0 3 0 0 0 1 1 0 0
"2782" 5067 175 15518 18914 0 0 6.05 6.07 0.68 1.21 4.54 4.5 21.56 0.87 1 0 2 1 NA NA 0 0 0 1
"2783" 5070 127 24049 27444 0 1 11.47 5.38 0.76 1.79 3.23 9.68 33.97 0.81 2 0 2 1 1 0 1 0 0 1
"2784" 5071 240 18002 21397 0 1 17.8 5.58 3.24 0.71 3.34 16.13 30.13 0.88 1 1 2 1 1 1 1 0 0 1
"2785" 5072 240 17659 21042 0 0 5.71 5.12 0.62 2.18 2.64 4.51 22.72 0.8 2 0 2 0 1 0 1 0 0 1
"2786" 5073 709 23253 26642 0 1 9.77 5.25 1.3 0.96 3.68 7.84 28.68 0.85 2 0 2 0 1 0 1 1 0 0
"2787" 5074 709 25057 28445 0 0 5.93 9.14 1.32 1.82 6.7 3.16 30.99 0.92 1 1 2 1 1 0 1 1 0 1
"2788" 5075 659 17843 19649 1 1 15.99 7.37 2.6 0.94 5.21 4.92 30.12 1.02 2 1 1 1 1 0 1 0 0 1
"2789" 5077 175 17985 21369 0 0 6.05 7.89 1.11 1.57 5.8 7.76 26.26 0.91 2 0 3 0 1 0 1 1 0 NA
"2790" 5078 175 17344 20725 0 0 5.71 6.23 1.08 1.26 4.46 21.49 24.52 0.91 1 1 3 1 1 0 1 1 0 0
"2791" 5079 175 15882 19263 0 0 5.71 4.14 0.65 1.52 2.32 5.94 19.71 0.81 2 0 2 0 1 0 1 1 0 1
"2792" 5080 174 15574 18951 0 0 5.93 4.33 0.72 1.88 2.11 2.71 22.4 0.89 1 0 3 1 0 0 1 0 0 1
"2793" 5081 175 13617 16993 0 0 5.88 5.46 1.08 1.49 3.47 9.62 27.1 0.84 2 1 2 0 0 0 0 0 0 0
"2794" 5083 704 13642 17025 0 0 5.71 4.88 0.82 1.44 3.05 7.22 22.15 0.78 2 0 2 1 1 NA 1 0 0 0
"2795" 5088 704 14691 18073 0 0 5.03 4.93 0.68 1.49 3.12 2.92 22.03 0.72 2 0 3 0 1 1 1 1 0 1
"2796" 5089 175 13450 16814 0 0 5.25 4.97 1.16 2.29 2.13 10.14 27.85 0.94 2 1 2 1 0 0 1 1 0 1
"2797" 5091 704 18938 22320 0 0 5.42 5.71 1.84 0.77 4.08 8.9 25.83 0.92 1 1 2 1 1 0 1 1 0 1
"2798" 5092 704 14435 17809 0 NA NA NA NA NA NA NA NA NA 1 NA NA 0 0 0 0 0 0 1
"2799" 5094 704 16488 19865 0 0 5.71 3.55 0.75 1.16 2.03 3.57 25.31 0.94 1 0 2 1 1 1 1 0 0 1
"2800" 5101 131 25268 28643 0 0 5.08 5.44 1.01 1.55 3.41 6.46 23.62 0.8 2 0 3 0 1 0 0 0 0 0
"2801" 5105 131 24637 26752 1 1 9.94 4.03 1.43 0.71 2.65 8.44 NA NA 1 1 1 0 1 0 1 0 0 1
"2802" 5106 175 21080 24448 0 0 6.44 5.33 1.46 1.18 3.46 11.32 28.73 0.97 1 0 2 NA NA NA 1 0 0 0
"2803" 5112 131 26399 28696 1 0 6.05 NA NA NA NA 9.78 28.73 1.01 1 1 1 NA NA NA 0 0 0 1
"2804" 5113 175 15724 19048 0 0 6.33 4.26 0.64 1.64 2.32 6.75 22.09 0.9 1 1 2 1 1 0 1 1 0 0
"2805" 5114 39 19596 22966 0 0 5.48 5.9 0.67 1.56 4.02 7.68 24.01 0.77 2 0 2 1 1 0 1 0 0 0
"2806" 5119 49 29308 32676 0 0 4.86 5.97 3.66 0.92 3.33 16.54 24.31 0.99 1 0 2 0 1 0 1 0 0 0
"2807" 5123 131 23998 27331 0 0 6.89 5.21 1.62 1.03 3.41 12.58 28.34 1.03 1 0 2 0 1 0 1 NA 0 1
"2808" 5126 131 23289 26656 0 0 6.78 6.81 1.35 1.69 4.49 13.32 30.7 0.86 2 0 2 1 1 0 1 0 0 1
"2809" 5127 166 24323 24595 1 1 7.23 5.99 1.72 0.86 4.32 34.72 29.58 0.96 1 1 1 0 0 1 0 0 0 1
"2810" 5128 200 24223 27585 0 0 5.54 5.62 0.94 2.11 3.07 5.12 27.48 0.88 2 0 2 0 1 0 1 1 0 1
"2811" 5134 49 28866 31939 1 1 7.23 5.26 2.19 0.84 3.39 21.28 22.09 0.78 2 0 1 0 1 0 1 0 0 1
"2812" 5136 201 13753 17093 0 0 6.61 5.89 1.46 0.86 4.34 7.63 22.89 0.97 1 1 1 0 1 1 1 0 1 0
"2813" 5137 175 13349 16673 0 0 5.03 4.21 0.61 1 2.93 6.9 23.26 1 2 0 2 NA NA NA 1 NA NA NA
"2814" 5139 704 17822 21177 0 0 5.14 5.23 1.07 1.44 3.28 4.5 24.99 0.78 2 1 3 1 1 0 1 1 0 0
"2815" 5140 704 18178 21534 0 NA NA NA NA NA NA NA NA NA 1 1 3 0 1 0 1 1 0 0
"2816" 5145 704 16259 19608 0 0 5.37 4.86 1.18 0.88 3.43 8.03 24.45 0.95 1 1 2 1 NA NA 1 0 0 0
"2817" 5146 704 15361 18710 0 NA NA NA NA NA NA NA NA NA 2 NA NA 1 0 0 1 0 0 1
"2818" 5153 131 15037 18394 0 0 5.08 5 0.65 2.06 2.64 7.78 20.03 0.7 2 0 2 1 1 0 0 0 0 0
"2819" 5155 176 12874 16224 0 0 5.65 4.63 0.8 1.69 2.57 8.44 24.24 0.8 2 0 2 0 1 0 1 0 0 1
"2820" 5160 240 22378 25721 0 0 6.72 5.82 0.95 1.77 3.6 15.68 30.08 0.83 2 0 2 1 1 1 1 0 0 1
"2821" 5161 240 23808 27151 0 0 4.97 3.86 1.29 1.05 2.2 7.84 22.26 0.96 1 1 2 1 1 0 1 0 0 1
"2822" 5162 240 23219 26562 0 0 6.5 6.5 2.68 1.41 3.83 33.48 32.3 0.79 2 0 2 0 1 NA 1 1 0 1
"2823" 5163 131 15537 18880 0 NA NA 4.49 0.79 1.46 2.66 5.85 22.47 0.91 1 0 2 1 NA NA NA 0 0 1
"2824" 5164 131 16009 19345 0 0 5.59 4.68 0.73 1.67 2.67 6.14 21.45 0.77 2 0 3 0 1 1 0 0 0 0
"2825" 5165 200 24768 26558 1 1 7.12 7.56 2.59 1.4 4.94 25.54 38.37 0.89 2 0 2 0 1 1 1 0 0 0
"2826" 5166 49 20729 24071 0 1 10 6.22 6.52 NA NA 11.56 30.46 0.87 2 0 2 0 1 0 1 0 0 0
"2827" 5167 49 16871 20213 0 0 15.48 6.49 3.22 1.1 3.88 16.06 27.01 1.08 1 1 2 0 1 0 1 0 0 0
"2828" 5169 200 14932 18280 0 0 5.2 5.01 1.61 1.61 2.65 7.58 25.84 0.78 2 0 2 0 0 0 1 1 0 1
"2829" 5170 392 23681 27021 0 1 8.87 6.44 1.06 1.48 4.46 20.69 32.53 0.85 2 0 2 1 0 NA 0 1 0 1
"2830" 5171 392 26780 28506 1 1 7.12 4.88 1.72 1.21 2.87 18.38 22.99 NA 1 1 NA 1 1 0 1 0 0 0
"2831" 5172 127 25241 28580 0 1 6.95 5.8 1.61 1.22 3.82 25.54 31.56 0.99 1 0 2 1 1 0 1 0 0 0
"2832" 5173 240 18891 19744 1 0 6.38 4.29 1.6 1.18 2.36 15.24 28.4 0.93 1 0 3 0 1 1 1 0 0 0
"2833" 5175 175 14315 17650 0 0 5.42 5.54 1.37 1.64 3.25 12.42 22.57 0.85 2 0 3 1 0 0 1 1 1 1
"2834" 5177 176 22946 26282 0 0 5.93 6.01 0.81 2.16 3.47 3.62 22.46 0.87 1 1 2 1 1 0 1 1 0 1
"2835" 5179 200 23034 26370 0 1 6.95 6.66 2.58 1.09 4.36 18.39 28.54 0.93 1 1 2 0 1 0 0 0 0 0
"2836" 5180 200 13443 16779 0 0 6.38 5.74 1.42 1.32 3.76 3.56 24.06 0.91 1 0 2 1 0 0 1 1 0 1
"2837" 5181 200 23942 27276 0 1 13.39 5.23 1.27 1.16 3.48 43.08 30.47 1.04 1 1 2 0 0 1 0 0 0 1
"2838" 5182 392 13933 17257 0 0 5.76 4.51 1.48 1.42 2.4 6.66 20.68 0.88 1 0 2 1 0 0 1 0 0 0
"2839" 5183 240 24760 25353 1 1 7.06 6.66 1.33 1.48 4.56 8.14 21.38 0.88 1 1 2 0 1 0 0 0 0 0
"2840" 5185 200 25671 29004 0 1 6.67 6.31 2.02 0.68 4.68 19.96 33.63 1.06 1 1 1 1 1 0 0 1 0 1
"2841" 5187 200 23497 26701 1 1 10 6.13 1.9 1.21 4.03 16.02 32.41 0.96 1 1 2 0 NA NA 0 0 0 0
"2842" 5191 200 12815 16143 0 0 6.27 5.63 0.92 1.3 3.9 7.55 25.26 0.94 1 1 2 0 1 0 1 1 0 1
"2843" 5192 200 22453 25779 0 0 6.78 7.35 1.5 1.36 5.28 17.72 31.06 0.88 2 0 2 0 0 1 0 0 0 1
"2844" 5193 200 21792 25118 0 0 6.33 6.79 1.27 1.27 4.92 69.15 33.73 0.87 2 0 1 0 1 0 0 0 0 1
"2845" 5195 240 21204 24533 0 0 5.71 5.31 1.68 1.04 3.48 21.12 27.47 0.87 1 0 2 1 NA NA 1 0 0 1
"2846" 5196 200 25671 29000 0 1 10.23 6.01 2.76 0.94 3.77 18.97 26.73 1 1 1 2 0 0 1 1 0 0 1
"2847" 5197 200 25287 28615 0 0 6.95 5.65 2.07 0.89 3.78 20.53 29.38 1.01 1 1 2 0 1 0 0 1 0 0
"2848" 5200 200 20442 23757 0 0 6.89 6.06 2.32 1.08 3.89 15.02 29.74 0.84 2 0 3 0 1 0 1 0 0 1
"2849" 5201 49 15999 19306 0 1 7.23 6.58 3.1 1.08 4.05 15.93 27.77 1.05 1 1 1 0 1 0 1 0 0 1
"2850" 5202 200 19399 22727 0 1 8.87 6.29 1.86 1.04 4.38 21.74 28.9 0.99 1 1 2 0 0 NA 1 0 0 1
"2851" 5203 200 23938 25283 0 0 5.82 5.49 0.67 2.02 3.15 15.92 32.17 0.81 2 0 1 1 1 0 1 0 0 0
"2852" 5204 200 20352 23679 0 0 6.05 6.25 1.84 1.1 4.29 17.93 27.17 0.93 1 1 1 0 1 NA 0 0 0 1
"2853" 5206 240 18663 21985 0 0 5.48 5.58 1.07 2.04 3.04 8.78 21.54 0.77 2 1 3 0 0 0 1 0 1 0
"2854" 5208 131 22396 25717 0 0 5.48 5.92 1.36 1.46 3.82 10.91 33.04 0.9 2 0 2 1 0 0 1 0 0 0
"2855" 5213 131 15990 19310 0 0 5.42 4.75 1.22 1.28 2.9 10.86 26.29 1 1 0 2 0 1 NA 1 0 0 1
"2856" 5214 200 12912 16231 0 0 5.76 4.41 0.53 1.45 2.71 13.18 23.95 0.82 2 0 2 NA NA NA 0 0 0 1
"2857" 5220 200 13241 16563 0 0 6.27 3.72 1.17 1.13 2.04 13.48 29.07 0.87 1 1 3 0 1 NA 1 0 0 1
"2858" 5221 200 13707 17025 0 0 5.99 5.37 1.25 1.12 3.66 17.32 24.76 0.91 1 1 2 0 0 0 0 0 0 1
"2859" 5222 127 24552 27881 0 0 5.59 6.32 1.3 1.62 4.09 9.54 23.05 0.81 2 0 1 1 1 0 0 0 0 1
"2860" 5223 200 24633 27955 0 1 8.19 6.58 1.55 1.37 4.48 NA 27.64 0.91 2 0 1 1 1 0 1 0 0 1
"2861" 5224 200 14245 17560 0 0 6.05 5.64 1.05 1.36 3.78 6.03 23.22 0.9 1 1 3 0 1 NA 0 0 0 1
"2862" 5227 200 23971 27289 0 1 6.44 4.6 1.41 1.33 2.61 8.74 28.13 0.94 2 0 1 0 1 0 1 0 0 1
"2863" 5228 200 21317 24630 0 0 6.67 5.34 2.55 1.12 3.02 17.63 30.46 0.94 1 1 2 0 0 NA 1 1 0 NA
"2864" 5229 200 21820 25133 0 0 6.38 6.55 0.79 1.99 4.19 3.74 24.84 0.84 2 0 2 1 0 NA 1 0 0 1
"2865" 5230 392 16120 19440 0 1 7.12 6.24 2.74 1.43 3.53 19.48 35.76 0.98 2 1 2 1 1 0 0 0 0 1
"2866" 5231 200 22823 26138 0 0 6.5 7.17 2.34 0.97 5.1 24.69 27.34 1 1 0 1 0 1 1 1 0 0 1
"2867" 5232 200 22837 26152 0 0 5.93 3.33 0.89 1.2 1.71 17.12 29.94 1 1 0 3 0 1 0 1 0 0 1
"2868" 5233 200 19296 22608 0 0 5.99 5.57 0.82 1.9 3.29 5.76 27.99 0.79 2 0 2 1 0 1 1 0 0 1
"2869" 5236 200 14978 18290 0 0 6.44 5.05 0.75 1.8 2.9 12.68 24.01 0.8 2 0 2 1 0 1 0 0 0 0
"2870" 5238 200 16015 19323 0 0 6.22 5.78 1.24 1.23 3.97 NA 21.74 0.89 1 1 2 0 1 0 1 1 0 1
"2871" 5239 200 13915 17223 0 0 6.1 5.38 0.68 1.9 3.16 8.86 21.49 0.69 2 1 3 0 1 0 0 0 0 0
"2872" 5242 200 13538 16808 0 0 6.22 5.13 0.59 1.7 3.15 9.24 24.17 0.79 2 0 3 0 0 0 0 1 0 0
"2873" 5244 129 24881 28189 0 1 12.26 5.07 1.3 1.77 2.69 16.28 30.3 0.9 2 0 NA 1 0 0 1 0 0 1
"2874" 5245 200 15113 18420 0 0 6.1 5.3 1.77 0.88 3.58 10.73 28.7 1 1 1 2 0 1 NA 0 1 0 0
"2875" 5247 200 13794 17094 0 0 6.5 5.01 1.93 1.25 2.86 NA 28.11 0.82 2 1 2 0 1 1 1 0 0 NA
"2876" 5250 172 24662 27969 0 1 13.62 6.17 5.17 NA NA 20.33 22.95 0.79 2 0 2 0 1 NA 1 0 0 NA
"2877" 5251 106 24422 25190 1 1 6.89 6.7 1.12 1.05 5.12 24.07 28.06 0.94 1 1 2 1 0 0 1 1 0 0
"2878" 5257 200 12949 16250 0 0 6.38 6.71 2.1 1.09 4.63 NA 24.34 0.95 1 1 2 0 1 0 0 0 0 1
"2879" 5258 176 16954 20254 0 0 6.22 5.2 1.74 1.54 2.84 NA 24.42 0.94 1 1 2 0 1 0 0 0 0 0
"2880" 5263 91 30214 32451 0 1 NA NA NA NA NA NA NA NA 2 NA NA 0 1 0 1 0 NA NA
"2881" 5264 200 14764 18058 0 1 8.81 4.92 1.07 1.22 3.19 20.02 34.25 0.95 2 0 2 1 0 0 1 0 0 0
"2882" 5270 191 14573 17866 0 0 6.22 5.26 0.85 1.49 3.37 14.42 27.02 0.95 1 1 2 1 0 0 0 0 0 1
"2883" 5274 128 24809 28100 0 1 13.22 5.89 2.35 1.13 3.66 17 27.58 0.99 2 0 2 0 0 0 0 0 0 0
"2884" 5278 200 16614 19904 0 0 6.1 7.14 1.2 0.83 5.75 7.08 22.47 0.88 1 1 2 0 1 NA 1 1 0 1
"2885" 5279 200 15927 19217 0 0 6.5 6.99 1.06 1.33 5.17 2.06 20.86 0.8 2 0 2 0 1 0 1 0 0 1
"2886" 5280 172 26028 29308 0 0 6.22 5.78 1.27 1.25 3.94 12.8 31.61 0.89 2 0 1 0 1 0 1 0 0 0
"2887" 5282 200 15524 18794 0 0 5.82 7.21 1.18 0.96 5.7 6.1 23.3 0.89 1 0 2 0 1 0 1 0 0 1
"2888" 5284 172 13391 16670 0 0 6.16 3.3 0.48 1.29 1.79 9.49 20.58 0.78 2 0 2 0 1 0 1 0 0 0
"2889" 5286 200 15235 18514 0 0 5.08 3.97 0.62 1.32 2.36 5.3 26.78 0.79 2 1 2 1 1 0 0 0 0 1
"2890" 5287 200 14213 17492 0 1 6.61 4.08 2.56 0.88 2 27.21 37.87 1 1 1 2 0 1 0 1 0 1 1
"2891" 5288 106 22617 25896 0 0 6.5 6.82 1.54 1.25 4.85 13.6 24.61 0.8 2 0 2 0 1 0 1 0 1 1
"2892" 5291 128 32385 33258 1 1 NA NA NA NA NA NA NA NA 2 NA NA 1 0 0 1 1 0 NA
"2893" 5303 172 13641 16907 0 0 5.48 3.98 0.6 1.58 2.11 2 23.29 0.84 1 0 3 0 1 0 1 NA 0 1
"2894" 5304 200 14441 17711 0 0 5.03 5.35 0.66 1.2 3.84 4.61 19.23 0.74 2 0 2 NA 1 0 1 0 0 0
"2895" 5305 200 15868 19134 0 0 6.89 5.26 1.28 1.35 3.31 26.68 38.63 0.89 2 0 2 NA 1 NA 0 0 0 0
"2896" 5307 709 13186 16452 0 0 6.61 5.48 1.36 1.14 3.7 10.04 28.41 0.91 1 0 2 NA 1 0 1 1 0 0
"2897" 5309 200 13523 16787 0 0 NA NA NA NA NA NA NA NA 1 NA NA NA 1 1 0 0 1 1
"2898" 5317 106 14219 17482 0 0 5.76 6.14 0.8 1.43 4.34 5.76 21.56 0.87 1 0 2 1 0 0 1 0 0 0
"2899" 5320 191 13288 16491 0 0 6.1 4.17 1.02 1.08 2.61 3.68 23.23 0.78 2 0 2 0 1 0 0 1 0 1
"2900" 5322 200 21883 25142 0 1 7.18 5.87 1.44 1.6 3.59 13.61 29.75 0.79 2 1 1 1 0 0 0 0 0 1
"2901" 5327 200 13893 17131 0 0 5.82 6.32 2.05 0.96 4.39 10.22 25.47 0.98 1 1 3 1 1 0 1 1 0 0
"2902" 5328 200 13583 16841 0 0 6.1 4.98 0.98 1.01 3.51 8.53 24.49 0.87 1 1 2 0 1 1 1 0 0 1
"2903" 5330 200 13787 17015 0 1 7.12 5.59 1.21 1.27 3.75 3.92 23.12 0.9 1 1 2 0 1 1 1 0 0 1
"2904" 5331 200 13112 16340 0 0 5.99 4.28 0.76 1.47 2.46 8.71 22.44 0.8 2 1 2 1 1 1 1 0 1 1
"2905" 5332 200 14146 17404 0 0 6.33 5.46 1.56 0.89 3.84 7.67 28.73 0.9 1 1 2 0 0 0 1 0 0 1
"2906" 5333 200 14591 18213 0 0 5.48 NA NA NA NA 4.84 21.33 0.79 2 1 3 0 1 1 1 0 0 1
"2907" 5334 200 14348 17605 0 0 5.48 6.14 1.62 1.31 4.07 7.76 27.14 0.86 2 1 3 0 1 1 1 1 0 1
"2908" 5335 200 12922 16175 0 0 5.99 4.78 1.05 1.02 3.27 4.9 23.12 0.93 1 1 2 0 1 1 0 0 1 1
"2909" 5337 200 13757 17015 0 0 6.22 5.17 0.98 1.25 3.46 7.5 22 0.89 1 1 2 0 1 1 1 0 0 1
"2910" 5338 200 15967 19224 0 0 6.84 6.04 1.42 0.86 4.51 13.95 42.77 0.86 2 1 1 0 1 0 0 1 0 1
"2911" 5341 106 13549 16787 0 0 6.67 7.49 2.79 1.08 5.1 11.56 26.32 0.89 1 0 2 0 0 0 1 0 0 NA
"2912" 5342 106 13359 16597 0 0 5.82 3.9 0.65 1.42 2.18 8.86 20 0.77 2 0 2 0 1 0 1 1 0 1
"2913" 5343 200 13963 17201 0 0 5.88 3.81 0.74 1.68 1.78 2 22.89 0.83 2 1 2 1 0 0 0 1 0 0
"2914" 5345 200 12981 16218 0 0 5.82 5.31 1.1 1.06 3.73 5.46 23.1 0.92 1 1 2 0 1 1 1 0 0 0
"2915" 5349 200 13097 16333 0 0 5.42 6.15 1.05 1.11 4.55 11.06 24.59 0.87 2 1 2 0 1 0 1 1 0 1
"2916" 5350 200 14032 17268 0 0 5.59 5.98 1.23 1.16 4.24 6.94 26.25 0.92 1 0 2 0 1 0 1 0 0 0
"2917" 5356 50 20106 23340 0 0 6.16 6.33 3.64 0.78 3.84 13.92 27.57 0.99 1 1 2 1 1 0 1 1 0 0
"2918" 5362 240 20218 23453 0 0 5.48 6.77 1.24 1.11 5.08 8.74 26.51 0.85 1 0 3 0 1 1 1 0 0 1
"2919" 5363 240 19590 22825 0 0 6.22 6.16 0.84 2.1 3.66 2.82 26.8 0.79 2 0 2 0 1 0 1 1 0 0
"2920" 5368 200 15679 18908 0 0 5.54 5.1 0.7 1.29 3.48 4.96 23.94 0.88 1 1 3 1 0 0 1 0 0 0
"2921" 5369 200 15561 18788 0 0 5.99 5.12 0.67 1 3.8 3.82 26.54 0.93 1 1 2 0 1 0 1 0 0 1
"2922" 5370 200 15882 19109 0 0 6.22 6.19 0.76 1.21 4.62 7.53 25.95 0.77 2 1 3 1 1 0 1 1 0 1
"2923" 5373 53 16444 19668 0 1 7.06 4.95 0.94 1.31 3.2 6.19 30.36 1.04 1 1 2 0 1 1 1 0 0 1
"2924" 5374 200 13651 16875 0 0 5.99 4.56 1.05 1.49 2.58 5.92 27.6 0.91 1 1 2 0 1 0 1 0 0 0
"2925" 5381 128 16738 19959 0 1 6.95 5.91 1.1 1.3 4.09 15.12 27.75 1.05 1 1 2 0 0 0 1 0 0 0
"2926" 5386 240 20717 23934 0 0 5.59 5.85 1.37 1.39 3.82 4.74 23 0.76 2 0 2 1 0 0 1 0 0 1
"2927" 5391 200 15411 18626 0 0 5.82 5.68 1.78 1.24 3.6 2.67 21.09 0.88 1 0 3 0 1 0 0 0 1 1
"2928" 5403 128 20977 24180 0 0 6.05 4.19 1.54 0.99 2.47 10.07 27.61 0.88 2 0 2 0 1 0 0 0 0 0
"2929" 5404 106 27769 30268 1 1 14.35 5.98 1.46 1.34 3.95 8.76 27.1 0.85 2 0 2 1 1 0 1 0 0 0
"2930" 5405 106 14283 17486 0 0 5.93 4.29 0.7 1.55 2.41 6.2 21.71 0.78 2 1 3 1 1 0 1 NA 0 1
"2931" 5407 106 15587 18790 0 0 6.89 6.08 1.22 1.54 3.96 7.71 26.54 0.9 1 1 3 0 1 0 1 0 0 1
"2932" 5408 128 22378 25580 0 0 6.89 5.52 2.39 1.17 3.23 20.47 25.34 0.86 2 0 1 0 1 0 0 1 0 0
"2933" 5411 201 18743 21932 0 0 6.27 4.66 1.93 1.14 2.61 12.2 28.55 0.83 2 1 2 0 1 0 0 0 0 0
"2934" 5412 200 13578 16662 0 0 5.99 4.71 0.73 1.09 3.28 4.7 25.07 0.93 1 0 2 NA NA NA NA NA NA NA
"2935" 5413 200 15994 19182 0 0 5.54 3.88 0.56 1.36 2.25 4.54 21.41 0.77 2 0 2 0 1 0 1 1 0 1
"2936" 5414 200 16854 20042 0 0 6.22 4.09 0.88 1.31 2.37 5.91 24.11 0.91 1 1 2 1 0 0 1 0 0 0
"2937" 5415 178 21900 24835 0 0 6.84 5.95 1.64 1.53 3.65 17.33 29.76 1.07 1 0 2 0 0 0 1 0 0 0
"2938" 5417 128 23977 27178 0 0 5.54 4.09 0.89 1.27 2.4 6.26 21.43 0.95 1 0 2 0 1 0 0 0 0 0
"2939" 5418 128 20383 23584 0 0 5.65 7.06 1.24 1.66 4.82 5.34 23.09 0.74 2 0 2 0 1 0 0 1 0 NA
"2940" 5419 128 17396 20597 0 1 11.58 6.99 6.37 NA NA 16.12 30.76 1.07 1 1 2 0 1 0 0 1 0 0
"2941" 5422 128 18318 21505 0 0 6.78 7.01 1.4 1.38 4.97 10.56 25.56 0.85 2 0 1 0 0 0 0 1 0 0
"2942" 5423 106 25351 28538 0 1 7.06 7 0.81 1.67 4.95 10.32 24.16 0.91 1 1 NA 1 1 0 1 1 0 0
"2943" 5424 106 23407 26594 0 1 8.31 5.97 0.88 1.14 4.42 12.11 26.84 0.95 1 1 2 1 1 0 1 0 0 0
"2944" 5427 128 16512 19701 0 0 6.44 6.81 2.88 0.93 4.52 22.3 27.46 0.98 1 1 2 0 1 0 0 0 0 0
"2945" 5428 128 24416 27604 0 0 6.78 5.27 2.44 1.04 3.09 12.25 24.57 0.82 2 0 2 0 1 0 0 1 0 0
"2946" 5433 128 22547 25734 0 0 6.27 6.17 1.69 1.21 4.17 20.34 27.12 0.99 1 0 2 0 1 0 0 0 0 0
"2947" 5435 106 26591 29776 0 1 7.12 5.1 1.24 0.83 3.68 15.66 27.25 0.89 2 0 2 1 0 1 0 0 0 0
"2948" 5437 200 14353 17535 0 0 5.88 3.82 0.53 1.53 2.04 8.23 23.34 0.78 2 0 2 0 1 1 1 0 0 1
"2949" 5438 106 13208 16388 0 0 NA NA NA NA NA NA NA NA 1 NA NA 1 0 0 1 0 0 1
"2950" 5443 128 15314 18494 0 0 5.76 6.82 1.02 1.23 5.11 7.23 27.47 0.94 1 0 3 0 1 0 0 0 1 0
"2951" 5444 128 14017 17197 0 0 5.25 4.8 0.72 1.7 2.76 3.68 21.88 0.82 2 1 3 0 0 0 1 0 1 1
"2952" 5447 16 23819 26994 0 0 6.44 7.51 2.24 1.25 5.21 17.4 33 0.89 2 0 2 1 1 0 1 0 0 1
"2953" 5448 178 18265 21199 0 0 6.38 6.33 1.3 1.17 4.55 7.6 25.46 0.79 2 0 3 1 0 0 1 0 0 0
"2954" 5449 175 19858 23032 0 1 6.95 5.45 2.69 0.86 3.33 8.41 25.35 0.99 1 0 2 1 1 0 0 1 0 1
"2955" 5450 106 16336 19516 0 1 18.87 5.59 2.01 1.15 3.5 4.39 24.3 0.92 1 1 2 1 0 0 0 0 0 0
"2956" 5451 240 13317 16491 0 0 5.71 5.05 1.13 1.22 3.3 4 25.4 0.91 1 0 3 0 1 1 0 0 0 NA
"2957" 5453 128 19022 22197 0 1 8.19 5.68 1.04 1.15 4.04 37.61 39.55 1.15 1 1 1 0 1 0 1 0 0 1
"2958" 5457 709 15005 18170 0 0 6.1 5.21 2.24 1.17 2.99 10.79 32.74 1.05 1 0 2 1 1 0 1 1 0 0
"2959" 5458 709 15748 18913 0 0 5.93 4.99 0.78 1.02 3.61 5.04 23.88 0.8 2 0 3 1 0 0 1 0 0 1
"2960" 5461 200 15122 18295 0 0 5.82 5.7 1.67 1.2 3.72 11.58 24.42 0.96 1 1 2 0 1 0 0 0 0 1
"2961" 5463 200 13234 16399 0 0 5.42 4.41 0.63 1.34 2.77 8.67 24.03 0.77 2 1 2 0 1 1 1 1 0 1
"2962" 5464 708 26458 28427 1 1 13.9 6.14 3.11 1.1 3.58 5.27 25.34 0.92 2 0 1 1 1 0 0 0 0 NA
"2963" 5465 127 28037 31210 0 1 8.08 4.91 1.03 1.21 3.22 22.08 32.65 1.05 1 1 1 1 1 NA 1 0 0 1
"2964" 5469 131 27129 30288 0 1 15.09 5.52 1.57 1.18 3.6 6.17 21.91 0.84 2 0 2 0 1 0 0 0 0 0
"2965" 5470 131 22757 25917 0 0 5.65 4.62 1.15 1.26 2.82 9.56 29.33 0.8 2 0 3 1 1 0 1 0 0 1
"2966" 5471 131 22239 25398 0 0 6.05 5.37 1 1.12 3.78 10.62 25.15 0.83 2 0 2 1 1 0 0 0 0 1
"2967" 5472 131 20258 23417 0 0 5.71 5.95 1.76 1.07 4.05 6.36 23.67 0.89 1 1 2 1 1 0 0 0 0 0
"2968" 5473 201 14072 17231 0 0 5.54 4.84 0.62 1.34 3.21 2.38 22.28 0.88 1 1 2 0 1 0 0 0 0 0
"2969" 5474 201 13943 17102 0 0 4.86 3.37 1.83 0.53 1.98 4.61 19.35 0.77 2 0 2 0 1 0 0 0 1 0
"2970" 5480 128 28154 31312 0 0 6.67 5.36 1.02 1.28 3.6 10.76 26.56 1 1 1 2 0 1 0 1 0 0 NA
"2971" 5482 496 25013 28179 0 0 5.37 3.85 0.53 1.34 2.26 4.76 21.22 0.87 1 0 2 1 0 0 0 1 0 0
"2972" 5483 496 22973 26139 0 0 5.88 5.35 1.05 1.69 3.16 13.83 30.02 0.8 2 0 2 1 1 0 0 1 0 0
"2973" 5484 708 25559 28723 0 0 6.1 8.27 2.25 1.04 6.17 5.76 19.45 0.84 2 0 2 1 1 0 0 0 0 1
"2974" 5485 708 26900 28955 1 1 13.39 6.56 2.43 0.82 4.59 7.8 25.31 1.01 1 1 3 0 0 0 0 0 0 1
"2975" 5486 106 15126 18287 0 0 5.65 5.2 1.13 1.3 3.37 7.5 26.65 0.83 2 1 2 0 1 0 1 0 0 1
"2976" 5487 200 15621 18778 0 0 6.55 5.95 0.92 1.46 4.06 21.46 30.44 0.86 2 0 2 1 0 1 1 0 0 1
"2977" 5488 200 17861 21018 0 1 6.95 4.28 1.29 1.19 2.48 16.56 29.96 1.03 1 1 2 0 1 0 0 NA NA 1
"2978" 5489 709 22373 25506 0 0 4.97 5.52 1.26 1.18 3.75 6.64 27.61 0.86 2 0 2 1 1 0 1 1 0 0
"2979" 5494 178 18649 21583 0 0 5.99 6.22 1.23 1.37 4.27 7.56 24.11 0.93 1 0 2 1 0 1 0 0 0 0
"2980" 5495 178 22526 25459 0 0 6.1 5.19 0.64 1.56 3.32 7.84 27.22 1.01 1 0 2 NA NA NA 1 NA NA NA
"2981" 5497 161 18751 21876 0 1 11.64 6.23 1.21 1.3 4.36 5.75 40.4 0.92 2 0 2 1 1 0 1 0 0 0
"2982" 5498 161 23595 26720 0 0 5.88 4.65 1.79 1.04 2.77 45.47 22.53 0.96 1 1 2 0 0 0 0 0 0 0
"2983" 5499 201 19740 22862 0 1 12.32 5.43 3.33 1.05 2.82 18.14 33.81 1.01 1 0 2 0 1 0 1 1 0 0
"2984" 5500 5027 23932 27062 0 1 8.59 7.44 1.45 1.25 5.51 9.22 33.25 0.99 1 1 1 0 0 0 1 1 0 0
"2985" 5501 162 25669 28800 0 1 11.13 5.75 3.97 0.86 3.02 27.73 27.1 0.93 1 1 2 1 0 0 1 0 0 1
"2986" 5502 162 24802 27933 0 0 6.61 5.59 1.19 1.28 3.75 6.52 24.09 0.79 2 1 3 0 1 0 1 0 0 0
"2987" 5503 201 19940 23072 0 0 5.65 5.6 1.41 1.53 3.41 11.06 40.56 0.88 2 0 2 1 0 0 0 0 0 NA
"2988" 5504 130 26872 29848 0 1 14.18 8.1 3.28 1.18 5.38 12.7 30.12 0.93 2 1 2 0 1 0 0 0 0 1
"2989" 5505 164 22761 25887 0 1 9.38 6.69 1.55 1.41 4.55 36.15 31.19 0.87 2 0 3 0 1 1 0 0 0 1
"2990" 5506 165 26249 29096 1 1 12.6 5.07 0.87 1.32 3.35 2.85 19.03 0.85 1 0 2 0 0 1 1 0 0 0
"2991" 5507 165 24753 27883 0 0 6.22 6.55 1.06 1.42 4.63 5.26 23.15 0.89 2 0 2 1 0 1 1 0 0 1
"2992" 5508 165 27541 30671 0 0 5.82 5.47 1.07 1.32 3.65 3.74 25.25 0.8 2 0 3 1 0 0 1 0 0 0
"2993" 5510 166 25368 26955 1 1 13.73 4.46 1.06 1.25 2.71 5.56 24.27 0.97 1 1 2 0 1 1 1 1 0 1
"2994" 5511 166 24530 27652 0 0 6.33 6.01 2.29 1.31 3.62 11.16 32.26 0.93 2 0 2 1 0 0 0 0 0 1
"2995" 5512 130 28387 31118 1 1 NA NA NA NA NA NA NA NA 2 0 NA 1 1 0 0 0 0 1
"2996" 5513 200 13253 16431 0 0 6.27 4.18 0.88 1.28 2.49 14.43 38.71 0.92 2 1 2 0 0 0 1 1 0 1
"2997" 5514 708 17526 20650 0 0 5.71 6.55 1.32 1.33 4.6 4.61 27.49 0.84 2 0 2 1 0 0 0 0 0 1
"2998" 5515 708 16680 19804 0 0 6.67 5.84 2.33 1.12 3.62 15.72 31.9 1.02 1 0 2 0 1 0 0 1 0 1
"2999" 5516 177 22778 25896 0 1 10.79 6.81 1.38 1.85 4.31 11.42 27.53 0.88 2 0 1 0 1 0 1 0 0 0
"3000" 5517 177 26255 29373 0 0 5.48 4.17 1.16 0.95 2.67 3.79 18.4 0.91 1 1 1 1 0 0 0 1 0 0
"3001" 5521 165 22249 25368 0 0 6.55 6.2 1.1 1.23 4.45 9.79 26.15 1.01 1 1 2 0 1 1 1 0 0 0
"3002" 5522 165 26904 30023 0 1 6.67 6.93 0.96 1.75 4.73 8.36 27.3 0.87 2 0 2 0 1 1 1 0 0 0
"3003" 5523 165 25439 28558 0 1 7.74 6.74 1.43 1.34 4.73 4.35 25.92 0.87 2 0 2 1 0 1 1 0 0 0
"3004" 5530 129 25077 28189 0 1 13.84 5.68 1.78 1.48 3.37 23.58 34.38 0.95 2 0 2 1 0 0 1 0 0 1
"3005" 5531 129 26370 29482 0 1 8.64 5.61 1.21 1.39 3.65 45.58 52.33 0.96 2 0 2 0 1 0 1 0 0 1
"3006" 5533 162 15870 18979 0 0 6.72 4.9 1.03 1.39 3.03 8.61 21.39 0.77 2 1 2 0 0 0 1 0 0 0
"3007" 5535 161 12814 15922 0 1 7.01 4.71 0.9 0.94 3.35 10.9 20.97 0.9 1 0 3 0 1 0 1 0 0 0
"3008" 5537 177 13032 16144 0 0 5.93 5.26 2.61 0.87 3.17 12.24 23.12 0.9 1 1 2 0 0 0 1 0 0 0
"3009" 5541 177 14615 17720 0 0 5.08 5.83 1.73 1.54 3.48 7 20.83 0.86 1 0 2 0 1 0 1 1 0 0
"3010" 5542 177 14785 17890 0 0 5.65 5.06 0.98 1.54 3.05 13.96 25.56 0.85 2 0 2 1 0 0 1 1 0 1
"3011" 5543 129 25740 27002 1 1 11.3 4.77 1.55 1.24 2.8 37.43 44.1 0.99 1 1 2 1 1 0 1 0 0 0
"3012" 5544 129 26812 29916 0 1 7.57 4.09 1.02 1.17 2.44 19.53 31.06 1.05 1 1 2 0 1 0 1 0 0 0
"3013" 5545 163 13779 16882 0 0 5.99 5.73 2 1.14 3.65 15.16 25.06 0.91 1 1 2 1 1 0 1 0 0 0
"3014" 5547 128 16732 19835 0 0 5.76 5.77 0.59 1.52 3.98 8.8 18.98 0.73 2 1 1 1 1 1 0 0 0 0
"3015" 5548 708 16276 19374 0 0 6.38 5.9 2.47 1.02 3.72 11.52 27.16 0.93 1 0 2 0 1 0 0 0 0 1
"3016" 5549 164 25690 27717 1 1 7.12 3.29 1.82 0.83 1.61 19.84 25.66 0.89 1 1 3 0 1 1 0 0 0 0
"3017" 5550 164 25706 28800 0 0 6.67 4.44 0.64 1.77 2.37 5.89 24.4 0.84 2 0 3 0 0 0 0 0 0 NA
"3018" 5554 662 27935 29820 1 1 12.94 6.2 2.96 1.01 3.8 18.5 30.46 0.84 2 0 2 1 1 0 0 0 0 1
"3019" 5555 696 24821 27924 0 1 13.45 6.94 3.48 1.15 4.15 16.53 26.56 0.9 2 0 2 1 1 0 NA 1 0 1
"3020" 5556 163 24600 27423 1 1 13.11 5.35 1.44 1.29 3.38 10.96 31.63 0.94 2 0 2 1 1 0 1 0 0 1
"3021" 5557 130 25430 28531 0 0 6.61 5.85 0.93 2.17 3.24 4.74 21.34 0.74 2 0 3 1 1 0 0 0 0 1
"3022" 5558 200 15412 18513 0 0 5.82 4.69 0.65 1.45 2.94 4.9 22.09 0.83 1 1 2 1 1 0 1 1 0 0
"3023" 5559 177 21277 24375 0 0 6.05 6.07 1.37 1.58 3.84 6.17 21.76 0.79 2 1 2 0 1 0 1 0 0 1
"3024" 5560 177 19725 22823 0 0 6.67 7.03 2.1 1.44 4.61 8.89 28.08 1 1 1 2 0 1 0 1 0 0 NA
"3025" 5561 177 23664 26762 0 0 5.71 6.87 1.13 2.42 3.92 5.83 24 0.76 2 0 1 0 1 0 1 0 0 0
"3026" 5562 162 29082 29828 1 1 12.49 4.4 2.07 0.76 2.67 28.7 27.91 1 1 1 2 1 0 1 0 0 0 1
"3027" 5563 162 25674 28771 0 0 6.5 7.22 1.13 1.39 5.29 7.32 29.08 0.78 2 0 2 1 0 0 1 1 0 0
"3028" 5564 162 24905 28002 0 0 6.55 6.17 2.11 0.86 4.32 10.12 25.8 0.91 2 0 2 1 0 0 1 0 0 1
"3029" 5568 162 26527 29624 0 1 8.31 6.7 2.85 0.74 4.62 33.76 34.81 1.07 1 1 1 0 1 1 0 0 0 1
"3030" 5569 177 21885 24981 0 0 5.93 6.38 0.76 1.38 4.64 5.84 29 0.95 1 0 2 0 1 0 1 0 0 1
"3031" 5570 130 27690 28856 0 0 6.44 5.04 2.08 1.38 2.69 10.57 22.41 0.84 2 1 1 0 1 0 0 0 0 1
"3032" 5571 130 23725 26821 0 1 7.63 6.23 1.61 1.68 3.8 8 26.17 0.79 2 0 3 1 1 0 0 0 0 0
"3033" 5572 201 15887 18974 0 0 6.5 5.56 0.8 1.61 3.57 4.67 28.73 0.85 2 1 3 0 0 0 1 NA 1 1
"3034" 5573 162 28120 31211 0 0 6.05 5.96 0.78 1.55 4.05 6.38 23.83 0.76 2 0 2 0 1 0 0 0 0 1
"3035" 5575 200 14409 17500 0 0 5.93 5.8 1.86 1.14 3.79 5.52 26.03 0.88 1 0 3 0 1 0 1 0 0 0
"3036" 5576 708 17519 20609 0 0 6.33 6.7 1.43 1.51 4.52 3.88 27.97 0.92 2 1 1 0 1 0 0 0 0 1
"3037" 5578 128 23536 26617 0 0 6.44 1.28 4.35 1.04 NA 5.4 24.54 0.96 1 1 1 0 1 0 0 1 0 0
"3038" 5579 128 23326 26407 0 0 6.05 6.79 1.07 2.05 4.24 5.69 22.43 0.86 2 0 2 0 1 1 NA 0 0 1
"3039" 5580 200 14309 17393 0 0 6.78 4.2 0.99 1.14 2.6 8.28 23.98 0.87 2 0 2 0 1 0 1 0 0 1
"3040" 5581 130 19967 23050 0 0 6.16 4.5 0.57 1.68 2.55 4.72 18.56 0.78 2 1 2 1 1 0 1 0 0 0
"3041" 5582 130 26119 29209 0 0 6.61 5.11 1.49 1.27 3.13 11.02 30.74 1 1 1 2 1 1 0 1 0 0 1
"3042" 5583 166 21952 25041 0 1 16.78 6.51 2.59 1.04 4.25 8.14 30.87 1.1 1 0 2 0 1 0 1 0 0 1
"3043" 5584 163 23676 26765 0 1 18.98 5.9 4.46 NA NA 37.17 33.27 1.1 1 1 2 1 1 0 1 0 0 1
"3044" 5585 201 16472 19559 0 0 6.16 6.48 0.74 1.78 4.35 4.51 26.45 0.89 1 1 3 1 0 0 1 1 0 1
"3045" 5586 201 14848 17909 0 0 6.05 5.65 1.31 1.56 3.48 9.85 26.42 0.85 2 1 2 1 0 1 0 0 1 0
"3046" 5587 91 17059 20141 0 0 5.88 5.71 1.69 1.46 3.45 9.04 26.06 1.01 1 0 2 0 1 0 1 0 0 0
"3047" 5588 163 23045 26128 0 1 8.14 6.55 1.69 1.14 4.61 13.56 50.04 0.94 2 NA 1 1 0 0 0 1 0 1
"3048" 5589 166 18668 21750 0 1 14.01 6.49 1.92 0.81 4.78 5.88 25.52 1.01 1 1 2 1 1 1 1 0 0 1
"3049" 5590 166 17955 21037 0 1 6.61 5.68 2.49 0.9 3.61 16.58 25.69 0.83 2 0 3 0 1 0 1 0 1 1
"3050" 5591 177 24261 27344 0 1 10 5.25 0.84 1.43 3.43 8.01 25.16 1.04 1 1 2 0 1 0 1 0 0 1
"3051" 5592 177 22871 25954 0 0 6.27 5.51 0.98 1.1 3.95 9.26 37.41 0.92 2 0 1 0 1 0 NA 0 0 0
"3052" 5593 167 28446 31534 0 1 NA NA NA NA NA NA NA NA 2 0 NA 0 1 0 1 0 0 0
"3053" 5594 161 27190 30265 0 1 22.49 NA NA NA NA NA NA NA 2 0 NA 0 0 0 0 0 0 0
"3054" 5595 161 25315 26444 1 1 9.83 NA NA NA NA NA NA NA 2 0 NA 0 0 0 0 0 0 0
"3055" 5596 169 26792 27717 1 1 8.59 3.52 1.51 0.91 1.9 19.65 41.18 0.98 2 1 1 1 0 0 0 1 0 0
"3056" 5597 167 26401 29467 0 1 10.06 5.3 1.01 1.29 3.54 5.18 23.53 0.81 2 0 2 1 0 1 NA 0 0 0
"3057" 5598 178 24977 28058 0 1 6.78 5.02 1.3 1.46 2.95 11.19 33.56 0.79 2 0 2 0 1 0 1 0 0 0
"3058" 5599 162 17018 20100 0 0 6.16 6.43 2.1 1.24 4.2 11.66 23.8 0.99 1 1 2 0 1 0 NA 0 0 1
"3059" 5600 163 26337 29417 0 0 5.99 4.59 0.75 1.5 2.74 6.52 24.68 0.96 1 1 2 0 1 0 1 0 0 1
"3060" 5601 170 24809 27883 0 1 14.41 4.64 1.59 0.97 2.92 14.08 28.49 1.03 1 1 2 0 1 0 1 0 0 0
"3061" 5602 170 23808 26882 0 0 6.16 5.44 1.07 1.41 3.53 13.9 31.42 0.88 2 0 NA 0 1 0 0 0 0 0
"3062" 5603 171 22125 25201 0 1 11.3 5.59 0.73 1.99 3.25 10.7 22.23 0.79 2 0 2 1 0 0 1 0 0 0
"3063" 5604 171 21783 24859 0 0 6.5 6.97 1.05 1.16 5.31 5.88 22.48 0.96 1 1 2 0 1 0 1 1 0 0
"3064" 5605 227 32471 34099 0 1 20.45 NA NA NA NA NA NA NA 2 NA NA 0 1 0 0 0 0 1
"3065" 5606 170 27046 27600 1 1 8.59 NA NA NA NA NA NA NA 2 0 1 1 1 0 0 1 0 1
"3066" 5607 168 30477 33551 0 1 12.2 4.94 2 1.14 2.86 22.26 30.29 0.78 2 0 2 0 0 0 0 1 0 1
"3067" 5608 167 30718 33630 1 1 9.94 4.82 0.87 1.28 3.13 5 24.77 0.95 2 0 1 0 1 0 1 0 0 0
"3068" 5609 166 22531 25600 0 1 9.04 5.15 1.79 1.06 3.25 21.82 33.04 1.08 1 1 2 1 1 0 0 0 0 1
"3069" 5610 166 20607 23676 0 0 5.76 5.33 0.67 1.99 3.03 4.63 32.72 0.64 2 0 2 0 1 1 0 1 0 1
"3070" 5611 685 18258 21326 0 1 15.71 3.99 2.38 1.02 1.86 9.74 33.98 1.02 2 0 2 1 1 0 NA 0 0 1
"3071" 5615 708 17741 20809 0 0 6.5 5.45 1.04 2.21 2.76 5.99 23.33 0.9 1 1 2 1 0 1 1 1 0 1
"3072" 5616 708 17952 21020 0 0 6.16 5.53 0.91 1.18 3.92 3.58 21.59 0.82 2 1 2 1 0 0 0 0 0 1
"3073" 5617 691 27212 30281 0 1 13.62 3.87 1.82 0.63 2.38 21.29 27.47 1.01 1 1 2 1 0 0 1 0 0 0
"3074" 5618 691 28040 29926 1 0 6.5 6.76 1.68 1.61 4.36 13.37 20.8 0.78 2 0 1 0 1 0 1 0 0 0
"3075" 5622 698 22708 25775 0 0 6.55 7.63 1.07 2.22 4.9 13.06 29.36 0.78 2 0 2 0 1 0 1 0 0 1
"3076" 5624 172 26480 29553 0 1 9.38 5.7 1.39 1.2 3.84 14.96 26.14 0.9 2 0 2 0 1 0 1 0 0 0
"3077" 5625 499 23766 26829 0 1 8.02 6.73 2.25 1.12 4.55 21.1 32.76 1.04 2 0 1 0 0 0 0 0 0 1
"3078" 5626 169 26642 29705 0 0 6.67 5.44 4.28 1.36 NA 13.36 31.21 1.05 1 1 2 0 0 0 NA 1 0 1
"3079" 5627 201 14723 17784 0 0 5.65 6.59 2.77 1.08 4.21 7.73 26.49 0.93 1 1 3 1 1 0 0 0 1 1
"3080" 5628 181 28572 31633 0 1 8.02 4.79 2.8 0.76 2.71 11.62 30.78 1.01 1 1 2 0 1 0 1 0 0 1
"3081" 5629 181 28556 30352 0 1 10.79 4.55 1.14 1 3.01 11.44 28.73 0.82 2 0 2 0 1 0 1 0 0 0
"3082" 5630 168 32063 32790 1 1 9.15 NA NA NA NA NA NA NA 1 1 NA 0 0 0 1 NA 0 0
"3083" 5631 169 29203 30546 1 1 10.74 NA NA NA NA NA NA NA 1 1 NA 1 1 0 1 1 0 0
"3084" 5632 170 23808 26870 0 1 19.1 NA NA NA NA NA NA NA 2 0 NA 0 1 0 0 0 0 0
"3085" 5633 179 24189 27252 0 1 9.94 5.27 1.75 1.06 3.39 6.21 28.01 0.96 1 1 2 1 0 0 0 1 0 0
"3086" 5634 179 23540 26603 0 0 6.89 4.54 1.12 0.89 3.12 16.55 36.06 0.84 2 1 2 1 0 0 0 0 0 1
"3087" 5635 170 29518 32580 0 1 7.34 NA NA NA NA NA NA NA 1 1 NA 0 1 0 1 1 1 1
"3088" 5636 500 22390 25449 0 1 10.79 5.45 1.08 0.94 4 8.46 28.09 0.92 1 1 2 0 1 0 NA 0 0 0
"3089" 5637 178 20540 23413 1 1 15.65 5.15 1.13 1.48 3.14 28.42 39.97 1.15 1 1 1 1 1 0 1 0 0 1
"3090" 5638 129 18111 21160 0 0 6.72 4.72 1.15 1.14 3.04 21.44 42.72 0.97 2 0 2 1 1 0 1 0 0 1
"3091" 5639 129 18803 21852 0 0 5.82 5.99 0.97 1.72 3.81 5.4 24.14 0.96 1 1 1 1 1 0 0 0 0 0
"3092" 5640 129 17427 20476 0 0 5.54 6.28 0.77 2.02 3.9 5.52 31.06 0.85 2 0 2 0 0 0 1 0 0 1
"3093" 5641 129 16716 19765 0 0 6.84 5.84 0.58 1.06 4.5 8.55 28.08 0.99 1 1 2 1 1 0 0 0 0 1
"3094" 5642 171 26460 29508 0 0 6.27 5.75 1.03 0.92 4.35 6.58 26.77 0.94 2 0 1 1 0 0 1 0 0 0
"3095" 5643 171 27725 30773 0 0 5.93 4.98 0.89 1.69 2.87 NA 28.17 0.83 2 0 2 1 0 0 1 0 0 1
"3096" 5644 171 26969 30017 0 1 12.32 5.45 1.98 0.87 3.65 19.58 25.22 0.86 2 0 2 1 1 0 1 0 0 1
"3097" 5645 171 29195 32243 0 0 5.88 5.7 1.75 1.15 3.73 14.69 31.06 0.95 2 0 1 1 1 0 1 0 0 0
"3098" 5646 180 29695 29795 1 1 13.84 7.02 6 NA NA 15.95 24.67 0.82 2 0 2 1 1 0 1 0 0 0
"3099" 5647 165 20479 20689 1 1 5.42 7.41 1.9 0.8 5.71 33.88 42.34 1.16 1 1 1 0 0 0 1 0 0 0
"3100" 5648 232 23485 26541 0 1 13.22 8.06 1.66 1.56 5.72 45.48 25.87 0.93 2 0 NA 1 1 0 1 0 0 0
"3101" 5649 232 23854 26910 0 1 7.34 5.99 0.7 1.44 4.22 7.34 24.15 0.93 1 0 2 1 0 0 1 0 0 1
"3102" 5650 172 21675 24723 0 1 7.63 5.58 1.08 1.2 3.87 8.31 28.72 1 1 0 2 0 1 0 1 0 0 0
"3103" 5651 172 20682 23729 0 0 6.5 5.74 1.2 1.32 3.86 8.07 25.16 0.91 2 1 2 0 1 1 0 0 0 1
"3104" 5652 182 26888 27023 1 1 21.7 NA NA NA NA NA NA NA 2 0 1 1 0 0 1 0 0 0
"3105" 5653 179 24207 27252 0 0 5.71 5.95 2.29 1.22 3.65 11.6 32.26 0.84 2 0 2 1 0 0 1 0 0 0
"3106" 5654 179 25227 26633 1 1 13.45 6.87 1.98 1.26 4.68 19.57 35.84 0.92 2 1 1 1 0 0 0 0 0 1
"3107" 5655 165 29602 32661 0 0 5.99 4.49 1.05 1.16 2.84 7.79 27.89 1.07 1 0 NA 0 0 0 1 0 0 1
"3108" 5656 180 30371 31684 1 1 15.59 NA NA NA NA NA NA NA 2 NA NA 0 1 0 1 0 0 1
"3109" 5658 181 28587 31633 0 0 5.88 5.72 2.88 0.67 3.69 13.26 24.49 0.98 1 1 2 1 1 0 1 0 1 NA
"3110" 5659 181 27055 30101 0 0 6.67 6.52 0.9 1.7 4.39 6.44 28.44 0.87 2 0 2 1 0 0 1 1 0 0
"3111" 5660 182 23754 26801 0 1 6.78 6.75 2.16 1.24 4.5 14.68 24.84 0.89 2 0 2 0 1 0 1 0 0 0
"3112" 5661 500 24931 27971 0 0 6.16 8.61 1.04 2.59 5.53 8.56 19.94 0.77 2 0 2 0 1 0 1 1 0 0
"3113" 5662 169 24118 27158 0 0 6.27 5.92 1.85 0.89 4.16 16.43 32.26 1.08 1 1 2 1 1 0 0 0 0 0
"3114" 5663 169 24118 27158 0 1 7.8 5.4 1.42 1.19 3.54 9.32 27.31 0.98 1 1 2 1 0 0 1 0 0 0
"3115" 5664 169 27768 30808 0 1 7.18 5.33 2.73 0.94 3.1 21.64 28.86 0.76 2 0 2 1 0 0 0 1 0 0
"3116" 5665 175 20682 23729 0 0 5.99 5.71 1.16 1.25 3.92 7.52 23.2 0.89 1 1 2 1 1 0 0 0 0 1
"3117" 5666 251 20019 23065 0 1 10.62 6.29 1.14 1.06 4.7 11.88 28.23 0.86 2 1 3 1 0 0 1 1 0 1
"3118" 5667 227 25920 28959 0 1 10.9 5.51 0.92 1.42 3.66 8.06 25.35 0.92 1 1 3 0 0 0 1 0 0 0
"3119" 5668 227 24598 27637 0 0 5.42 6.69 1.31 1.46 4.61 6.5 28.15 0.9 2 0 3 1 0 0 1 0 0 1
"3120" 5669 664 26898 28271 0 1 10.96 6.26 1.31 1.14 4.5 11.11 32.05 0.91 2 0 1 1 0 0 0 0 1 0
"3121" 5670 218 27147 29574 0 1 19.66 6.07 2.52 0.81 4.08 16.02 25.16 0.99 1 1 1 1 0 0 1 0 0 0
"3122" 5671 524 22469 25503 0 1 7.46 7.67 1.52 1.8 5.16 27.74 27.29 0.96 2 0 2 1 1 0 0 0 0 0
"3123" 5672 524 24016 27050 0 0 6.33 6.87 0.99 2.04 4.37 6.67 26.42 0.94 1 1 2 0 1 0 1 0 0 NA
"3124" 5676 166 24740 27775 0 1 9.72 5.12 2.38 0.89 3.11 15.82 31.41 1.11 1 1 3 1 1 0 1 0 1 0
"3125" 5677 166 22817 25852 0 1 7.4 5.12 1.49 1.88 2.54 5.96 22.15 0.78 2 0 2 0 1 0 0 0 0 1
"3126" 5678 178 27515 30082 0 1 15.2 4.91 1 1.96 2.48 11.2 25.91 1 1 1 2 1 1 0 1 0 0 0
"3127" 5679 689 25911 28945 0 1 15.59 6.09 2.16 1.15 3.93 10.77 25.24 0.95 2 1 2 0 1 0 0 0 1 1
"3128" 5681 222 21217 24244 0 1 10.57 4.83 1.98 0.91 2.99 12.02 30.8 0.99 1 0 2 0 0 0 1 0 0 1
"3129" 5682 692 27883 29424 1 1 8.14 6.13 1.33 1.92 3.59 124.94 22.51 0.88 2 0 2 0 1 0 1 0 0 1
"3130" 5683 833 26732 29759 0 1 11.53 6.15 1.18 1.32 4.28 9.72 23.45 0.92 1 0 3 1 1 0 1 0 0 0
"3131" 5684 218 27913 30841 0 1 11.75 5.15 1.3 1.3 3.24 15.94 33.32 0.92 2 0 2 1 0 0 1 0 0 0
"3132" 5685 666 17816 19107 0 1 9.15 6.69 0.83 1.63 4.67 19.43 22.54 0.8 2 1 2 0 1 0 NA 0 0 1
"3133" 5686 666 17556 20577 0 0 6.22 4.96 1.27 1.14 3.22 6.52 23.78 0.96 1 1 2 0 1 0 NA 0 0 1
"3134" 5688 702 19070 22087 0 0 5.99 4.11 0.9 1.06 2.63 4.76 26.63 0.88 2 0 2 1 1 0 1 0 0 0
"3135" 5690 702 20480 23497 0 0 6.55 7.05 1.01 1.44 5.14 6.74 23.24 0.88 1 1 2 1 0 0 1 0 0 0
"3136" 5691 682 26626 29492 0 1 11.53 7.29 3.62 1.11 4.48 17.36 25.88 0.85 2 0 1 1 0 0 1 1 1 0
"3137" 5692 674 24161 26625 1 1 13.45 6.5 3.15 1.12 3.9 48.82 44.89 1.11 2 0 1 1 1 0 NA 1 0 0
"3138" 5693 163 23210 26236 0 0 6.78 6.14 1.46 1.21 4.25 14.78 36.81 1.02 2 0 2 1 0 NA 1 0 0 1
"3139" 5694 163 22730 25756 0 1 7.68 5.17 1.41 1.2 3.31 8.43 28.07 0.98 1 0 2 1 0 0 1 0 0 1
"3140" 5695 163 22692 25717 0 1 7.01 7.08 6.71 NA NA 26.01 33.27 1.04 1 1 2 1 1 0 1 0 0 1
"3141" 5696 163 21939 24964 0 0 5.88 6.14 0.98 1.79 3.89 5.76 25.61 0.71 2 0 2 0 1 0 1 1 0 1
"3142" 5697 223 28073 30522 1 1 10.62 4.9 1.04 1.18 3.23 30.5 21.93 0.91 1 0 2 0 0 0 1 0 0 0
"3143" 5698 219 21249 24269 0 1 10.06 6.25 3.66 0.74 3.79 7.66 30.29 0.96 1 1 NA 1 0 0 1 0 0 1
"3144" 5700 219 24068 27088 0 1 11.24 6.07 1.43 0.92 4.48 6.48 31.21 1.04 1 1 2 1 0 0 1 0 0 1
"3145" 5702 129 23094 26118 0 1 11.19 8.09 1.45 1.07 6.34 5.68 24.5 0.8 2 0 3 0 1 0 1 0 1 1
"3146" 5703 684 17961 20982 0 1 12.2 4.62 1.54 0.94 2.96 30.02 44.08 1.07 2 1 1 0 1 1 NA 0 0 1
"3147" 5704 163 21804 24824 0 0 5.59 4.8 1.93 1.18 2.72 9.14 25.34 0.79 2 0 2 1 1 0 1 0 0 1
"3148" 5705 163 26181 29201 0 0 6.27 6.13 2.25 0.92 4.15 13.98 29.07 1.01 1 1 2 1 1 0 0 0 0 1
"3149" 5706 667 25044 28063 0 1 10.96 6.36 1.93 1.19 4.26 40.04 30.39 1 2 0 2 1 0 0 1 0 0 0
"3150" 5707 161 26302 29321 0 0 6.1 6.81 1.02 1.64 4.69 7.17 27.06 0.84 2 1 2 0 1 0 0 0 NA 0
"3151" 5708 161 24917 27936 0 0 5.65 4.38 0.92 1.6 2.35 4.82 20.57 0.86 1 1 2 0 1 1 1 0 0 1
"3152" 5709 233 28397 31416 0 1 5.31 6.13 0.89 1.74 3.97 18.8 27.76 0.89 2 0 2 1 1 0 NA 0 0 1
"3153" 5710 220 29496 32514 0 1 17.85 6.84 1.44 1.34 4.83 39.2 28.73 1.1 1 1 2 1 1 0 0 0 1 1
"3154" 5711 220 28726 31744 0 1 10.96 7.67 2.35 1.18 5.39 21.54 34.6 1.1 2 0 1 1 1 0 1 0 1 1
"3155" 5712 168 22945 25958 0 0 5.76 5.64 0.89 1.54 3.68 5.56 27.38 0.94 1 0 3 0 1 0 1 0 0 1
"3156" 5713 168 21828 24841 0 0 6.1 4.46 1.05 1.31 2.66 9.02 29.76 1.01 2 0 2 1 1 0 1 1 0 1
"3157" 5714 170 27941 30933 0 0 6.44 6.14 1.5 1.3 4.13 9.08 29.62 0.83 2 0 3 1 1 0 1 1 1 0
"3158" 5715 221 22926 25938 0 1 13.11 4.94 1.9 1.12 2.93 13.74 37.18 1 1 1 2 1 1 0 0 0 0 1
"3159" 5716 163 24149 25223 0 0 6.16 5.96 1.05 1.59 3.88 10.99 29.69 0.87 2 0 2 1 1 0 1 0 0 1
"3160" 5717 163 24347 27359 0 0 6.44 5.71 1.73 0.8 4.1 12.66 26.99 1 1 1 2 0 1 NA 0 0 0 1
"3161" 5718 222 25017 27988 1 1 11.13 5.12 1.33 1.25 3.25 16.51 41.14 0.95 2 0 2 0 1 0 1 0 0 NA
"3162" 5719 222 29839 32850 0 1 7.57 5.34 1.38 0.84 3.85 5.84 22.66 0.97 1 0 1 1 1 0 1 0 0 0
"3163" 5720 529 25523 28534 0 1 10.4 4.55 1.11 1.17 2.86 5.14 26.37 0.79 2 0 2 0 1 0 1 0 0 1
"3164" 5721 165 14148 17159 0 1 5.65 4.48 0.56 1.52 2.7 21.4 23.38 0.89 1 1 2 0 1 1 1 0 0 0
"3165" 5722 129 24023 27033 0 1 13.56 5.65 0.76 1.64 3.65 3.87 25.78 0.92 1 0 2 0 1 0 1 0 1 1
"3166" 5723 223 28077 31098 0 1 11.98 NA NA NA NA NA NA NA 2 0 1 1 0 0 1 0 0 0
"3167" 5724 221 22370 25382 0 1 8.42 4.39 1.29 1 2.78 12.04 32.15 1.1 1 1 3 1 1 0 0 0 0 0
"3168" 5725 172 13864 16848 0 0 5.88 3.36 0.59 1.51 1.57 8.66 20.45 0.75 2 0 2 0 1 0 1 0 0 0
"3169" 5726 172 24396 27400 0 0 6.55 7.4 1.21 1.35 5.48 8.14 23.54 0.82 2 1 3 0 1 0 1 NA 0 0
"3170" 5727 226 20280 23284 0 1 8.25 6.02 2.1 1.02 4.01 13.34 23.29 0.93 2 0 2 1 1 0 1 0 0 1
"3171" 5728 529 26720 29731 0 1 6.16 4.86 1.31 1.29 2.96 8.46 24.28 0.81 2 0 2 0 1 0 0 0 0 1
"3172" 5729 678 31429 31464 1 1 13.22 NA NA NA NA NA NA NA 1 NA 1 0 1 0 1 0 0 0
"3173" 5730 163 21222 24225 0 1 6.44 3.89 1.99 1.09 1.86 NA 37.97 0.97 2 0 2 1 0 0 NA 0 0 1
"3174" 5731 163 20918 23921 0 0 6.78 6.81 2.99 0.92 4.48 4.4 33.8 1.05 1 1 2 1 1 0 1 1 0 0
"3175" 5732 833 23872 26870 0 1 10.85 5.72 1.26 1.51 3.62 24.74 33.93 0.97 2 0 3 1 1 0 1 0 1 0
"3176" 5733 168 19799 22797 0 0 5.88 5.83 0.71 1.74 3.75 4.62 24.76 0.75 2 0 2 0 0 0 1 0 0 0
"3177" 5734 168 21238 24236 0 0 5.88 5.96 1.31 1.5 3.84 8.4 27.85 0.82 2 0 2 1 0 0 1 0 0 1
"3178" 5735 168 16178 19176 0 0 6.38 5.07 0.86 1.42 3.25 13.1 38.43 0.84 2 0 2 0 0 0 1 1 1 1
"3179" 5736 225 25686 28683 0 1 12.66 6.34 1.77 1.52 3.99 5.86 24.62 0.84 2 0 2 0 0 0 1 NA 0 1
"3180" 5737 225 24528 27525 0 1 19.1 7.68 2.92 0.99 5.32 9.72 23 0.94 1 0 2 1 0 0 1 1 0 1
"3181" 5738 225 21506 24503 0 1 11.07 5.67 1.15 1.84 3.29 6.54 22.07 0.78 2 0 2 0 1 0 1 1 0 1
"3182" 5739 226 23542 26517 0 1 7.01 4.14 0.85 1.22 2.52 6.29 22.91 0.92 1 1 2 0 1 0 1 0 0 1
"3183" 5740 227 27254 27272 1 1 8.7 NA NA NA NA NA NA NA 1 1 1 1 0 1 1 0 0 0
"3184" 5741 228 28598 31590 0 1 7.34 4.2 0.84 1.58 2.22 11.6 31.63 0.9 2 0 1 0 1 0 0 0 0 0
"3185" 5742 532 27690 28216 1 1 15.93 6.64 2.9 1.05 4.23 11.52 28.62 0.92 2 0 2 1 0 0 1 1 0 1
"3186" 5743 170 23430 26422 0 0 6.72 5.79 1.09 1.26 4.01 5.46 21.88 0.78 2 0 2 0 1 0 0 0 0 0
"3187" 5744 229 25924 28915 0 1 13 7.42 2.14 1.28 5.13 13.48 31.05 0.86 2 0 1 0 1 0 1 0 0 0
"3188" 5745 229 24676 25928 1 1 11.75 5.71 5.05 NA NA 20.85 23.81 0.93 1 1 1 1 0 0 1 0 0 0
"3189" 5746 692 15940 18931 0 0 5.59 7.45 1.72 1.28 5.36 5.14 26.35 0.99 1 1 2 1 1 1 1 0 0 1
"3190" 5747 172 25842 28833 0 1 7.57 5.3 1.08 1.01 3.78 8.29 24.61 1.01 1 1 2 0 1 0 0 0 0 0
"3191" 5749 168 19028 22028 0 0 6.22 7.34 1.38 1.59 5.1 9.38 31.45 1.05 1 1 2 0 0 0 1 1 0 1
"3192" 5750 172 22644 25644 0 0 6.78 5.49 0.65 1.34 3.85 5.34 26.12 0.89 1 0 2 0 1 0 1 NA NA NA
"3193" 5752 172 13844 16848 0 0 6.38 4.12 0.74 1.22 2.56 12.37 27.14 0.86 2 0 3 0 1 NA 1 1 0 0
"3194" 5753 201 19178 22164 0 1 6.78 5.43 1.58 1.12 3.56 7.17 29.73 0.89 2 0 3 0 0 0 0 0 0 1
"3195" 5754 201 22998 25984 0 0 5.93 5.56 2.62 0.89 3.44 8.12 29.32 1 1 1 3 0 1 0 0 0 0 0
"3196" 5756 168 18925 21911 0 0 5.42 7.03 1.71 2.1 4.12 4.82 21.37 0.81 2 1 2 0 1 0 1 0 0 1
"3197" 5757 168 21808 24793 0 0 5.25 4.4 1.21 1.36 2.47 5.26 19.72 0.89 1 1 3 1 0 0 1 0 0 0
"3198" 5758 235 18708 21692 0 1 10.74 7.89 4.55 1.13 NA 13.42 34.19 1.01 1 1 2 0 1 0 NA 0 0 1
"3199" 5760 163 18003 20988 0 0 6.38 7.52 6.62 NA NA 12.27 33.55 1.01 2 1 3 1 1 0 0 1 0 0
"3200" 5761 179 26322 29286 0 1 7.06 5.24 1.35 1.32 3.28 16.2 30.3 0.97 1 1 1 1 0 0 0 0 0 1
"3201" 5762 179 28310 31274 0 1 8.25 8.32 4.23 0.71 NA 11.02 28.44 0.9 2 0 1 1 0 0 1 0 1 1
"3202" 5763 222 20478 23462 0 0 5.82 5.94 2.28 1.59 3.28 8.23 25.53 0.82 2 0 2 0 1 0 0 0 0 1
"3203" 5764 231 22555 25538 0 1 10.4 5.07 1.78 1.24 2.99 9.19 30.49 0.94 2 0 3 1 1 0 0 0 1 1
"3204" 5765 231 22555 25538 0 1 10.51 4.74 1.97 1.11 2.7 10.22 30.12 0.85 2 0 2 1 1 0 0 0 1 1
"3205" 5766 232 19893 22875 0 1 12.32 7.34 1.76 1.18 5.33 19.03 26.12 0.94 1 0 2 0 1 0 1 0 0 0
"3206" 5767 232 22950 25932 0 1 8.81 6.53 1.27 1.37 4.57 8.76 26.57 0.96 1 0 2 1 1 0 1 0 0 NA
"3207" 5768 666 15106 18085 0 0 5.42 4.51 0.99 1.43 2.62 4.82 21.38 0.76 2 1 3 0 1 0 1 0 0 1
"3208" 5769 666 17527 20506 0 0 5.65 6.08 1.57 1.55 3.8 7 25.1 0.94 1 1 2 0 1 0 NA 0 0 0
"3209" 5770 666 17835 20813 0 0 5.99 5.77 1.18 1.81 3.4 5.19 23.38 0.77 2 0 2 1 0 0 1 1 0 0
"3210" 5771 666 19094 22072 0 0 5.99 5.96 0.9 1.34 4.2 5 23.17 0.88 1 1 2 0 1 0 1 0 0 0
"3211" 5772 179 27350 29409 1 0 5.93 7.02 1.34 1.43 4.96 5.47 27.77 1.04 1 1 2 1 0 0 0 1 0 0
"3212" 5773 179 23662 26640 0 0 5.71 5.73 2.24 0.99 3.68 7.23 26.81 0.95 1 1 2 1 0 0 1 0 0 0
"3213" 5774 172 23448 26425 0 0 6.84 6.45 1.35 1.19 4.63 10.3 28.31 0.85 2 1 2 0 1 0 0 0 0 0
"3214" 5775 172 26319 28474 1 0 6.72 5.39 1.75 0.9 3.66 14.22 28.57 1.01 1 1 2 0 0 1 1 0 0 1
"3215" 5776 170 13617 16592 0 0 6.72 4.81 1.08 1.18 3.13 18.86 25.85 0.99 1 1 1 0 1 0 1 0 0 1
"3216" 5778 170 14958 17930 0 0 6.22 3.76 0.66 1.44 2.01 5.79 19.48 0.7 2 0 2 0 1 0 1 0 1 1
"3217" 5779 172 19568 22540 0 0 6.5 7.05 0.92 1.47 5.15 8.26 25.48 0.81 2 1 2 0 1 0 0 0 0 0
"3218" 5780 172 17316 20288 0 0 6.27 7.34 2 1.46 4.94 6.68 24.45 0.92 1 1 2 0 1 0 1 0 0 1
"3219" 5782 233 33007 33966 1 1 7.68 NA NA NA NA NA NA NA 2 NA 1 1 0 0 0 0 0 1
"3220" 5783 851 16500 19484 0 0 5.48 5.16 1.01 2.35 2.33 10.78 24.54 0.77 2 0 2 0 1 1 1 0 0 1
"3221" 5784 98 30359 33338 0 1 6.1 5.84 1.56 0.82 4.28 15.07 24.69 0.87 2 0 2 1 1 0 1 0 1 0
"3222" 5785 695 24230 27201 0 1 13.56 4.99 0.86 1.08 3.51 4.83 25.81 0.99 1 0 2 1 0 0 1 0 0 1
"3223" 5787 692 17387 20358 0 1 13.73 5.69 2.25 1.15 3.48 12.73 26.98 1.02 1 1 2 1 1 0 1 1 0 0
"3224" 5788 692 15385 18356 0 1 11.19 6.09 0.78 1.46 4.26 7.96 22.75 0.84 2 1 2 0 1 0 1 1 1 0
"3225" 5789 172 21047 24017 0 1 7.4 7.52 1.56 1.09 5.7 9.26 26.15 0.94 1 0 3 0 1 0 1 0 0 0
"3226" 5790 172 20362 23332 0 0 5.76 5.56 0.75 1.94 3.27 4.41 21.7 0.82 2 0 3 1 0 0 0 0 0 0
"3227" 5791 179 14822 17792 0 0 6.38 5.55 1.15 1.12 3.89 8.9 27.38 0.84 2 1 3 1 0 0 0 0 0 1
"3228" 5792 179 16824 19794 0 0 4.97 5.75 1.13 1.13 4.09 3.42 20.26 0.81 1 0 3 1 1 0 NA 0 0 1
"3229" 5793 697 16489 19370 0 0 5.65 5.37 0.68 2.18 2.87 42.62 24.59 0.79 2 1 2 1 1 0 1 0 0 1
"3230" 5794 179 22773 25451 0 0 5.08 6.2 1.12 1.38 4.3 4.78 28.52 0.82 2 NA NA 1 0 0 0 0 0 0
"3231" 5795 166 14292 17219 0 0 6.22 4.86 2.4 0.78 2.96 13.36 31.64 0.87 2 1 2 1 1 0 0 0 0 1
"3232" 5796 172 23334 26299 0 0 7.68 7.02 1.27 1.82 4.6 17.85 39.76 0.54 2 0 2 0 1 0 1 1 0 1
"3233" 5797 172 22716 25681 0 0 6.22 4.34 1.13 1.02 2.79 15.88 30.91 0.99 1 1 2 0 1 0 1 0 0 1
"3234" 5798 172 13548 16513 0 1 13.22 6.72 7.39 NA NA 22.22 30.51 1.04 1 1 2 0 1 0 1 1 0 1
"3235" 5799 26799 16685 19669 0 0 6.05 6.5 1.18 1.69 4.26 11.96 24.1 0.97 1 1 2 0 1 0 0 0 0 0
"3236" 5800 148 23310 26279 0 0 5.2 6.32 1.15 1.48 4.3 5.11 34.16 0.82 2 0 2 1 1 0 1 0 0 1
"3237" 5801 87 28903 30872 0 0 6.5 7.13 1.54 1.74 4.67 6.96 21.9 0.89 1 0 2 1 1 1 1 1 0 0
"3238" 5802 703 26601 28184 1 1 14.01 5.53 2.14 0.99 3.53 18.2 29.76 0.98 1 1 2 1 1 0 1 0 0 0
"3239" 5803 166 16630 19557 0 0 6.89 6.15 2.02 0.82 4.39 6.47 26.84 0.98 1 1 2 NA NA NA NA NA NA NA
"3240" 5804 163 19612 22575 0 0 6.44 5.73 2 0.75 4.04 6.7 24.35 0.93 1 1 2 1 1 0 1 0 0 1
"3241" 5805 163 17608 20571 0 0 6.16 5.69 0.9 1.65 3.62 6.92 26.4 0.82 2 1 2 0 1 0 1 1 1 0
"3242" 5806 692 18272 21234 0 0 6.22 6.76 2.93 1.01 4.37 9.18 29.75 0.96 1 1 2 1 1 0 1 1 0 0
"3243" 5807 163 20242 22802 1 1 8.76 5.43 4.15 1.17 NA 35.57 35.55 1.09 1 1 2 1 0 0 1 0 0 1
"3244" 5808 163 20083 23045 0 1 8.64 5.99 1.79 1.23 3.92 11.81 30.49 0.91 2 0 2 0 0 0 0 0 0 0
"3245" 5809 222 26951 27375 0 1 10.96 5.82 1.92 0.89 4.02 36.2 32.86 0.98 1 1 1 1 0 0 1 0 0 1
"3246" 5810 170 16168 19126 0 0 5.65 6.08 1.7 2.15 3.14 6.06 26.09 0.92 1 0 2 1 1 0 1 0 0 0
"3247" 5811 129 26469 29420 0 1 7.68 6.11 1.21 1.59 3.95 28 33.93 1 2 0 3 1 0 0 0 0 0 1
"3248" 5812 235 25524 28474 0 1 11.3 6.39 3.02 0.91 4.06 22.64 29.28 0.9 2 0 2 1 1 0 1 0 0 0
"3249" 5813 663 14930 17879 0 0 5.99 5.56 0.81 2.07 3.11 6.76 17.96 0.75 2 0 2 0 0 0 0 0 0 1
"3250" 5814 699 23824 26787 0 1 15.03 5.9 1.22 1.23 4.1 7.49 34.42 1.01 1 0 3 1 0 0 NA 1 0 0
"3251" 5815 699 24292 26994 0 1 6.61 6.88 1.01 2.38 4.03 12.12 26.64 0.98 2 1 1 1 1 0 1 1 0 0
"3252" 5816 693 22363 25321 0 1 14.92 5.93 6.67 NA NA 29.32 27.56 0.87 2 0 2 1 1 0 0 0 0 1
"3253" 5817 693 22565 25523 0 1 7.12 4.68 1.4 1.67 2.35 14.82 28.23 1.07 1 1 2 0 0 0 1 0 0 1
"3254" 5818 723 20563 23521 0 0 6.16 6.75 1.28 1.5 4.65 9.26 28.8 0.78 2 0 3 1 0 0 1 0 0 1
"3255" 5819 687 20301 23255 0 1 7.97 6.6 0.81 1.76 4.46 7.22 23.28 1.02 1 1 3 1 1 0 1 1 0 1
"3256" 5820 687 18406 21360 0 0 5.93 4.71 0.84 1.69 2.62 2.78 27.95 0.79 2 0 3 1 0 0 1 0 0 0
"3257" 5821 692 16924 19879 0 0 5.99 3.74 0.88 1.56 1.76 14.78 24.02 0.86 2 1 2 0 1 1 0 0 0 0
"3258" 5823 106 23084 26039 0 1 13.45 5.48 2.55 1.03 3.25 19.68 35.66 1.09 1 0 2 1 0 0 1 0 0 NA
"3259" 5824 683 23706 26661 0 1 21.36 3.9 1.64 1.3 1.83 5.54 26.3 0.97 2 1 2 0 1 0 NA 0 0 0
"3260" 5826 172 14994 17944 0 0 5.08 5.09 0.7 1.42 3.35 6.53 26.81 1.03 1 1 2 1 1 0 NA 0 0 1
"3261" 5827 530 22846 25797 0 1 11.92 4.96 2.17 1.09 2.85 18.93 27.14 0.93 2 0 2 1 1 0 NA 0 0 1
"3262" 5828 530 24094 27045 0 0 6.5 5.56 3.18 0.88 3.18 23.08 26.21 1.03 1 1 2 1 1 0 NA 1 0 1
"3263" 5829 172 20890 23839 0 1 20.68 6.18 1.94 1.04 4.22 22.95 28.08 0.85 2 0 3 1 1 0 1 0 0 1
"3264" 5830 172 21881 24830 0 0 6.22 6.95 1.69 1 5.16 15.01 26.91 1.02 1 1 1 1 0 0 0 1 0 1
"3265" 5831 859 19280 22230 0 0 6.27 7.12 1.18 1.77 4.8 5.98 26.45 0.81 2 0 3 0 1 NA 1 0 0 1
"3266" 5834 663 20229 23173 0 1 16.16 5.42 0.91 1.92 3.07 6.7 28.57 0.94 1 1 3 1 1 0 NA 0 0 0
"3267" 5835 663 20301 23245 0 0 6.38 7.66 2.32 1.51 5.06 11.08 26.45 0.75 2 0 3 1 0 0 0 0 0 0
"3268" 5836 225 26766 27881 1 1 15.82 4.84 1.51 0.85 3.28 10.64 28.12 1.09 1 0 1 0 1 0 1 0 0 1
"3269" 5837 5033 18942 21884 0 0 5.65 5.61 0.72 1.39 3.88 3.42 20.69 0.78 2 0 3 1 1 0 0 0 0 0
"3270" 5838 5033 20035 22977 0 0 5.54 6.13 1.21 1.41 4.15 3.36 24.16 0.85 1 0 3 1 1 1 0 0 0 0
"3271" 5840 686 23125 26072 0 1 11.86 5.02 1.3 1.03 3.37 17.36 34.59 1 1 1 2 1 0 1 NA 0 0 NA
"3272" 5841 686 22430 25377 0 0 6.84 7.16 1.85 1.27 5.02 7.61 24.99 0.81 2 0 3 0 1 0 1 0 0 0
"3273" 5842 844 27909 30853 0 1 7.68 6.23 2.96 1.05 3.79 21.19 23.49 0.83 2 0 1 1 1 0 0 0 0 1
"3274" 5843 709 25776 28719 0 1 7.01 5.59 1.1 1.81 3.26 9.57 18.98 0.8 2 0 2 1 1 0 0 0 0 0
"3275" 5844 178 19958 22898 0 0 5.54 6.56 0.73 2.03 4.18 4.7 27.54 0.94 1 0 2 1 0 0 1 0 0 1
"3276" 5845 235 24900 25982 1 1 6.44 NA NA NA NA NA NA NA 1 1 2 1 1 0 1 0 0 NA
"3277" 5846 182 25794 28731 0 0 6.89 6.71 1.25 1.6 4.53 7.06 22.29 0.88 2 0 2 0 1 0 1 0 0 1
"3278" 5847 182 25035 27972 0 0 6.22 6.81 1.5 1.27 4.83 11.38 28.41 1 1 1 3 1 1 0 1 1 0 1
"3279" 5848 697 26180 28022 1 1 9.15 NA NA NA NA NA NA NA 1 1 1 1 1 0 1 1 0 1
"3280" 5849 225 29179 30072 1 1 13.67 NA NA NA NA NA NA NA 2 NA 1 0 0 0 1 1 0 1
"3281" 5850 178 18543 21483 0 0 5.99 8.91 1.3 1.44 6.86 4.88 26.99 0.86 2 0 3 1 1 0 0 0 0 0
"3282" 5851 222 19833 22769 0 0 5.99 5.52 2.4 1.11 3.29 11.96 26.4 0.93 1 0 2 0 0 0 1 0 0 1
"3283" 5852 222 19823 22759 0 1 7.01 5.37 1.42 1.58 3.12 5.72 24.48 0.83 2 0 2 1 1 0 0 0 0 1
"3284" 5853 222 30775 32730 1 1 10.79 5.65 2.68 1.36 3.04 73.91 37.09 1.12 2 0 1 NA 0 1 1 0 0 1
"3285" 5854 499 23555 24705 0 0 6.61 4.79 1.79 1.04 2.91 8.7 21.41 0.78 2 0 2 0 0 0 0 0 0 0
"3286" 5855 499 22166 25101 0 0 5.82 6.04 1.29 1.1 4.33 4.5 24.91 1.02 1 1 2 1 1 0 0 0 0 1
"3287" 5856 168 17347 20284 0 1 7.29 5.52 1.84 1.16 3.5 8.62 25.77 0.95 1 1 2 1 1 0 NA 0 0 1
"3288" 5857 678 28104 31034 0 1 9.72 3.76 0.78 1.22 2.17 10.12 26.33 0.93 1 0 2 1 0 0 1 0 0 0
"3289" 5858 678 27775 30705 0 0 5.99 9.24 1.98 1.42 6.89 7.78 25.89 0.88 2 0 2 1 1 0 1 0 0 0
"3290" 5859 222 15608 18538 0 1 6.95 4.74 1.41 1.05 3.03 4.92 21.37 0.89 1 1 2 0 1 0 1 0 1 1
"3291" 5860 706 18096 21025 0 0 14.8 4.86 0.98 1.56 2.84 11.2 25.71 0.81 2 1 2 0 1 1 1 0 0 1
"3292" 5861 706 18473 21402 0 0 6.22 4.78 0.62 1.24 3.25 5.88 26.17 1.01 1 1 2 0 0 0 0 1 0 1
"3293" 5862 227 17107 20036 0 0 5.93 5.66 0.7 1.91 3.42 5.25 25.19 0.8 2 0 3 1 0 0 1 NA 0 1
"3294" 5863 227 16226 19155 0 0 5.88 6.63 0.96 1.56 4.62 5.06 26 0.95 1 0 2 1 0 0 1 0 0 1
"3295" 5864 26864 17582 20510 0 0 6.1 5.91 1.85 1.1 3.94 11.16 30.11 0.99 1 1 3 0 1 0 0 0 0 1
"3296" 5865 669 25150 25178 0 1 9.1 3.9 0.79 1.15 2.38 8.68 24.69 1 1 1 3 0 1 0 1 0 1 1
"3297" 5866 669 22845 25773 0 0 6.27 6.76 1.3 1.34 4.81 5.3 26.29 0.8 2 0 2 1 0 1 NA 0 0 0
"3298" 5867 700 25306 25657 1 1 12.32 8.97 3.22 0.76 6.7 19.5 25.15 1.06 2 0 3 0 1 0 1 NA 0 0
"3299" 5868 700 25557 28470 0 1 12.49 6.43 2.68 0.87 4.3 24.7 32.93 1 1 1 2 1 0 0 1 1 0 0
"3300" 5869 168 20756 23668 0 0 4.92 6.59 0.93 1.36 4.79 6.04 24.96 0.99 1 1 3 1 0 0 1 0 0 1
"3301" 5870 529 16423 19335 0 0 5.25 3.65 0.79 1.21 2.07 4.42 31.9 0.89 2 1 3 0 1 0 1 0 0 1
"3302" 5872 529 15987 18896 0 0 5.37 5.21 0.91 1.65 3.13 5.21 21.94 0.77 2 0 3 1 1 1 0 0 1 0
"3303" 5873 666 19965 22871 0 0 5.31 5.14 0.96 1.28 3.41 70.16 25.43 0.98 1 1 3 0 1 0 1 0 0 1
"3304" 5874 666 19544 22450 0 0 5.31 5.12 0.79 1.95 2.8 4.34 20.13 0.73 2 0 3 0 1 0 0 0 1 1
"3305" 5877 222 18734 21636 0 1 8.14 5.15 1.25 1.16 3.41 11.89 36.28 1.03 1 0 2 0 1 1 1 0 0 1
"3306" 5878 222 13471 16373 0 1 7.06 5.37 1.44 0.99 3.71 16.14 36.63 1.06 1 1 3 1 1 0 1 0 0 1
"3307" 5879 168 20879 21524 1 1 7.01 4.7 1.28 0.93 3.17 6.84 25.95 0.95 1 1 2 1 1 1 1 0 0 1
"3308" 5880 165 27772 30681 0 1 9.38 8.04 1.5 1.64 5.69 9.59 31.77 0.94 2 0 NA 0 1 0 1 0 0 0
"3309" 5881 707 14215 17123 0 0 16.61 4.71 1.04 1.14 3.08 16.56 20.66 0.88 1 1 2 1 1 0 1 0 0 0
"3310" 5882 222 14706 17615 0 0 6.22 6.75 1.35 1.28 4.84 7.78 22.99 0.88 1 1 2 0 1 0 1 0 0 0
"3311" 5884 172 23850 26757 0 0 6.55 5.46 1.54 1.24 3.5 10.54 28.57 1.04 1 1 3 1 1 0 1 1 0 1
"3312" 5885 172 23851 26758 0 0 6.22 5.11 0.78 1.52 3.22 5.56 25.39 0.73 2 0 2 0 1 0 0 0 0 1
"3313" 5886 172 21735 24642 0 0 5.54 5.28 0.84 1.22 3.66 3.69 25.46 0.91 1 0 2 0 1 0 1 1 0 1
"3314" 5887 172 21711 24618 0 0 5.59 6.16 1.05 1.34 4.33 4.65 23.05 0.78 2 0 3 1 0 0 NA 1 0 0
"3315" 5888 692 29399 32304 0 1 5.99 6.03 3.04 1.34 3.26 20.14 27.73 0.93 2 1 3 1 1 0 1 0 0 1
"3316" 5889 692 26105 29010 0 0 5.99 6.98 1.04 1.76 4.74 6.06 32.24 0.89 2 0 3 1 0 0 1 0 0 0
"3317" 5890 222 14309 17210 0 0 5.48 5.15 0.57 1.58 3.31 5.34 22.57 0.78 2 1 2 1 1 0 0 0 0 1
"3318" 5892 701 20203 23104 0 0 6.67 6.84 0.86 1.05 5.38 5.08 24.86 0.94 1 0 3 0 1 0 1 0 0 1
"3319" 5893 701 20633 23534 0 0 5.65 7.37 0.89 1.92 5.03 5.3 22.13 0.77 2 0 3 0 1 0 1 0 0 NA
"3320" 5894 172 24995 27895 0 0 6.16 6.14 0.78 1.21 4.56 5.89 24.77 0.91 1 0 3 1 1 0 1 1 0 1
"3321" 5895 172 23700 26600 0 0 6.38 6.12 1.08 1.67 3.94 11.67 25.42 0.86 2 0 3 0 0 0 1 0 0 1
"3322" 5897 529 12863 15763 0 0 6.16 5.38 1.32 0.92 3.84 7.59 27.73 0.99 1 1 3 0 1 0 0 0 0 1
"3323" 5898 167 16661 19560 0 0 5.88 6.28 1.41 1.11 4.5 9.33 27.94 0.78 2 0 3 0 0 0 1 0 0 0
"3324" 5899 167 16909 19808 0 0 5.71 6.16 1.84 0.93 4.37 2.64 22.62 0.89 1 1 2 1 0 0 1 1 0 1
"3325" 5900 706 32836 35244 0 1 9.38 3.84 0.66 1.59 1.94 24.39 34.12 0.89 2 0 1 0 1 1 0 0 0 1
"3326" 5901 706 20388 23287 0 1 7.06 4.92 1.3 1.27 3.04 12.66 31.76 0.94 2 0 2 0 1 0 NA 0 0 0
"3327" 5902 222 15275 18173 0 1 6.95 4.78 0.67 0.9 3.57 6.32 27.2 0.89 2 1 2 1 1 0 1 0 1 1
"3328" 5903 222 16424 19322 0 0 5.65 5.21 0.82 1.04 3.78 4.28 21.67 0.92 1 1 2 0 1 0 0 0 1 1
"3329" 5904 661 15767 18662 0 0 NA 5.24 0.69 1.79 3.13 8.85 25 0.92 1 1 3 0 1 0 1 0 0 0
"3330" 5905 661 16943 19838 0 0 6.33 6.02 1.09 1.61 3.9 9 26.91 0.81 2 1 3 0 1 0 1 0 0 0
"3331" 5908 172 24431 27312 0 1 8.36 6.45 1.24 1.29 4.57 13.74 39.26 0.95 2 0 2 1 1 0 1 1 0 1
"3332" 5910 529 18638 21517 0 0 4.69 4.65 0.57 1.26 3.12 5.28 23.99 0.89 1 0 3 1 1 1 1 1 1 0
"3333" 5911 701 22161 25040 0 0 5.54 6.93 1.06 1.3 5.14 7.89 28.08 0.98 1 0 3 0 1 0 0 1 0 1
"3334" 5912 669 23614 26492 0 1 7.51 5.37 1.65 1.09 3.51 11.29 25.56 0.9 2 0 3 0 1 0 1 0 1 0
"3335" 5913 669 26248 29126 0 1 6.89 4.21 0.98 1.06 2.69 14.03 25.5 1.03 1 1 2 0 1 0 1 0 0 1
"3336" 5914 232 17143 20021 0 0 8.93 6.05 0.89 1.37 4.26 8.35 26.84 0.83 2 NA 3 1 1 0 1 1 0 1
"3337" 5915 701 18976 21854 0 0 14.46 4.39 0.66 1.36 2.72 11.62 24.77 0.99 1 1 1 0 1 0 0 0 0 1
"3338" 5916 701 13335 16213 0 0 5.42 4.98 1.13 1.58 2.87 5.35 21.74 0.81 2 1 2 1 0 0 0 0 0 0
"3339" 5917 529 17757 20631 0 1 7.06 6.02 0.99 1.56 3.99 6.58 27.93 0.81 2 0 2 0 1 1 0 0 0 0
"3340" 5918 701 15061 17935 0 0 4.97 4.4 0.6 1.14 2.97 3.06 21.88 0.95 1 1 2 1 1 0 0 1 0 1
"3341" 5922 697 14867 17739 0 0 4.29 5.85 1.25 1.37 3.89 7.32 25.54 0.9 1 1 2 1 1 0 1 1 0 1
"3342" 5926 701 16233 19100 0 0 5.2 6.23 1.21 1.42 4.25 6.04 22.99 0.95 1 1 3 0 1 0 1 1 0 1
"3343" 5927 222 15166 18033 0 0 5.42 5.71 1.37 1.4 3.67 2.98 23.85 1 1 1 2 1 1 0 1 0 0 1
"3344" 5928 129 14857 17723 0 0 4.86 4.96 0.68 2.23 2.41 27.34 21.18 0.84 2 0 2 0 1 1 1 1 0 1
"3345" 5929 129 16597 19463 0 0 5.31 6.51 1.91 1.21 4.4 7.88 25.65 0.95 1 0 2 1 1 1 1 0 0 1
"3346" 5930 673 20623 22045 1 1 7.46 5.64 0.91 1.37 3.84 16.72 36.45 0.87 2 0 2 1 0 0 0 0 0 1
"3347" 5931 673 20911 23776 0 0 5.42 5.36 1.83 0.96 3.54 5.04 25.35 0.88 1 1 2 0 1 0 0 0 0 0
"3348" 5933 687 15283 18147 0 0 5.03 6.17 0.75 1.75 4.07 3.09 24.74 0.95 1 0 3 1 1 0 1 0 0 1
"3349" 5934 219 27678 27906 0 1 9.94 5.67 2.51 0.92 3.58 8.26 27.7 0.94 2 1 NA 1 1 0 1 1 0 1
"3350" 5935 201 16641 19501 0 0 5.48 5.3 1.3 1.37 3.32 5.52 24.45 0.92 2 0 2 1 1 0 0 0 0 0
"3351" 5939 106 26765 29623 0 1 9.6 4.39 1.52 0.93 2.75 35.93 30.67 0.84 2 0 2 1 0 0 1 0 0 1
"3352" 5940 201 24787 27645 0 0 5.14 5.99 1.67 1.1 4.11 10.52 32.19 1 2 0 1 1 0 0 0 0 0 0
"3353" 5941 201 13177 16035 0 0 5.54 4.69 0.8 1.42 2.9 7.12 30.1 0.96 2 1 3 1 0 0 1 0 0 0
"3354" 5942 677 21830 24688 0 1 8.25 5.14 1.24 1.6 2.96 28.3 33.96 0.89 2 0 3 0 1 0 1 0 0 0
"3355" 5943 687 18081 20938 0 0 4.46 5.29 0.86 1.32 3.57 4.96 25.06 0.99 1 1 3 1 1 0 1 1 0 1
"3356" 5944 660 25695 28326 1 1 11.86 6.2 2.88 0.98 3.87 16.14 29.4 0.97 1 1 3 0 1 1 1 0 0 1
"3357" 5945 660 24508 27365 0 1 11.53 4.73 1.34 1.2 2.9 7.43 25.33 1 1 0 3 0 1 0 1 0 0 1
"3358" 5946 660 23330 26187 0 0 6.38 5.79 1.06 1.34 3.95 9.64 24.59 0.92 1 0 3 0 1 1 1 0 0 1
"3359" 5947 687 31236 32734 1 1 8.7 5.65 2.86 0.86 3.45 10.85 NA NA 2 NA NA 1 1 0 1 0 0 1
"3360" 5948 669 25222 26946 0 1 9.27 5.15 2.52 1.13 2.83 31.54 NA NA 1 1 NA 0 0 0 1 0 0 0
"3361" 5949 200 14471 17324 0 0 5.31 4.83 0.98 1.52 2.85 1.44 24.62 0.99 1 1 2 0 1 0 0 NA 0 0
"3362" 5950 200 12966 15819 0 0 5.76 3.74 0.91 1.09 2.22 12.08 36.73 1.02 2 1 2 0 0 1 1 0 0 1
"3363" 5951 677 26110 26784 0 1 9.83 4.09 1.63 0.99 2.33 10.02 26.25 1.04 1 0 3 1 0 0 1 0 0 0
"3364" 5952 530 13995 16847 0 0 5.65 4.85 1.47 1.12 3.04 6.74 21.04 0.9 1 0 3 1 1 0 1 0 0 1
"3365" 5953 106 24068 26920 0 0 6.33 5.71 0.9 1.91 3.38 12.28 31.98 0.97 2 1 2 1 1 0 0 0 0 1
"3366" 5954 106 26508 29360 0 0 5.54 6.83 1.74 1.16 4.85 8.95 24.17 0.99 1 1 2 1 0 0 NA 0 0 0
"3367" 5955 697 17677 20526 0 0 4.75 6.06 0.65 2.03 3.72 1.39 20.43 0.82 2 0 3 1 1 0 1 0 0 0
"3368" 5956 661 15391 18240 0 0 5.03 5.34 0.7 1.69 3.32 2.35 24.74 0.92 2 0 2 0 1 0 1 0 1 0
"3369" 5959 163 18682 21527 0 0 5.54 4.89 1.96 1.04 2.93 9.56 27.48 0.88 2 0 2 0 1 0 1 1 0 0
"3370" 5960 687 19985 22829 0 0 5.31 7.13 0.88 1.92 4.8 7.36 22.58 0.81 2 0 2 1 1 0 1 0 0 1
"3371" 5961 687 19285 22129 0 0 5.65 5.01 0.77 1.42 3.22 1.74 24.96 0.91 1 0 2 0 1 1 NA 0 0 1
"3372" 5962 163 18665 21510 0 0 4.97 5.6 2.04 1.16 3.49 4.78 25.16 0.96 1 1 3 1 0 0 NA 1 0 1
"3373" 5963 530 26154 28998 0 0 5.54 5.65 1.52 1.21 3.72 9.98 24.98 1.02 1 1 2 1 1 0 1 0 0 1
"3374" 5964 530 26466 29310 0 0 6.55 4.61 2.77 0.72 2.58 17.68 29.97 0.91 2 0 2 0 0 0 1 1 0 0
"3375" 5965 677 26785 29160 1 1 8.25 7.93 11.4 NA NA 37.18 NA NA 2 0 1 0 1 0 1 1 0 0
"3376" 5966 530 15800 18642 0 0 5.42 4.7 0.77 1.37 2.97 3.29 26.42 0.89 2 1 2 0 1 0 1 0 0 1
"3377" 5967 26967 14402 17241 0 0 4.69 5.21 1 1.57 3.17 8.26 22.59 0.91 2 0 2 0 1 0 1 0 0 0
"3378" 5970 529 14890 17726 0 0 4.29 4.03 0.44 1.94 1.89 3.5 21.63 0.78 2 0 2 0 1 0 1 0 1 0
"3379" 5971 667 28008 29082 0 1 6.33 6.32 1.84 1.41 4.05 10.72 NA 0.86 2 0 1 0 1 0 1 0 0 0
"3380" 5972 201 15842 18677 0 0 5.31 4.94 0.96 1.6 2.89 3.3 30.45 0.93 2 0 2 0 1 0 1 0 0 0
"3381" 5973 527 17717 20549 0 0 5.08 6.29 1.11 1.77 4 4.99 25.01 0.92 2 0 2 1 0 0 1 0 0 0
"3382" 5974 529 17007 19838 0 0 5.31 4.8 0.76 1.56 2.88 3.3 26.51 0.78 2 0 2 1 1 0 1 0 0 1
"3383" 5975 528 21119 23950 0 1 10.17 4.87 0.91 1.38 3.06 9 29.59 1 1 1 2 1 0 0 1 1 0 1
"3384" 5976 200 27048 27115 1 1 7.01 3.36 0.7 0.44 2.59 36.72 NA NA 1 NA NA 0 1 0 1 0 0 1
"3385" 5977 667 23232 26063 0 0 4.63 6.02 1.54 1.5 3.79 3.38 20.83 0.73 2 0 2 0 0 0 1 0 0 1
"3386" 5978 667 25359 28190 0 0 5.65 4.46 1.03 1.18 2.79 6.61 23.18 0.92 1 0 3 0 0 0 1 1 0 1
"3387" 5979 232 17203 20033 0 0 5.14 3.52 1.88 1.13 1.51 3.74 21.63 0.9 1 0 3 1 0 0 0 0 0 1
"3388" 5980 666 20657 23487 0 0 5.48 5.09 1.09 1.74 2.84 9.64 34.68 0.91 2 0 2 0 1 1 1 0 0 0
"3389" 5981 666 25515 28345 0 1 10.62 5.35 1.51 1.25 3.39 11.98 23.67 0.87 2 0 2 0 1 1 1 0 0 1
"3390" 5982 182 17046 19876 0 0 5.65 4.05 1.35 0.94 2.47 5.2 23.82 0.94 1 0 3 1 0 0 0 0 0 NA
"3391" 5983 668 17479 20303 0 0 5.88 5.66 0.84 1.69 3.57 17.5 26.73 0.85 2 0 3 1 0 0 1 0 0 0
"3392" 5984 668 27176 27489 0 1 4.97 5.44 1.21 1.67 3.2 13.04 27.14 0.82 2 0 2 0 0 1 1 0 0 0
"3393" 5985 660 23648 26471 0 0 6.22 6.51 1.9 1.05 4.56 8.4 22.6 0.93 1 1 3 0 0 0 1 0 1 1
"3394" 5986 660 22011 24834 0 0 5.14 5.72 0.81 2.08 3.26 4.79 24.02 0.81 2 0 2 NA NA 0 NA NA NA NA
"3395" 5987 182 24907 27730 0 0 5.25 7.43 1.31 1.34 5.48 7.32 28.3 0.85 2 0 3 1 0 0 1 0 0 0
"3396" 5988 201 23306 26129 0 0 5.59 6.61 1.35 1.18 4.8 5.17 27.82 0.88 1 0 3 1 0 0 1 0 0 1
"3397" 5989 106 16118 18940 0 0 5.42 5.25 0.6 1.8 3.17 7.66 32.74 0.94 2 0 2 1 0 1 1 1 0 1
"3398" 5990 106 29947 30933 1 1 7.23 4.37 1.32 1.18 2.57 5.51 NA NA 2 0 NA 1 0 0 1 1 0 1
"3399" 5991 164 14776 17597 0 0 5.42 4.18 1 1.26 2.45 12.37 27.73 0.89 2 0 3 0 1 1 0 1 0 0
"3400" 5992 673 23223 26044 0 0 5.76 7.06 3.58 0.85 4.53 11.98 35.3 1.02 1 1 2 0 1 0 1 1 1 1
"3401" 5994 717 18582 21400 0 0 5.54 5.29 2.35 1.31 2.88 28.21 33.41 1.02 1 0 2 1 0 0 0 0 0 0
"3402" 5995 260 19048 21865 0 0 5.48 6.08 1.05 2.02 3.56 4.86 27.69 0.82 2 1 2 0 0 0 1 1 0 0
"3403" 5996 260 27911 30728 0 1 8.81 4.82 2.04 1.22 2.64 24.93 28.48 0.88 2 0 2 1 0 0 1 1 0 0
"3404" 5997 260 30324 30933 1 1 11.07 6.26 2.69 1.49 3.51 19.24 NA NA 2 NA NA 1 0 0 1 0 0 0
"3405" 5998 201 16521 19337 0 0 5.08 6.1 1.94 0.95 4.24 7.34 31.41 0.94 1 1 2 0 0 0 1 1 0 0
"3406" 5999 166 16465 19281 0 0 5.88 6.74 2.25 1.36 4.33 8.46 38.57 0.89 2 0 2 0 0 0 1 0 0 0
"3407" 6000 669 22935 25751 0 1 7.34 4.69 1.82 0.71 3.12 20.62 29.07 1.07 1 0 2 NA NA NA 1 NA NA NA
"3408" 6001 201 26048 26235 0 0 5.42 7.28 1.25 1.77 4.92 5.24 29.48 0.75 2 0 3 0 1 0 1 1 0 1
"3409" 6002 201 29059 31874 0 0 6.67 6.17 1.22 1.07 4.52 10.41 26.51 1 1 1 2 1 0 0 0 1 0 1
"3410" 6003 681 28530 29606 1 1 9.6 4.97 1.22 1.11 3.29 20.63 28.73 NA 1 0 1 1 1 0 0 0 0 0
"3411" 6004 201 24133 24319 0 1 NA NA NA NA NA NA NA NA 2 0 NA NA NA NA NA NA NA NA
"3412" 6005 681 25968 28779 0 1 14.58 4.97 1.65 1.03 3.16 28.34 30.86 NA 2 0 2 0 1 0 1 0 0 0
"3413" 6006 681 24857 27668 0 1 13.9 4.56 1.98 1.11 2.52 15 29.38 NA 2 0 2 0 1 0 1 0 0 0
"3414" 6007 681 23841 26652 0 1 8.36 5.54 1.59 1.06 3.73 23.66 34.63 NA 2 NA 1 0 1 0 0 0 0 0
"3415" 6008 681 22771 25582 0 0 5.48 8.36 1.19 2 5.8 11.06 30.84 NA 2 0 2 1 1 0 1 0 0 0
"3416" 6009 681 29495 30388 1 1 13.45 4.21 1.5 1.31 2.19 20.15 NA NA 2 0 1 0 1 0 1 1 0 0
"3417" 6011 164 14807 17597 0 0 5.25 3.99 0.68 1.41 2.26 3.8 20.69 0.82 2 0 3 0 1 0 1 0 0 0
"3418" 6013 44 15602 18389 0 1 7.46 7.38 3.53 1.03 4.69 10.8 NA NA 1 1 NA 1 0 0 1 0 0 1
"3419" 6016 128 20254 23042 0 0 6.33 NA NA NA NA NA NA NA 2 NA NA 0 1 0 0 1 0 0
"3420" 6017 128 15524 18310 0 1 10.17 4.73 2.01 1.14 2.64 11.35 33.39 0.99 2 0 3 0 1 0 0 0 0 1
"3421" 6018 251 17163 19944 0 0 3.96 5.66 0.95 1.51 3.7 6.06 20.03 0.77 2 1 2 1 0 0 1 1 0 1
"3422" 6021 106 16887 19655 0 0 5.03 6.13 1.66 1.07 4.28 3.27 22.72 0.95 1 1 3 1 1 0 1 0 0 1
"3423" 6022 201 16773 19541 0 0 5.08 4.47 0.77 1.43 2.68 5.3 23.45 0.88 2 0 3 1 0 0 1 NA 1 NA
"3424" 6023 201 27198 29965 0 0 5.42 7.22 1.4 1.42 5.14 6.54 29.53 0.81 2 0 2 0 1 NA 1 1 0 0
"3425" 6024 201 27548 28172 1 1 5.42 4.74 0.99 0.94 3.33 14.56 25.56 0.97 1 1 1 0 0 0 1 0 0 0
"3426" 6027 251 18332 21098 0 0 5.31 6.71 1.69 1.21 4.7 4.47 26.95 0.96 1 0 3 1 0 0 1 1 0 1
"3427" 6028 251 16391 19157 0 0 5.25 5.25 1.5 0.84 3.7 5.5 24.65 0.91 1 1 2 1 1 0 1 1 0 1
"3428" 6029 251 22133 22195 1 1 5.54 6.21 0.93 1.06 4.72 10.24 23.81 0.92 1 1 2 1 0 0 1 1 0 1
"3429" 6031 258 22013 24775 0 1 10.4 5.04 1.07 1.39 3.15 8.27 17.87 0.94 2 0 2 1 1 0 1 1 0 1
"3430" 6032 529 15655 18416 0 0 5.08 5.53 0.79 1.63 3.53 4.72 19.15 0.81 2 0 3 0 1 0 0 0 0 1
"3431" 6033 529 17529 20284 0 0 5.54 5.32 0.73 1.43 3.55 3.06 22.53 0.92 1 1 3 1 1 0 NA 0 0 NA
"3432" 6034 201 29323 31835 1 0 5.99 6.12 0.98 1.54 4.12 29.9 NA NA 2 0 NA 1 0 0 1 0 0 0
"3433" 6035 163 30807 31109 1 1 8.93 5.18 2.36 0.9 3.17 10.99 NA NA 2 0 NA 1 1 0 1 0 0 1
"3434" 6037 675 27256 30003 0 1 18.42 6.85 1.25 1.51 4.75 35.01 NA NA 2 0 NA 1 1 NA 1 0 0 0
"3435" 6038 106 29330 32014 0 0 5.31 5.37 0.67 1.71 3.34 3.32 22.77 1.03 1 1 1 1 0 1 1 1 0 1
"3436" 6039 106 27125 29842 0 1 6.33 5.85 1.41 1.12 4.07 9.65 28.87 1.08 1 1 1 0 1 0 1 1 0 1
"3437" 6040 166 19856 22602 0 0 5.03 4.62 0.92 1.02 3.17 14.1 30.61 1.06 1 1 3 0 1 1 0 0 0 1
"3438" 6041 687 16993 19738 0 0 5.93 4.67 0.66 1.4 2.96 7.43 24.78 0.85 2 0 2 1 1 0 1 1 1 1
"3439" 6042 837 23585 26330 0 1 12.88 6.05 1.98 1.65 3.47 20.88 30.06 1.09 1 1 1 0 0 0 NA 0 0 1
"3440" 6043 163 16959 19703 0 1 6.72 4.81 2.19 0.92 2.86 27.14 34.48 1.05 2 0 2 1 1 0 1 0 0 1
"3441" 6044 106 19484 22225 0 0 5.37 7.61 1.08 0.98 6.13 8.14 30.45 1.02 1 0 2 1 0 1 1 1 0 0
"3442" 6045 166 19358 22098 0 0 5.88 7.27 1.93 0.92 5.44 39.19 39.84 0.95 2 1 2 0 1 0 0 0 0 1
"3443" 6047 106 24831 27570 0 1 9.77 5.86 1.15 1.41 3.91 5.08 26.85 0.86 2 0 2 1 0 0 1 0 0 1
"3444" 6048 163 22373 25112 0 0 5.2 6.88 1.12 1.62 4.74 6.37 25.08 0.84 2 0 3 1 1 0 1 0 0 1
"3445" 6049 163 24254 26993 0 0 5.88 5.21 1.72 0.96 3.44 9.3 28.4 1.06 1 1 3 0 0 0 1 1 0 0
"3446" 6051 251 28601 31339 0 1 12.77 6.43 2.45 1.26 4.02 19.6 NA NA 2 1 NA 1 0 1 1 1 0 1
"3447" 6052 251 28186 29336 0 1 6.89 4.94 0.94 1.25 3.25 10.08 NA NA 1 1 NA 1 0 1 1 1 0 0
"3448" 6053 251 26497 29235 0 1 9.04 6.99 1.42 1.26 5.06 16.12 NA NA 2 0 NA 1 0 1 1 1 0 0
"3449" 6054 251 25951 28689 0 1 9.83 4.89 0.84 1.43 3.06 8.72 NA NA 2 0 NA 1 1 0 1 1 0 0
"3450" 6055 163 17319 20056 0 0 5.31 6.16 2.28 0.88 4.21 10.24 28.08 0.98 1 1 3 1 1 0 1 0 0 0
"3451" 6056 163 31688 32596 0 0 5.2 5.34 0.81 1.93 3.03 4.04 NA NA 2 NA NA 1 0 0 1 0 0 1
"3452" 6057 225 22723 25455 0 1 6.55 5.44 1.04 1.3 3.65 8.82 27.59 0.8 2 0 2 1 0 0 1 1 0 1
"3453" 6058 227 25039 27769 0 0 4.86 6.28 0.85 1.52 4.36 5 27.34 0.76 2 0 2 0 0 NA 1 0 0 0
"3454" 6059 688 26758 29490 0 1 8.48 6.33 1.1 1.22 4.59 11.01 29.01 1.01 2 0 2 0 1 1 0 0 0 1
"3455" 6060 219 26317 29044 0 0 5.54 7.34 2.07 0.96 5.41 10.05 25.96 0.82 2 1 2 1 0 0 1 0 0 1
"3456" 6061 225 21469 23888 0 1 19.55 5.37 1.69 1.1 3.48 9.52 27.69 1.01 2 0 2 1 0 NA 1 0 0 0
"3457" 6062 219 23284 26008 0 0 5.42 7.67 1.1 1.1 6.06 5.96 27.28 0.89 1 1 2 1 0 0 1 0 0 1
"3458" 6063 200 25893 28613 0 1 9.6 6.21 1.95 1.36 3.93 6.74 23.92 0.83 2 0 3 0 1 0 1 1 0 1
"3459" 6064 687 26014 28733 0 1 5.99 5.56 1.42 1.25 3.65 21.75 35.09 0.93 2 0 2 1 0 NA 1 1 0 1
"3460" 6066 163 15908 18626 0 0 5.42 4.43 0.78 1.46 2.6 9.61 22.94 0.8 2 0 2 1 1 0 0 0 0 0
"3461" 6067 225 24536 27253 0 1 7.23 5.35 1.38 0.88 3.82 17.35 30.42 1.05 1 1 2 1 0 0 1 0 0 1
"3462" 6068 225 26727 27928 1 1 10.06 3.4 0.58 0.92 2.21 7.04 30.64 1.01 1 1 2 0 0 0 1 1 0 1
"3463" 6069 163 17699 20415 0 0 6.61 7.14 2.92 1.16 4.61 8.38 31.46 1.04 1 1 1 1 1 0 0 0 0 0
"3464" 6070 219 27141 29853 0 1 7.68 7.77 1.24 1.29 5.9 3.86 22.58 0.9 1 0 2 1 0 0 1 0 0 1
"3465" 6071 219 26141 28853 0 1 7.18 8.57 1.12 1.18 6.86 13.5 26.22 0.88 2 0 2 1 0 0 1 0 0 1
"3466" 6072 219 22470 25182 0 0 6.1 6.64 1 1.13 5.04 3.66 21.78 0.74 2 0 3 1 0 0 1 1 0 1
"3467" 6073 219 24643 27355 0 1 5.99 NA NA NA NA 12.08 24.91 0.97 1 1 2 1 0 0 1 0 0 1
"3468" 6074 163 26961 29673 0 0 5.54 5.42 1.16 1.39 3.49 12.6 34.58 0.91 2 0 2 1 1 0 1 0 0 0
"3469" 6075 219 20081 22779 0 0 5.54 5.72 1.04 1 4.23 4.12 25.89 0.9 1 1 3 1 0 0 1 1 0 1
"3470" 6076 163 14228 16934 0 0 5.31 3.97 0.63 1.25 2.42 4.27 20.7 0.74 2 0 3 1 1 0 1 0 0 0
"3471" 6077 219 22892 25598 0 0 4.41 6.15 1.53 1.04 4.39 6.61 26.64 0.76 2 0 3 1 0 0 1 0 0 1
"3472" 6078 175 26838 29135 0 1 8.48 5.36 0.88 1.28 3.67 46.38 22.6 1 2 1 2 1 0 0 1 0 0 1
"3473" 6079 219 26550 29255 0 1 6.89 6.44 1.03 1.33 4.63 3.72 NA NA 2 1 NA 1 0 0 1 0 0 1
"3474" 6080 219 24785 26662 0 0 5.65 6.05 1.66 0.88 4.39 4.8 24.39 NA 2 1 NA 1 0 0 1 0 0 1
"3475" 6081 225 31285 31567 1 1 9.83 6.23 2.24 1.07 4.11 11.01 NA NA 2 0 NA 0 0 0 1 0 0 1
"3476" 6082 225 28864 29391 1 0 4.75 4.25 0.64 1.03 2.92 7.5 NA NA 1 0 NA 1 0 0 0 0 0 1
"3477" 6083 161 21189 23893 0 1 7.97 4.94 1.92 0.9 3.14 9.58 26.12 0.95 1 1 3 0 1 0 NA 1 0 1
"3478" 6084 225 25164 27867 0 0 4.97 6.36 1.2 1.01 4.79 4.46 25.82 0.97 1 1 2 0 0 0 0 0 0 0
"3479" 6085 225 28653 30974 1 1 12.2 5.38 3.1 0.71 3.21 11.72 23.15 1.02 2 0 2 0 0 0 1 0 1 0
"3480" 6086 106 25003 27702 0 0 5.76 6.4 1.23 1.18 4.64 NA 22.12 0.89 1 0 2 1 0 0 1 0 NA 0
"3481" 6087 163 19730 22442 0 0 5.59 5.17 0.68 1.54 3.31 9.1 23.86 0.93 1 0 2 0 1 0 NA 0 1 1
"3482" 6088 251 20415 23110 0 0 4.86 5.56 1.21 1.11 3.88 10.98 30.27 0.92 2 0 1 1 1 0 1 1 0 0
"3483" 6089 251 27430 30125 0 1 10.62 7.09 1.77 0.96 5.29 10.48 23.83 1 2 0 2 1 1 0 1 1 1 0
"3484" 6090 675 26741 29086 0 0 6.33 5.22 1.23 0.84 3.8 16.43 26.21 0.96 1 NA NA 1 1 0 1 0 1 0
"3485" 6091 163 21360 24043 0 0 5.14 5.9 1.68 0.81 4.3 16.5 26.15 0.96 1 0 2 1 1 0 1 0 0 1
"3486" 6092 163 21589 24272 0 0 5.42 5.01 0.99 1.53 3.01 8.14 27.24 0.81 2 0 3 1 0 0 1 1 0 1
"3487" 6093 225 22102 24785 0 1 10.28 3.45 0.36 1.33 1.95 26.64 25.54 0.89 1 NA NA 0 1 1 NA 0 0 0
"3488" 6094 675 27912 30207 1 1 11.41 5.8 2.34 0.8 3.9 23.95 26.58 0.99 1 NA NA 1 0 0 1 0 0 1
"3489" 6095 675 27448 30130 0 0 5.88 5 1.06 1.23 3.27 9.87 30.49 0.92 2 NA NA 1 1 0 1 0 0 0
"3490" 6096 225 23616 26298 0 0 6.78 3.91 0.96 0.82 2.64 6 28.54 0.98 1 NA NA 0 0 0 1 1 0 0
"3491" 6097 225 22510 25192 0 1 10.34 5.94 2.58 0.86 3.87 12.11 28.8 0.91 2 NA NA 0 1 0 1 0 0 1
"3492" 6098 200 17425 20103 0 0 5.59 6.35 1.31 0.98 4.75 12.93 27.85 1.04 2 NA NA 0 1 0 1 0 0 1
"3493" 6100 166 26971 29648 0 0 5.2 6.97 1.07 1.59 4.88 6.96 26.64 0.89 2 NA NA 0 0 0 1 1 0 0
"3494" 6101 676 29368 30609 0 1 9.38 4.78 1.04 1.34 2.95 84.46 25.28 0.92 1 NA NA 0 1 0 0 0 0 0
"3495" 6102 200 28591 30398 1 1 14.69 4.29 3.87 0.61 1.86 30.4 NA NA 1 NA NA 0 1 0 1 0 0 1
"3496" 6103 166 18486 21161 0 0 5.48 5.36 1.93 0.79 3.66 12.89 26.57 0.96 1 NA NA 1 1 1 1 0 0 1
"3497" 6104 166 17790 20465 0 0 4.75 5.2 1.5 1.18 3.31 6.96 24.28 0.82 2 NA NA 1 1 0 1 0 0 1
"3498" 6105 251 35859 38533 0 0 4.63 5.64 1.05 1.4 3.75 12.23 NA NA 2 NA NA 1 1 0 1 0 0 0
"3499" 6106 232 28213 29883 0 1 5.65 6.01 1.47 1.39 3.93 10.78 25.88 0.91 2 NA NA 0 1 0 0 0 0 1
"3500" 6107 166 16225 18894 0 0 5.14 6.8 3.9 1.46 3.51 8.34 29.73 0.88 2 NA NA 1 0 0 1 0 0 NA
"3501" 6108 166 17156 19825 0 0 6.44 5.64 1.08 1.2 3.94 6.1 28.07 0.99 1 NA NA 1 0 0 0 1 0 1
"3502" 6109 251 23430 26098 0 0 4.86 5.87 1.32 1.21 4.04 6.42 22.76 0.91 1 NA NA 1 1 0 1 NA 0 1
"3503" 6110 106 18535 21202 0 0 5.31 6.02 1.25 1.02 4.41 7.22 26.28 0.96 1 NA NA 0 1 0 1 0 0 1
"3504" 6111 675 27304 29968 0 0 4.75 5.13 1.87 1.18 3.07 16 26.64 0.9 2 NA NA 1 1 0 NA 0 0 0
"3505" 6112 106 18379 21043 0 0 5.08 5.73 1.29 1.73 3.39 6.76 27.48 0.99 2 NA NA 0 0 0 1 0 0 0
"3506" 6113 106 20504 23166 0 0 5.31 4.95 1.14 1.36 3.05 12 30.85 0.84 2 NA NA 1 0 0 1 0 0 1
"3507" 6114 690 24827 27476 0 1 6.78 5.96 1.92 1.1 3.96 23.24 42.19 1.02 2 NA NA 0 1 1 0 0 0 0
"3508" 6115 106 20988 23649 0 0 5.37 5.34 1 1.03 3.84 9.62 54.92 0.81 2 NA NA 1 1 0 1 1 0 0
"3509" 6116 106 21305 23966 0 0 5.03 7.29 1.97 1.05 5.31 7.73 27.92 1.01 1 NA NA 1 0 1 0 0 0 1
"3510" 6117 106 18920 21582 0 0 5.08 4.17 0.85 1.43 2.34 13.21 31.49 1.04 1 NA NA 1 1 0 1 0 0 0
"3511" 6118 680 21487 24148 0 1 9.27 4.62 0.72 1.77 2.51 2.09 23.32 0.91 2 NA NA 1 0 0 0 0 0 0
"3512" 6119 182 32372 34711 1 1 5.99 3.58 0.98 0.84 2.28 9.03 NA NA 2 NA NA 0 0 1 1 NA 0 0
"3513" 6120 665 23256 25189 1 1 5.76 3.95 0.58 1.02 2.65 31.92 28.73 1 1 NA NA 1 1 0 1 0 0 1
"3514" 6121 175 18083 20738 0 1 10.85 5.64 0.92 0.97 4.24 26.3 21.39 0.91 1 NA NA 1 0 0 1 0 0 1
"3515" 6122 175 17296 19951 0 0 5.88 6.52 1.4 1.02 4.84 7.3 28.34 0.91 2 NA NA 0 1 0 1 0 0 0
"3516" 6123 578 27849 28113 0 0 7.68 5.02 1.16 1.26 3.22 11.34 23.88 0.95 1 NA NA 1 0 0 0 0 0 0
"3517" 6124 669 30640 33295 0 1 5.99 6.54 2.37 1.01 4.42 12.05 24.32 0.89 2 NA NA 1 0 1 0 0 0 0
"3518" 6125 106 19864 22519 0 0 5.71 7.01 1.32 1.25 5.14 7.12 26.99 0.96 1 NA NA 1 0 0 1 0 0 1
"3519" 6126 680 24096 26744 0 1 10.62 4.66 2.36 0.78 2.77 11.66 34.96 1.04 1 NA NA 0 NA NA 0 1 0 1
"3520" 6127 106 21676 24324 0 1 6.61 4.99 1.51 1.01 3.27 19.45 37.65 1.04 1 NA NA 0 0 0 1 0 0 0
"3521" 6128 700 16958 19605 0 0 5.65 7.04 1.4 1.17 5.21 6.7 27.73 1.02 1 NA NA 1 0 0 1 0 0 NA
"3522" 6129 106 21170 23817 0 0 5.54 5.39 0.91 1.54 3.42 9.46 31.2 0.82 2 NA NA 1 1 0 1 0 0 0
"3523" 6130 680 23235 25881 0 0 4.86 6.26 1 1.53 4.26 3.6 22.58 0.9 2 NA NA 1 0 0 0 0 NA 0
"3524" 6131 680 26687 29335 0 1 12.09 6.15 2.03 1.31 3.89 10.8 27.43 0.96 2 NA NA 0 1 0 0 1 0 0
"3525" 6132 251 21611 24251 0 0 4.75 6.04 1.08 1.38 4.15 4.97 26.86 0.81 2 NA NA 1 1 0 1 1 0 1
"3526" 6133 231 34614 35990 1 1 5.42 5.45 1.94 1.28 3.26 6.26 NA NA 2 NA NA 1 1 0 0 0 0 1
"3527" 6134 251 22251 24891 0 0 4.63 6.19 0.9 1.33 4.44 3.96 19.38 0.83 2 NA NA 1 1 0 1 1 0 0
"3528" 6135 106 19749 22388 0 0 4.75 6.13 1.48 1.03 4.4 7.42 30.04 0.88 2 NA NA 0 0 0 1 0 0 0
"3529" 6136 251 24619 27255 0 0 5.03 8.46 1.14 1.64 6.29 5.2 25.76 1 1 NA NA 1 0 1 1 1 0 1
"3530" 6137 251 25615 27674 0 0 5.82 5.68 1.47 1.13 3.86 9.54 28.37 1.02 1 NA NA 1 0 1 1 NA 0 0
"3531" 6138 161 28635 31270 0 1 7.34 5.77 1.33 1.2 3.94 5.92 27.19 0.9 2 NA NA 0 1 1 1 0 0 0
"3532" 6139 680 24580 27214 0 1 7.97 5.86 2 1 3.92 90.66 39.49 1.01 2 NA NA 1 1 0 1 0 0 1
"3533" 6140 163 18497 21027 0 0 6.78 4.17 1.81 0.67 2.65 11.72 27.43 1.02 1 1 2 1 0 0 0 1 0 1
"3534" 6142 251 24644 27277 0 1 8.14 6.1 1.42 0.87 4.56 18.44 31.35 0.87 2 0 2 1 1 0 1 1 0 0
"3535" 6143 251 26720 29353 0 1 9.6 7.36 1.7 1.03 5.53 12.8 28.91 0.89 2 0 2 1 1 NA 1 1 1 1
"3536" 6144 251 28383 31016 0 0 4.52 6.19 0.99 0.92 4.81 5.49 22.86 0.86 1 1 3 1 1 0 1 1 1 0
"3537" 6145 251 25656 27705 1 0 5.2 5.98 0.63 1.12 4.56 4.5 26.06 0.93 1 1 2 1 0 1 1 NA 0 0
"3538" 6146 680 22284 24918 0 0 5.14 6.15 0.84 1.2 4.55 4.88 26.18 0.87 2 0 3 1 1 0 1 0 0 1
"3539" 6147 670 26580 29209 0 1 5.08 7.13 0.96 1.23 5.45 6.1 23.74 1.01 1 0 2 1 1 0 1 1 0 1
"3540" 6148 166 13966 16594 0 0 4.63 6.62 1.8 1.7 4.07 5.86 29.05 0.83 2 0 3 1 0 0 1 0 0 0
"3541" 6149 251 14225 16844 0 0 4.24 NA NA NA NA NA 24.96 0.89 2 0 NA 0 1 0 1 1 0 1
"3542" 6150 251 14225 16853 0 0 5.59 5.72 1.37 1.4 3.68 9.07 25.41 0.92 1 1 2 1 1 0 0 0 0 0
"3543" 6152 251 21022 23641 0 0 4.75 6.35 1.53 1.71 3.92 7.2 28.24 0.83 2 0 2 1 1 0 1 1 0 0
"3544" 6153 680 23355 25969 0 0 4.92 4.21 0.91 1.2 2.58 6.28 18.82 0.84 2 0 2 1 1 0 0 1 0 1
"3545" 6155 223 14672 17284 0 0 4.86 6.09 0.88 1.07 4.61 3.67 26.87 1.03 1 1 2 0 1 0 1 0 0 1
"3546" 6156 223 14324 16936 0 0 4.8 5.73 0.74 1.34 4.04 5.68 25.41 0.83 2 0 2 0 0 0 1 1 0 1
"3547" 6157 251 23840 24156 0 0 6.1 7.23 0.85 1.44 5.39 7.72 24.84 0.85 2 0 2 1 0 1 1 1 0 1
"3548" 6159 670 28219 30825 0 0 6.61 6.27 0.83 1.42 4.46 12.8 24.56 0.89 2 0 3 1 1 0 1 0 0 0
"3549" 6160 200 26968 29574 0 1 6.33 7.19 1.73 0.97 5.4 6.84 23.83 0.86 2 0 3 1 0 0 0 0 0 1
"3550" 6161 251 21506 24110 0 0 5.2 7.01 1.43 1.14 5.2 5.46 21.76 0.81 2 1 2 1 0 1 1 1 0 1
"3551" 6162 163 19542 22150 0 0 5.65 4.96 3.71 0.64 2.57 12.56 27.13 1 1 1 2 0 1 0 0 0 0 1
"3552" 6163 223 24098 26732 0 0 5.59 5.45 0.79 1.33 3.75 7.14 23.5 0.96 1 NA NA 0 0 0 1 0 0 1
"3553" 6163 223 24098 26732 0 0 5.59 5.45 0.79 1.33 3.75 7.14 23.5 0.96 1 NA NA 0 0 0 1 0 0 1
"3554" 6163 223 24098 26732 0 0 5.59 5.45 0.79 1.33 3.75 7.14 23.5 0.96 1 NA NA 0 0 0 1 0 0 1
"3555" 6163 223 24098 26732 0 0 5.59 5.45 0.79 1.33 3.75 7.14 23.5 0.96 1 NA NA 0 0 0 1 0 0 1
"3556" 6164 251 21760 24365 0 1 17.18 8.6 3.39 0.59 6.42 81.79 30.67 1 2 0 3 0 1 0 1 0 0 1
"3557" 6165 251 22915 25520 0 0 5.54 5.86 0.88 1.24 4.21 4.09 25.99 0.96 1 0 3 1 1 0 1 1 1 0
"3558" 6166 163 25923 28529 0 1 11.24 7.42 1.47 1.3 5.43 5.8 29.64 0.92 2 0 3 NA NA NA 0 0 0 1
"3559" 6168 251 24163 26749 0 0 6.67 7.91 1.83 1.18 5.87 12.36 31.22 0.85 2 0 2 1 1 0 0 0 0 1
"3560" 6169 251 15569 18155 0 0 6.16 4.15 0.73 1.16 2.64 6.51 25.59 0.83 2 1 2 1 1 0 1 0 1 0
"3561" 6170 251 15865 18451 0 0 5.08 4.87 1.07 1.16 3.21 3.38 22.92 0.96 1 1 2 1 0 0 1 0 0 1
"3562" 6172 679 23042 25627 0 1 12.77 4.49 1.98 0.66 2.9 22.65 29.74 1.05 1 0 2 1 1 1 0 1 0 0
"3563" 6173 679 20970 23555 0 0 5.14 5.27 1.56 0.97 3.57 7.05 29.52 0.88 2 0 2 0 0 1 1 0 1 0
"3564" 6174 670 25833 28417 0 0 6.44 6.98 1.08 1.14 5.33 14.92 35.54 0.95 2 0 1 1 0 0 1 0 0 1
"3565" 6175 163 31170 33753 0 NA 6.67 4.53 2.7 0.82 2.44 44.36 25.78 0.77 2 0 2 1 1 0 1 1 0 0
"3566" 6179 696 28428 30957 0 0 5.65 5.37 1.73 0.79 3.77 15.08 24.91 0.97 1 1 2 NA NA NA NA 0 0 0
"3567" 6180 163 23133 25661 0 0 5.76 6.09 1.55 1 4.36 9.19 30.3 0.92 2 0 2 1 1 1 0 0 0 0
"3568" 6181 163 22356 24883 0 0 5.71 6.25 1.67 1.04 4.42 9.96 28.42 0.84 2 0 2 0 1 1 0 0 0 0
"3569" 6182 685 20304 22828 0 0 5.42 7.17 2.74 0.94 4.95 10.97 26.87 1.03 1 1 2 1 0 1 NA 0 0 1
"3570" 6183 166 17944 20465 0 0 5.54 3.8 0.89 0.99 2.4 7.68 33.34 0.95 2 0 1 0 1 0 1 0 0 1
"3571" 6184 659 17877 20398 0 0 6.1 5.21 1.62 1.27 3.18 29.76 43.71 0.92 2 1 2 1 1 0 1 1 0 1
"3572" 6185 696 17197 19719 0 0 5.71 4.48 0.85 1.19 2.89 8.2 26.78 0.85 2 0 2 0 1 0 1 0 NA 1
"3573" 6186 163 21998 24883 0 NA NA NA NA NA NA NA NA NA 2 0 2 0 1 0 0 0 0 0
"3574" 6188 166 26740 29256 0 0 5.88 5.87 1.58 0.72 4.41 7.18 24.96 0.89 2 0 2 0 1 0 1 0 0 1
"3575" 6190 129 19965 22474 0 0 5.31 6.9 0.83 1.7 4.81 4.58 29.14 0.86 2 0 2 0 1 0 1 0 0 0
"3576" 6192 698 15870 18377 0 0 5.65 6.29 1.63 1.18 4.34 10.72 22.84 1.01 1 0 2 0 1 0 1 0 0 0
"3577" 6193 171 13222 15725 0 0 4.75 5.41 0.99 1.16 3.78 NA 26.3 1.02 1 0 2 0 0 0 1 0 0 0
"3578" 6197 165 20002 22508 0 0 4.52 5.63 1.04 1.35 3.8 4.92 23.67 1.02 1 1 2 0 1 0 1 0 0 1
"3579" 6198 258 13412 15914 0 0 5.54 4.83 0.84 1.27 3.17 9.42 21.3 0.86 2 0 2 1 1 0 1 0 0 1
"3580" 6199 258 13845 16347 0 0 4.46 3.54 0.45 1.13 2.2 3.76 26.11 0.96 1 1 2 1 0 0 0 1 0 0
"3581" 6200 258 12999 15498 0 0 5.08 5.06 1.02 1.02 3.56 5.26 22.14 1.01 1 0 2 1 0 1 1 0 NA 1
"3582" 6201 172 16568 19074 0 1 7.91 5.45 1.83 0.93 3.66 71.55 31.44 1.04 1 1 1 0 1 0 1 0 0 0
"3583" 6203 232 13331 15823 0 0 5.99 5.85 1.43 1.11 4.06 6.52 25.78 1.02 1 0 3 1 0 0 1 0 NA 0
"3584" 6205 232 14082 16542 0 0 6.1 4.04 0.85 1.52 2.12 5.84 20.69 0.85 2 1 2 1 0 0 1 0 0 0
"3585" 6208 692 26816 29277 0 1 6.72 5.46 0.97 1.41 3.6 13.64 19.37 0.79 2 0 2 0 1 0 0 0 0 0
"3586" 6210 258 24506 25624 0 1 9.15 4.51 1.75 0.89 2.8 9.16 28.4 1.01 1 0 2 1 1 0 1 0 0 0
"3587" 6212 700 13764 16231 0 0 4.75 6.26 0.94 2.03 3.79 3.04 28.23 1.05 1 1 3 1 1 0 1 0 0 0
"3588" 6214 129 24158 26626 0 0 5.42 5.88 1.29 1.11 4.16 6.56 27.82 0.92 2 0 2 0 1 0 1 0 0 1
"3589" 6218 165 19158 21616 0 0 4.97 5.33 1.2 1.63 3.14 4.38 21.64 0.84 2 0 2 1 1 0 1 0 0 0
"3590" 6219 258 14358 16811 0 1 15.82 7.95 1.9 1.34 5.72 25.25 24.34 0.98 1 0 2 0 1 0 1 1 0 0
"3591" 6221 258 22201 24654 0 0 5.54 6.49 0.82 1.81 4.3 7.02 32.89 NA 2 NA NA 0 1 0 1 0 0 0
"3592" 6223 676 29093 31240 1 1 7.68 6.38 2.99 0.87 4.11 21.51 30.33 0.98 2 0 2 0 1 0 1 0 0 1
"3593" 6224 693 15403 17849 0 1 7.12 5.68 1.75 1.04 3.82 8.53 28.84 0.99 2 1 2 1 0 0 0 0 0 1
"3594" 6225 693 13617 16063 0 0 5.25 4.59 0.69 1.29 2.98 5.76 26.37 0.98 2 1 3 0 1 0 1 0 0 1
"3595" 6226 163 19769 22224 0 1 8.08 5.98 1.34 1.63 3.72 NA 28.04 0.92 2 0 2 1 1 0 NA 0 0 1
"3596" 6227 165 18713 21137 0 0 5.48 6.54 1.04 1.7 4.35 3.32 24.84 0.82 2 0 2 0 0 0 1 0 0 NA
"3597" 6228 675 20389 22549 0 1 7.01 6.34 1.18 1.68 4.11 9.31 29.07 0.91 2 1 2 1 0 0 1 0 0 0
"3598" 6229 675 18597 21016 0 0 5.54 7.07 0.95 2.31 4.31 3.77 25.65 0.79 2 0 2 1 0 0 1 0 0 1
"3599" 6230 258 21323 22053 0 0 5.99 4.87 1.13 1.67 2.67 7.25 25.95 0.88 2 0 2 0 0 0 1 0 0 1
"3600" 6231 675 18003 20418 0 0 5.93 5.98 1.09 1.54 3.92 4.84 24.88 1 1 0 3 1 1 0 1 0 0 0
"3601" 6232 667 13435 15830 0 0 4.8 5.41 2.12 1.18 3.23 5.3 25.1 1.03 1 0 3 1 0 0 1 0 0 1
"3602" 6234 258 14302 16693 0 0 5.31 5.19 0.94 1.58 3.17 2.17 19.15 0.89 1 0 2 1 0 1 1 0 0 1
"3603" 6235 258 24477 26868 0 0 5.42 5.4 1.07 0.69 4.21 8.86 28.01 1.03 1 0 2 0 0 1 0 0 NA 0
"3604" 6236 665 21769 24159 0 0 5.25 8.42 0.75 1.61 6.46 3.6 22.17 0.85 2 0 2 0 0 1 1 0 0 1
"3605" 6237 258 26545 28934 0 0 5.71 5.28 1.83 1.1 3.32 22.5 36.92 0.86 2 0 1 0 1 0 0 0 0 1
"3606" 6240 258 24862 27251 0 1 9.94 5.4 1.89 1.4 3.12 6.66 32.96 1.02 1 1 2 1 1 0 1 0 0 1
"3607" 6242 258 18868 21256 0 0 5.65 6.71 1.87 1.21 4.62 9.06 28.57 0.96 1 0 2 0 1 0 0 0 0 1
"3608" 6243 258 14830 17217 0 0 4.46 3.77 1.13 1.32 1.92 10.88 37.96 0.9 2 1 3 0 1 0 0 0 0 1
"3609" 6244 258 15178 17565 0 0 5.42 5.32 1.13 1.27 3.52 6.32 24.42 1 1 1 3 1 1 1 NA 0 0 1
"3610" 6245 258 17377 19765 0 0 4.46 4.01 1.12 1.25 2.24 4.94 35.57 0.87 2 1 3 0 0 0 0 0 0 0
"3611" 6246 676 15620 18003 0 0 5.2 3.81 0.6 1.46 2.06 6.74 23.44 0.93 2 1 2 0 1 NA 0 0 0 1
"3612" 6248 258 13154 15536 0 0 5.03 3.78 0.86 1.23 2.15 6.36 24.01 0.84 2 1 3 0 1 0 1 1 0 1
"3613" 6251 258 14039 16419 0 0 5.08 5.93 0.94 1.39 4.1 2.49 21.08 0.86 2 0 2 1 0 0 0 0 0 0
"3614" 6252 258 19685 21662 1 0 5.08 5.4 0.91 1.28 3.7 3.73 23.85 0.96 1 0 3 0 1 0 1 0 1 1
"3615" 6255 676 17160 19535 0 0 4.8 4.8 0.9 1.4 2.98 3.13 21.13 0.98 1 1 2 0 1 0 1 0 0 0
"3616" 6256 672 18278 20645 0 1 7.74 6.58 3.13 0.75 4.36 8.45 32.16 1.03 1 1 2 1 1 1 NA 1 0 1
"3617" 6257 182 22881 25255 0 1 9.72 4.62 2.43 0.69 2.79 13.28 34.34 1.04 1 0 2 0 1 0 0 0 0 1
"3618" 6261 163 14456 16818 0 1 8.81 4.34 0.88 1.62 2.3 5.76 29.38 1.02 2 0 2 1 0 0 1 0 0 1
"3619" 6262 163 14132 16494 0 0 6.1 4.73 1.18 1.04 3.13 4.12 25.31 0.98 1 0 2 1 1 0 1 0 0 1
"3620" 6263 258 12925 15651 0 1 10.4 4.75 0.75 1.72 2.67 NA 21.79 0.97 1 0 2 1 1 0 1 1 0 0
"3621" 6264 258 23099 25460 0 1 13.67 5.7 0.7 1.55 3.82 10.39 28.63 0.95 2 0 2 1 0 0 1 1 0 NA
"3622" 6265 258 23611 25972 0 0 5.2 5.59 0.88 1.16 4.02 8.22 22.76 0.99 1 1 1 1 1 0 1 1 0 0
"3623" 6266 258 20672 23032 0 1 8.25 6.17 2.49 1.39 3.61 12.86 34.77 0.93 2 1 1 0 1 0 1 0 0 1
"3624" 6267 258 23542 25902 0 0 5.76 4.28 1.39 1.04 2.59 10.3 26.47 0.99 1 0 1 0 1 0 1 0 0 0
"3625" 6268 258 18128 20473 0 0 6.27 4.19 0.75 1.68 2.16 14 35.59 0.96 2 0 NA 1 0 0 1 0 0 1
"3626" 6269 258 14909 17254 0 1 13 4.43 1.17 1.29 2.59 19 37.32 1.06 2 0 2 1 1 0 1 0 0 1
"3627" 6271 258 25458 27814 0 0 6.84 5.22 0.69 NA NA 10.15 25.88 1 2 0 2 1 1 0 NA 0 0 0
"3628" 6273 258 23786 26141 0 0 6.55 5.28 1.98 0.92 3.43 14.08 31.96 1.01 1 1 2 1 1 0 1 0 0 1
"3629" 6274 258 13309 15662 0 1 13.79 6.66 2.95 1.04 4.23 42.92 36.73 1 2 1 1 0 1 0 1 0 0 0
"3630" 6275 258 15666 18019 0 0 6.16 6.53 7.73 NA NA 12.26 33.24 1.03 1 0 2 0 1 0 1 0 0 0
"3631" 6279 258 17757 20111 0 0 5.71 3.88 1.55 1 2.15 9.83 29.59 0.99 2 0 2 1 1 0 0 0 0 1
"3632" 6280 258 18265 20617 0 0 5.59 6.27 1.15 2.22 3.51 9.15 24.16 0.93 2 1 2 1 1 0 1 0 0 1
"3633" 6283 258 21880 24228 0 1 11.53 5.71 1.78 1.07 3.8 22.48 39.04 1.01 2 1 1 1 1 0 1 0 0 1
"3634" 6284 258 24465 24932 1 1 9.04 5.48 2.71 1.14 3.07 5.48 24.51 1.03 1 1 1 1 0 1 1 0 0 0
"3635" 6285 258 24039 26387 0 1 12.2 5.54 1.13 1.14 3.87 16.1 27.22 1.01 2 1 1 0 1 0 0 0 0 1
"3636" 6286 258 27069 29417 0 0 5.42 4.68 1.23 0.81 3.29 4.59 25.43 0.99 1 1 1 1 0 0 0 0 0 1
"3637" 6288 258 16915 19262 0 0 5.65 3.86 0.64 1.47 2.09 3 20.82 0.96 1 0 2 1 1 0 1 0 0 1
"3638" 6289 258 26964 29233 0 1 8.25 6.45 1.26 1.39 4.47 24 25.63 0.89 2 0 1 1 0 0 0 0 0 1
"3639" 6290 258 12991 15323 0 0 4.41 6.92 1.79 2.06 4.02 NA 24.97 NA 2 1 2 0 1 0 1 0 0 1
"3640" 6291 258 12993 15325 0 0 5.08 5.3 2.52 0.71 3.41 6.27 26.49 1 1 1 NA 0 0 0 1 0 0 1
"3641" 6295 258 18565 20910 0 1 8.59 3.94 0.55 1.67 2.01 8 31.22 0.82 2 0 1 1 1 0 1 0 1 1
"3642" 6296 163 13388 15730 0 0 5.54 5.14 0.73 1.53 3.27 6 22.39 0.9 2 0 3 1 1 0 1 0 0 1
"3643" 6297 163 13580 15922 0 0 5.48 6.93 1.25 1.27 5.07 9.37 28.54 1.02 1 0 2 0 1 1 1 0 0 1
"3644" 6298 258 16490 18831 0 1 6.44 8.04 2.16 1.16 5.87 12.28 26.63 1.01 1 1 2 0 1 0 1 1 0 0
"3645" 6300 258 15966 18306 0 0 5.54 5.06 0.86 1.68 2.97 5.55 28.92 0.98 2 1 2 0 0 0 0 0 0 1
"3646" 6302 842 22573 24912 0 1 9.27 5.22 3.28 0.84 2.84 20.04 28.88 1.01 1 0 2 1 0 0 NA 0 0 1
"3647" 6304 258 13771 16106 0 0 5.25 5.56 1.27 0.91 4.05 12.01 31.56 1.01 1 1 2 1 0 0 1 0 0 0
"3648" 6305 258 13009 15344 0 0 4.69 5.01 0.8 1.6 3.03 7.36 25.28 0.91 2 0 1 1 0 0 1 0 0 1
"3649" 6306 258 21110 23444 0 0 4.86 6.51 1.64 1.42 4.32 5.1 22.14 1.01 1 1 2 1 0 0 1 0 0 1
"3650" 6307 258 19327 21661 0 0 5.2 7.84 1.01 1.64 5.73 5.14 22.38 0.85 2 1 2 1 0 0 1 0 0 0
"3651" 6308 258 14845 17165 0 0 6.22 4.94 1.85 1.03 3.04 26.23 37.44 1.03 2 1 2 1 0 1 1 0 0 0
"3652" 6309 260 19874 22094 0 0 5.93 4.75 1.03 0.94 3.33 20.22 32.16 1.04 1 1 2 1 0 0 1 0 1 0
"3653" 6312 258 14358 16686 0 0 5.03 3.46 0.9 1.26 1.78 3.83 22.41 0.94 2 1 2 1 0 0 1 1 0 1
"3654" 6313 258 13926 16254 0 0 5.59 4.91 0.77 1.25 3.3 4.04 22.02 0.97 1 1 2 0 1 0 1 1 0 0
"3655" 6315 258 26473 28800 0 1 8.48 4.25 1.66 1.08 2.39 40.94 29.27 1.01 2 0 2 1 1 0 1 0 0 0
"3656" 6316 258 26358 28685 0 1 6.61 7.46 1.69 1.31 5.36 8.37 24.51 1.03 1 1 2 0 0 0 1 1 0 0
"3657" 6318 259 16557 18882 0 0 5.54 3.71 0.67 1.56 1.83 4.18 23.54 0.85 2 1 2 1 0 0 0 1 1 0
"3658" 6319 259 18924 21249 0 1 7.06 5.23 0.99 1.56 3.2 10.97 31.71 1.01 1 1 2 0 0 0 1 1 0 1
"3659" 6321 163 17304 19625 0 0 5.14 5.26 0.97 1.34 3.47 9.1 25.15 0.79 2 0 2 1 1 0 1 0 0 1
"3660" 6322 163 14287 16606 0 0 5.54 7.03 0.94 1.4 5.19 6.37 28.84 0.94 2 0 2 0 0 0 1 0 0 1
"3661" 6323 163 16887 19206 0 0 6.05 5.55 1.38 1.25 3.65 5.78 26.96 1.01 1 1 1 0 1 0 1 0 0 1
"3662" 6324 258 25158 27476 0 0 5.99 6.54 1.59 1.44 4.35 9.37 28.35 0.84 2 0 3 0 0 0 1 0 0 1
"3663" 6325 258 13215 15533 0 0 5.65 4.88 0.95 1.95 2.48 4.12 25.18 0.85 2 0 3 0 1 0 1 1 1 1
"3664" 6328 258 15731 18044 0 0 5.37 3.18 1.05 1.18 1.5 4.15 22.39 0.94 2 1 3 1 0 0 1 0 0 1
"3665" 6329 258 15670 17983 0 0 5.59 5.59 1.8 1.16 3.58 5.04 26.81 1.02 1 1 2 0 0 0 1 0 0 1
"3666" 6333 258 22015 24326 0 0 6.22 5.46 0.96 1.29 3.71 7.86 24.68 1.04 1 1 2 0 0 0 1 0 0 0
"3667" 6334 258 14510 16817 0 0 5.88 4.52 0.83 1.8 2.33 6.62 28.51 0.78 2 0 2 1 1 0 1 0 0 0
"3668" 6335 258 16525 18832 0 0 5.08 6.35 1.02 1.72 4.15 1.52 20.53 0.96 1 0 3 1 0 0 0 1 0 1
"3669" 6337 259 20127 22432 0 1 8.25 7.37 1.49 1.84 4.83 3.15 26.3 1 1 0 3 0 1 0 1 1 0 1
"3670" 6338 259 17939 20244 0 0 5.59 5.6 0.98 1.92 3.22 5.2 20.73 0.83 2 0 2 0 1 0 1 0 0 0
"3671" 6339 258 23970 24741 0 1 14.92 6.26 2.19 1.18 4.05 4.56 NA NA 1 1 1 1 0 0 1 0 1 1
"3672" 6340 258 21340 23644 0 0 5.48 5.32 1.79 1.57 2.91 8.67 36.18 0.99 2 0 1 1 0 1 1 0 0 NA
"3673" 6342 175 23831 26130 0 1 6.89 4.12 1.29 1.46 2.05 16.28 34.87 0.99 2 0 1 0 1 0 1 0 0 1
"3674" 6343 175 22853 25152 0 0 5.88 6.04 1.12 1.47 4.04 3.47 22.72 0.9 1 0 2 1 0 0 1 0 0 NA
"3675" 6345 258 17832 20128 0 0 5.65 6.05 0.64 1.5 4.25 8.34 25.8 1.01 1 1 2 1 0 0 1 0 0 0
"3676" 6346 258 14558 16854 0 0 4.69 6.52 1.26 1.08 4.84 4.27 27.16 1 1 1 3 0 1 0 1 1 0 0
"3677" 6349 163 28543 30834 0 NA 5.65 NA NA NA NA 14.75 29.82 0.84 2 0 1 0 1 1 1 0 0 1
"3678" 6350 163 28666 30957 0 NA 5.2 7.73 1.55 1.13 5.87 5.02 23.18 0.96 1 0 1 0 0 0 NA 0 0 0
"3679" 6351 258 14326 16618 0 0 5.25 5.35 0.53 1.95 3.15 3.7 23.53 1 1 1 3 1 0 0 0 1 1 1
"3680" 6352 258 13594 15886 0 0 5.48 4.88 0.47 1.59 3.07 4.21 20.76 0.86 2 0 2 1 1 0 1 1 0 0
"3681" 6353 258 15683 17975 0 0 5.42 4.83 0.42 1.77 2.86 3.76 25.82 1.02 1 1 2 1 0 0 0 0 0 1
"3682" 6355 175 13916 16202 0 1 12.66 6 3.65 1 3.29 29.64 36.08 1.05 1 1 2 0 0 0 1 1 0 0
"3683" 6357 260 20416 22701 0 0 6.05 6.2 2.26 1.25 3.88 23.92 28.67 0.9 2 0 1 0 0 0 1 0 0 0
"3684" 6358 260 13365 15650 0 1 6.22 5.24 3.76 1.92 1.55 39.04 28.64 NA 2 1 2 0 0 0 0 0 0 0
"3685" 6363 690 25440 27710 0 1 11.3 5.13 1.55 1.18 3.22 18.05 30.37 0.98 1 1 1 1 0 0 1 1 0 1
"3686" 6365 260 18151 20407 0 0 5.31 4.92 0.87 1.7 2.81 4.57 21.91 0.83 2 0 2 0 1 0 0 0 0 1
"3687" 6369 259 18915 21154 0 1 6.89 6.29 1.19 1.58 4.15 16.4 26.81 0.81 2 0 2 0 1 0 0 0 0 1
"3688" 6370 259 19533 21772 0 0 5.31 6.35 1.95 1.06 4.37 11.28 29.39 1.08 1 1 NA 0 1 0 0 1 0 1
"3689" 6376 258 18798 21038 0 0 5.82 5.34 0.86 1.29 3.64 6.43 32.69 1 1 1 3 0 0 0 1 0 0 NA
"3690" 6382 258 13979 16208 0 0 5.31 5.37 0.77 1.52 3.49 4.48 22.22 0.98 1 1 2 1 1 1 0 0 0 0
"3691" 6384 259 16737 18956 0 1 11.98 3.61 1.6 1.4 1.46 5.85 30.46 0.88 2 0 2 1 0 1 0 0 0 1
"3692" 6385 259 18835 21054 0 0 5.59 5.76 2.68 1.14 3.36 8.59 30.39 1.03 1 1 2 0 1 0 0 0 0 0
"3693" 6386 260 17471 19686 0 1 7.8 5.03 1.67 1.61 2.63 19.27 25.59 0.88 2 1 2 0 1 0 1 0 0 0
"3694" 6387 260 17748 19963 0 0 5.48 4.91 0.68 1.77 2.82 3.87 23.92 0.97 1 1 3 0 1 0 NA 1 0 0
"3695" 6388 260 16864 19079 0 0 5.82 4.2 1.6 1.02 2.43 11.48 27.81 1 1 1 3 0 1 0 1 0 0 1
"3696" 6389 260 16624 18839 0 0 5.93 5.98 2.07 1.11 3.89 5.84 27.94 0.89 2 0 3 1 1 0 1 0 0 0
"3697" 6391 260 22416 24632 0 1 8.81 5.69 1.51 1.37 3.61 11.3 29 1.02 1 1 2 0 1 0 1 1 0 0
"3698" 6392 260 20806 23022 0 0 6.1 5.59 0.83 1.94 3.25 5.62 22.35 0.79 2 0 1 1 0 0 NA 1 0 1
"3699" 6395 259 15155 17364 0 0 4.86 3.35 0.9 1.39 1.53 5.95 29.67 1.05 1 1 2 1 0 0 1 0 0 1
"3700" 6396 260 21951 24156 0 0 6.22 7.42 5.57 NA NA 9.71 24.62 1.01 1 1 2 0 0 0 1 0 0 1
"3701" 6397 260 20805 23010 0 1 7.06 6.26 0.83 1.76 4.11 11.99 24.5 0.8 2 0 3 1 1 0 1 0 0 1
"3702" 6398 260 21218 23423 0 1 7.4 5.52 1.05 2.1 2.93 10.83 21.85 1.01 1 1 2 0 0 0 0 0 0 1
"3703" 6400 671 17730 19931 0 0 8.81 4.15 0.68 1.5 2.33 19.83 21.51 0.79 2 1 3 1 1 0 0 0 0 0
"3704" 6401 671 16840 19041 0 0 21.58 5.91 0.89 1.58 3.92 33.81 21.8 0.95 1 1 3 1 0 0 0 0 0 1
"3705" 6402 671 19290 21491 0 1 6.1 5.56 0.95 1.47 3.64 12.66 24.8 0.95 1 1 2 1 1 NA 0 0 0 1
"3706" 6403 671 17369 19570 0 1 5.76 5.84 1.92 1.61 3.32 NA 28.25 0.79 2 1 2 1 0 0 1 0 0 1
"3707" 6404 701 16467 18666 0 0 8.36 4.27 0.93 1.38 2.45 21.98 23.25 0.97 1 1 3 0 1 0 1 1 0 1
"3708" 6407 705 13829 16027 0 0 5.48 5.24 1.27 1.38 3.27 5.28 22.91 0.88 2 1 2 0 1 1 1 0 0 0
"3709" 6408 259 20088 22281 0 0 6.05 5.69 1.01 1.42 3.8 7.49 26.53 1 1 1 2 0 1 1 0 0 0 1
"3710" 6409 259 18818 21011 0 1 7.63 6.58 1.34 1.41 4.54 2.47 24.3 0.98 1 0 2 1 1 0 0 0 0 1
"3711" 6410 259 17573 19766 0 0 5.65 5.06 0.75 1.7 3.01 3.59 30.97 1.01 1 1 2 1 0 1 0 0 0 1
"3712" 6411 259 18181 20369 0 1 7.8 3.49 0.57 1.83 1.39 6.3 24.16 0.98 1 0 3 0 0 0 0 0 0 1
"3713" 6415 259 19591 21783 0 1 8.98 5.78 0.93 1.71 3.63 19.18 30.67 0.83 2 0 3 1 0 0 0 0 1 1
"3714" 6417 259 20817 23009 0 0 5.54 6.05 1.12 1.12 4.4 15.62 30.4 1.02 1 1 2 0 1 0 0 0 0 1
"3715" 6419 259 27295 29482 0 1 15.03 5.61 1.44 1.62 3.32 5.04 20.96 NA 1 0 3 0 1 0 1 0 0 0
"3716" 6420 259 15304 17490 0 0 5.14 3.66 0.53 1.49 1.92 3.41 19.57 0.82 2 0 3 0 1 0 1 0 0 0
"3717" 6421 259 16289 18475 0 0 5.31 4.2 0.49 1.56 2.41 2.79 22.69 0.95 1 0 3 1 1 0 1 NA 0 0
"3718" 6422 259 27034 29220 0 0 5.31 6.15 1.64 1.06 4.32 11 22.77 0.82 2 0 2 1 1 0 1 0 0 0
"3719" 6423 259 25604 27789 0 1 11.41 4.94 0.88 1.41 3.12 19 29.24 1.04 1 1 1 0 1 0 1 0 0 0
"3720" 6424 259 18145 20330 0 1 7.4 5.08 0.83 1.63 3.06 6.99 26.39 1.02 1 1 2 1 0 0 1 0 0 1
"3721" 6425 259 16922 19107 0 0 5.03 4.7 0.67 1.96 2.42 4.19 25.59 0.93 1 1 3 0 1 0 1 0 0 0
"3722" 6427 259 24944 27122 0 0 5.82 5.92 0.98 1.98 3.48 9.02 27.48 0.81 2 0 2 0 1 0 1 0 0 0
"3723" 6428 259 21559 23742 0 0 5.42 7.68 2.04 1.74 4.98 8.91 24.84 0.82 2 0 2 1 0 0 1 1 0 1
"3724" 6429 259 20897 23080 0 0 5.59 5.77 0.95 1.78 3.54 6.2 29.22 1.02 1 0 2 0 1 0 1 1 0 1
"3725" 6431 259 26674 28855 0 0 6.89 5.45 2.88 1.22 2.87 17.39 26.91 0.86 2 0 3 0 1 0 0 1 0 1
"3726" 6433 259 24267 26447 0 1 8.59 4.87 0.68 2.34 2.21 5.21 24.09 1.02 1 1 2 0 1 0 1 0 0 0
"3727" 6435 259 24026 26198 0 1 12.09 6.27 2.17 1.23 4.02 8.19 22.15 0.85 2 0 2 1 1 0 0 0 0 1
"3728" 6436 259 13283 15460 0 1 9.1 4.54 0.87 1.38 2.76 3.92 23.55 1 1 0 3 1 1 1 0 0 0 1
"3729" 6437 259 12963 15140 0 0 4.97 4.61 0.48 1.35 3.03 2.75 19.83 0.83 2 0 2 NA 1 NA 1 0 0 0
"3730" 6438 259 25139 27317 0 0 4.46 9.45 0.96 1.82 7.18 2.57 23.11 0.84 2 0 3 1 1 0 1 0 0 1
"3731" 6440 259 22119 24283 0 0 4.8 6.98 1.63 1.59 4.62 5.39 25.15 0.81 2 1 2 1 1 0 1 0 0 1
"3732" 6441 259 17044 19213 0 0 5.25 5.67 0.73 1.58 3.75 4.42 24.11 1 1 1 3 1 1 0 1 0 0 0
"3733" 6442 259 15709 17878 0 0 5.54 6.13 0.74 2.21 3.58 5.25 26.43 0.84 2 0 2 0 1 0 0 1 0 0
"3734" 6445 259 14296 16462 0 1 9.38 5.99 3.83 1.13 3.06 25.39 23.29 1.03 1 0 2 1 1 1 0 0 0 1
"3735" 6446 259 13614 15780 0 0 5.14 5.38 0.94 1.21 3.73 3.54 22.6 0.84 2 0 3 1 1 0 1 1 0 0
"3736" 6447 259 20851 23017 0 0 5.76 5.24 1.45 1.73 2.83 15.95 29.24 0.9 2 0 3 1 1 0 0 0 0 1
"3737" 6448 259 16240 18405 0 1 8.48 4.96 1.1 1.38 3.06 NA 25.34 0.88 2 0 3 0 0 NA 1 0 0 0
"3738" 6449 259 17173 19338 0 0 5.48 5.7 2.56 0.95 3.55 22.38 30.03 1.05 1 0 3 0 1 0 0 NA 0 1
"3739" 6451 259 18097 20261 0 0 5.54 5.3 1.47 1.24 3.37 4.16 23.29 1 1 1 2 1 1 0 0 1 1 0
"3740" 6452 259 26455 28615 0 0 5.03 7.33 0.88 2.33 4.59 3.91 25.22 0.83 2 0 3 0 1 1 1 0 0 1
"3741" 6453 259 26691 27468 1 1 7.68 5.05 0.81 1.02 3.64 57.38 27.81 1.01 1 0 2 0 1 0 1 0 0 1
"3742" 6454 259 16906 19066 0 1 18.64 7.31 1.23 1.6 5.13 6.54 28.04 1 1 0 2 1 1 0 NA 1 0 0
"3743" 6455 259 26463 28600 1 1 11.64 5.77 1.74 1.35 3.6 15.08 29.59 NA 2 0 1 1 0 0 0 0 0 0
"3744" 6456 259 25990 26376 1 0 5.42 7.16 1.85 1.2 5.09 5.48 22.28 NA 1 1 1 NA NA NA 1 0 0 NA
"3745" 6457 259 13551 15708 0 0 5.08 6.37 1.88 1.37 4.11 5.15 24.23 1 1 1 2 1 0 0 1 0 0 0
"3746" 6459 259 25810 27967 0 0 6.5 4.9 0.96 1.3 3.15 11.98 32.3 1.02 1 1 2 1 1 0 1 0 0 0
"3747" 6460 259 23757 25914 0 0 5.08 7.38 1.43 1.34 5.36 13.17 28.96 0.92 2 0 2 1 1 0 NA 0 0 1
"3748" 6461 259 16354 18506 0 1 7.51 4.46 0.72 1.66 2.46 3.87 20.12 0.8 2 0 2 0 1 0 1 0 0 1
"3749" 6462 259 16140 18292 0 0 5.48 5.35 0.9 1.3 3.63 4.14 26.78 1.03 1 1 2 0 1 0 1 0 0 1
"3750" 6465 841 22154 24279 0 0 6.22 6.24 1.26 1.58 4.06 8.92 28.98 0.76 2 0 3 0 0 0 0 1 0 1
"3751" 6471 259 16818 18912 0 0 NA NA NA NA NA NA NA NA 2 NA NA 0 1 0 0 0 0 1
"3752" 6474 106 28612 30625 0 1 5.65 6.04 1.94 1.02 4.11 30.09 28.69 1 1 1 3 1 0 NA 1 0 0 1
"3753" 6475 500 13725 14882 0 0 5.76 4.88 0.56 1.68 2.94 5.67 22.32 0.88 1 0 2 0 1 0 1 NA 0 NA
"3754" 6476 163 16620 18623 0 0 5.08 6.34 1.85 1.04 4.43 11.8 30.27 0.99 1 1 2 0 1 0 1 0 0 1
"3755" 6477 163 16708 18711 0 0 5.88 5.44 0.62 1.29 3.85 5.7 28.4 0.83 2 0 2 0 1 0 0 0 0 0
"3756" 6478 258 13407 15370 0 0 5.42 5.98 2.66 0.96 3.77 6.33 26.78 1.03 1 1 2 0 1 0 0 0 0 0
"3757" 6489 259 21254 23208 0 0 5.76 7.23 0.78 2.18 4.68 7.55 23.39 0.82 2 0 2 0 1 NA 1 0 0 0
"3758" 6500 1176 14801 16707 0 0 6.44 5.64 0.73 1.73 3.57 7.9 25.12 0.82 2 0 2 1 1 0 1 0 0 1
"3759" 6501 251 22321 24225 0 0 6.22 5.64 2.06 1.2 3.47 7.47 25.01 0.92 1 1 2 1 1 0 0 1 1 0
"3760" 6502 701 16930 18829 0 0 6.1 3.49 0.93 1.53 1.53 6.47 16.53 0.75 2 1 2 0 1 0 1 0 0 NA
"3761" 6507 182 21152 23024 0 1 7.05 5.05 1.29 1.03 3.42 8.56 24.34 0.99 1 1 2 0 0 NA 1 0 0 1
"3762" 6508 182 20946 22818 0 1 6.75 4.89 2.12 1.08 2.81 16.31 32.39 0.92 2 0 2 0 NA 1 1 0 0 0
"3763" 6509 701 28639 30877 0 0 6.1 NA NA NA NA NA 23.83 0.79 2 0 3 0 1 0 1 0 0 1
"3764" 6512 163 14618 16483 0 0 4.65 3.39 0.84 1.17 1.82 10.85 27.22 0.86 2 1 2 0 1 0 1 0 1 0
"3765" 6513 163 15329 17194 0 0 4.97 5.78 1.26 1.57 3.62 5.58 25.99 0.92 1 1 2 1 1 NA 1 0 0 0
"3766" 6514 163 14079 15935 0 0 5.5 4.22 0.72 1.4 2.49 9.1 24.75 0.84 2 1 2 0 1 NA 1 0 0 1
"3767" 6515 163 13950 15806 0 0 5.25 4.66 0.84 1.13 3.13 5.44 19.96 0.9 1 1 2 0 0 NA 1 0 1 1
"3768" 6516 163 17841 19696 0 0 5.55 5.19 1.31 1.24 3.34 5.96 24.6 0.87 1 1 3 0 1 0 1 0 0 1
"3769" 6517 163 17586 19441 0 0 6.7 4.7 0.94 1.12 3.14 15.34 28.58 0.82 2 0 3 1 0 0 1 0 0 1
"3770" 6518 163 16125 17974 0 0 5.82 5.51 1.08 1.52 3.48 8.71 26.75 0.86 2 0 3 1 1 0 1 0 0 1
"3771" 6519 163 15862 17711 0 0 5.75 4.38 0.79 1.27 2.74 6.5 23.06 0.92 1 0 3 0 0 0 1 0 0 1
"3772" 6521 670 23381 25223 0 1 11.15 5.32 2.39 0.99 3.21 8.05 29.47 0.95 2 0 2 0 0 0 1 1 NA 1
"3773" 6522 251 15058 16899 0 0 5.75 6.16 1.05 1.29 4.38 5.18 25.69 0.92 1 0 2 1 1 NA 1 0 0 1
"3774" 6523 723 25874 26145 1 1 10.5 5.12 1.84 0.8 3.45 28.07 23.88 0.89 1 1 1 0 1 0 1 0 0 0
"3775" 6524 723 18217 20053 0 0 4.95 4.91 1.19 1.49 2.86 6.84 25.72 0.9 2 0 3 0 1 0 0 0 0 1
"3776" 6527 723 15999 17827 0 1 10.28 5.46 1.99 1.11 3.42 28.54 32.98 0.99 1 1 2 1 0 0 0 0 0 1
"3777" 6528 723 14870 16698 0 0 4.75 4.81 1.11 1.23 3.06 17.81 24.98 0.87 2 1 2 1 1 0 1 0 0 1
"3778" 6530 813 23085 24886 0 0 9.93 4.74 1 1.43 2.84 NA 20.68 0.92 1 1 1 1 0 1 1 0 0 0
"3779" 6531 723 18770 20573 0 1 7.4 5.23 0.74 1.32 3.57 7.92 24.96 0.99 1 1 2 0 1 0 0 0 1 1
"3780" 6532 723 26006 27830 0 0 5.35 6.28 2.79 1.1 3.87 17.61 35.62 0.86 2 0 1 1 1 0 1 0 0 1
"3781" 6533 723 14138 15962 0 0 5.48 4.88 1.42 0.87 3.34 10.63 29.74 0.97 2 1 2 1 0 0 0 0 0 1
"3782" 6538 814 19533 21342 0 0 17.68 4.29 0.86 1.35 2.54 9.4 27.77 0.89 1 1 2 1 1 1 1 0 0 0
"3783" 6541 200 15084 16873 0 0 6.32 4.18 0.88 1.58 2.19 10.62 22.32 0.82 2 0 3 0 1 0 0 1 0 1
"3784" 6542 812 14238 16018 0 0 5.45 6.81 2.92 1.01 4.43 11.45 28.24 0.98 1 1 2 0 1 0 1 0 0 1
"3785" 6543 701 22694 24462 0 0 5.8 4.72 0.81 1.31 3.03 5.38 24.42 0.88 1 1 3 1 1 0 0 0 0 1
"3786" 6545 200 14911 16678 0 0 5.5 4.62 1.18 1.22 2.85 4.86 23.91 0.92 1 0 3 0 1 1 0 0 0 1
"3787" 6548 200 14253 15990 0 0 4.85 5.64 1.05 1.36 3.78 8.06 21.1 0.93 1 1 2 0 1 1 1 0 0 0
"3788" 6549 200 13344 15081 0 0 4.45 4.03 0.93 1.46 2.14 5.68 23.83 0.88 2 0 2 0 1 0 0 0 0 0
"3789" 6555 815 24895 26606 0 1 19.85 4.69 0.78 1.44 2.88 12.98 25.61 0.96 1 1 3 1 0 0 1 1 0 0
"3790" 6556 163 16113 17825 0 0 5.6 5.85 0.98 1.49 3.9 8.46 25.54 0.98 1 1 2 0 1 0 1 1 0 0
"3791" 6559 5032 22431 24091 0 1 11.75 6.86 0.93 1.9 4.52 15.74 36.51 0.74 2 0 2 0 1 0 0 1 0 0
"3792" 6560 5032 22738 24398 0 1 6.7 5.98 1.7 0.98 4.2 39.13 28.55 1 1 1 2 0 1 0 NA 0 0 0
"3793" 6561 669 15697 17353 0 1 6.55 4.73 1.29 1.12 3 11.63 24.54 0.99 1 0 2 1 1 0 1 0 1 1
"3794" 6563 165 17245 18872 0 0 5.6 6.41 1.96 1.28 4.21 8.93 25.51 0.98 1 0 3 0 1 1 1 0 0 1
"3795" 6564 660 26482 28086 0 1 9.9 5.03 3.89 0.88 2.32 15.49 33.15 0.83 2 0 1 1 1 1 0 0 0 1
"3796" 6567 106 27754 29339 0 0 4.85 7.28 0.97 1.5 5.32 2.75 31.44 0.92 2 0 1 1 1 0 1 1 0 0
"3797" 6568 127 15958 17543 0 0 5.45 4.98 1.18 1.73 2.69 7.92 26.64 0.81 2 0 3 0 1 0 1 0 0 NA
"3798" 6569 169 26025 27609 0 0 5.45 5.83 1.3 1.55 3.67 9.68 29.13 0.86 2 0 2 1 0 0 0 1 1 1
"3799" 6571 692 16979 18555 0 0 5 4.47 0.92 1.58 2.45 7.88 24.51 0.86 2 0 3 1 1 0 1 0 0 0
"3800" 6572 677 23549 25132 0 0 5.4 5.75 1.56 1.01 4 9.73 29.06 0.98 1 1 3 0 1 1 0 0 0 0
"3801" 6573 669 23993 25575 0 0 4.9 5.7 2.06 1.43 3.3 9.93 26.33 0.93 2 0 2 0 1 0 1 0 0 1
"3802" 6574 677 14162 15740 0 0 5.7 4.78 0.93 1.28 3.07 7.67 31.04 0.92 1 1 2 1 1 0 1 0 0 0
"3803" 6575 677 20342 21919 0 0 5.4 5.52 0.68 1.5 3.7 5.56 34.08 0.79 2 1 2 0 NA NA 1 0 1 1
"3804" 6576 677 23750 25327 0 0 4.4 5.06 1.19 1.86 2.64 11.91 33.02 0.92 2 1 2 0 1 0 1 0 1 NA
"3805" 6577 692 17371 18942 0 0 6.25 6.05 2.62 1.42 3.39 21.04 36.79 0.94 2 1 2 1 1 0 0 1 0 1
"3806" 6579 165 16075 17650 0 0 5.6 6.03 0.96 1.28 4.3 6.83 23.46 0.84 2 1 3 1 0 0 1 0 0 0
"3807" 6580 232 23533 25102 0 0 5.5 6.16 1.23 1.6 3.99 5.68 28.15 0.83 2 0 3 1 1 0 1 0 0 0
"3808" 6581 232 27387 28559 1 0 5.3 5.02 1.24 0.89 3.55 21.06 31.51 1.07 1 1 1 1 0 0 1 0 0 1
"3809" 6582 661 16643 18211 0 1 13.95 4.83 0.68 1.57 2.94 6.35 26.45 0.83 2 0 3 0 0 0 NA 0 0 0
"3810" 6583 677 15393 16961 0 0 5 5.04 0.73 1.6 3.1 3.39 21.21 0.8 2 1 3 1 0 0 0 1 0 1
"3811" 6584 677 16843 18408 0 0 5.1 NA NA NA NA NA 21.39 0.8 2 1 3 1 0 0 0 0 0 0
"3812" 6585 677 16317 17882 0 0 4.75 5.59 0.72 1.61 3.65 5.83 24.32 0.8 2 0 3 1 0 0 0 1 0 1
"3813" 6586 692 27091 28655 0 0 5.5 5.67 1.49 0.95 4.02 15.19 26.08 0.96 1 1 3 1 0 0 NA 0 0 NA
"3814" 6588 127 28939 29459 0 0 5.85 4.31 0.86 1.37 2.53 8.41 28.37 1 1 0 2 NA NA NA 1 NA NA NA
"3815" 6589 127 24790 26351 0 0 5.2 7.04 1.77 1.24 4.97 7.99 33.46 0.82 2 0 3 1 1 0 0 0 0 1
"3816" 6591 232 22033 23591 0 0 5.3 5.89 1.07 1.42 3.96 4.26 25.14 0.82 2 0 3 1 0 1 0 0 0 1
"3817" 6592 232 22903 24461 0 0 4.75 5.42 1.03 1.82 3.11 4.88 26.91 0.9 2 0 2 1 1 0 1 0 0 0
"3818" 6594 678 20067 21625 0 0 5.75 5.52 0.69 1.71 3.48 2.95 26.43 0.91 1 0 3 0 1 0 1 0 0 1
"3819" 6595 660 25805 27361 0 0 4.8 6.27 0.99 1.66 4.14 9.34 25.43 0.81 2 0 2 1 0 1 NA 0 1 0
"3820" 6596 660 16593 18149 0 0 5.4 5.59 1.05 1.52 3.58 14.79 28.86 0.82 2 0 2 0 1 1 1 0 0 1
"3821" 6597 660 13718 15274 0 0 4.9 4.24 0.96 1.9 1.89 6.44 23.15 0.81 2 1 2 1 1 1 1 0 0 1
"3822" 6598 677 18115 19670 0 0 5.65 5.84 1.85 1.1 3.87 8.61 28.23 1.03 1 1 3 1 0 0 0 1 0 1
"3823" 6601 676 16853 18402 0 0 5 4.69 0.95 1.51 2.73 3.69 24.39 0.95 1 1 3 1 1 0 NA 0 0 0
"3824" 6602 258 16020 17563 0 0 4.8 5.73 1.08 1.34 3.88 6.2 21.93 0.78 2 1 2 1 0 NA 1 0 NA 1
"3825" 6607 162 18037 19578 0 0 4.85 6.53 0.8 1.34 4.81 4.69 23.02 0.93 1 1 2 1 0 0 1 0 0 1
"3826" 6608 258 16622 18165 0 0 4.4 5.95 1.04 1.49 3.97 2.02 22.72 0.89 1 1 2 1 0 1 1 0 0 0
"3827" 6610 660 20724 22264 0 1 NA 6.1 1.38 1.43 4.02 24 21.3 0.85 1 1 2 0 0 0 NA 1 0 1
"3828" 6611 660 22649 24183 0 0 5.15 5.76 0.67 1.84 3.61 3.44 21.42 0.87 2 0 2 1 1 0 1 0 0 0
"3829" 6615 660 28209 29709 0 1 7.38 3.95 1.65 0.92 2.26 11.72 27.82 0.94 1 0 3 0 1 1 1 0 0 NA
"3830" 6616 660 18256 19756 0 0 6.18 9.21 13.98 NA NA 12.95 23.61 1 1 1 3 0 1 0 1 0 0 1
"3831" 6617 660 14426 15848 0 0 5 5.91 1.36 1.09 4.18 4.74 26.57 0.89 1 0 2 1 1 1 0 0 0 1
"3832" 6618 847 22942 24441 0 0 4.97 6.72 1.23 1.2 4.94 6.85 26.91 0.87 2 0 2 1 0 1 0 0 0 1
"3833" 6619 847 23036 24335 1 0 5.62 6.3 2.32 0.82 4.39 6.61 24.61 0.95 1 1 3 1 1 1 1 0 0 1
"3834" 6620 708 17768 19248 0 0 5.42 5.49 0.86 1.17 3.92 4.09 27.44 0.83 2 0 3 1 0 0 1 0 0 1
"3835" 6625 853 32977 34427 0 1 NA 5.69 2.08 1.04 3.67 15.89 NA NA 2 NA NA 0 1 0 1 0 0 0
"3836" 6626 854 26086 27535 0 1 NA 4.42 1.72 1.07 2.54 45.97 NA NA 1 NA NA 1 1 1 0 0 0 1
"3837" 6627 163 26492 27810 1 1 NA 6.05 1.72 1.22 4.02 14.19 NA NA 2 NA NA 0 0 0 1 0 0 0
"3838" 6628 858 29659 31104 0 1 NA 5.62 1.37 1 3.98 10.31 NA NA 1 NA NA 0 1 1 0 1 0 0
"3839" 6629 679 25156 26600 0 0 5.28 4.89 1.15 0.72 3.63 22.28 30.55 1.02 1 1 2 1 0 1 0 0 0 1
"3840" 6634 219 22762 24194 0 0 6.25 NA NA NA NA 4.96 25.36 1.05 1 1 NA 1 1 1 0 0 0 0
"3841" 6635 660 13620 15042 0 0 5 4.69 0.59 1.42 2.99 4.13 18.36 0.82 2 1 3 0 1 0 0 1 0 1
"3842" 6637 836 19636 21059 0 1 15.4 NA NA NA NA 20.34 33.18 1.04 1 1 2 1 1 0 1 1 0 NA
"3843" 6638 868 30656 32039 0 1 14.6 5.62 1.14 1.78 3.31 4.99 23.19 0.84 2 0 3 0 0 0 0 0 0 1
"3844" 6641 191 26361 27733 0 1 7.68 3.75 0.82 1.17 2.2 3.96 24.39 0.84 2 0 2 0 1 0 0 0 0 1
"3845" 6642 528 21867 23236 0 0 5.92 7.26 2 1.05 5.27 12.42 28.77 0.88 2 0 2 0 1 0 1 0 0 1
"3846" 6645 836 14977 16345 0 0 5.4 4.97 1.38 1.04 3.28 19.43 37.98 1.03 1 0 3 1 NA NA 1 0 0 0
"3847" 6650 200 18504 19856 0 1 6.28 4.8 0.86 1.2 3.19 7.82 26.53 1.01 1 1 2 0 1 1 0 0 0 0
"3848" 6655 837 15473 16764 0 0 4.97 6.09 1.43 1.45 3.96 6.54 25.58 0.83 2 0 3 0 0 0 1 0 0 1
"3849" 6657 847 20894 22177 0 0 4.8 4.17 0.97 1.1 2.61 10.03 22.26 0.97 1 0 3 1 1 0 0 0 1 1
"3850" 6658 259 15555 16831 0 0 5.62 4.9 1.26 0.93 3.38 6.2 26.84 0.86 2 1 3 1 1 1 0 0 0 0
"3851" 6663 163 13509 14771 0 0 6.88 6.15 6.57 NA NA 17.64 35.83 1.04 1 1 2 1 1 0 1 0 0 0
"3852" 6669 849 27024 28150 1 1 7.05 5 2.16 0.8 3.19 5.18 28.71 0.93 2 0 2 0 1 0 1 1 0 1
"3853" 6670 849 27596 28837 0 1 7.85 5.9 1.81 0.76 4.29 8.04 23.48 0.95 1 1 3 0 0 0 1 1 0 0
"3854" 6671 849 26451 27422 0 0 5.48 5.4 1.22 1.07 3.76 3.59 20.67 0.95 1 1 3 0 1 0 1 1 0 0
"3855" 6672 163 13043 14275 0 0 5.28 5.4 1.42 0.91 3.82 7.02 24.5 0.82 2 0 2 1 1 0 1 0 0 0
"3856" 6673 258 15021 16248 0 0 6.52 4.3 1.41 1.18 2.45 7.59 29.9 0.96 1 0 3 1 0 1 1 0 1 1
"3857" 6674 669 13788 15015 0 0 4.82 4.7 0.61 1.5 2.91 6 20.13 0.72 2 0 3 0 1 0 1 0 0 1
"3858" 6678 837 16662 17880 0 0 5.58 4.67 2.04 1.61 2.1 5.5 28.09 1 1 0 3 0 1 0 1 0 0 1
"3859" 6679 661 19930 21152 0 0 6.08 5.7 1.8 1.55 3.31 4.58 24.8 0.84 2 1 3 0 1 0 0 1 0 1
"3860" 6680 848 16983 18197 0 0 5.42 5.85 1.42 1.5 3.68 4.64 21.62 0.86 1 1 3 1 0 0 1 0 0 1
"3861" 6681 661 18106 19318 0 0 15.02 6.29 1.92 1.41 3.98 18.73 29.55 1.01 1 0 1 1 0 0 1 1 0 1
"3862" 6682 106 16916 18114 0 0 6 6.61 1.21 1.97 4.07 7.94 34.34 0.94 2 1 3 1 0 0 1 0 0 1
"3863" 6685 836 19164 20349 0 0 5.52 6.53 0.99 1.48 4.59 NA 29.58 0.84 2 1 3 1 1 0 0 1 0 0
"3864" 6687 821 18030 19207 0 0 7 5.25 0.94 1.27 3.53 9.64 30.83 1.06 1 1 3 0 1 1 1 0 0 0
"3865" 6688 163 14562 15720 0 0 5.3 5.55 1.78 0.85 3.86 25.48 40.35 1.21 1 1 3 1 1 0 1 0 0 1
"3866" 6689 848 17038 18197 0 0 5.55 6.07 1.75 1.57 3.67 9.51 24.84 0.77 2 0 2 1 0 0 1 0 0 1
"3867" 6692 869 21129 22280 0 1 9.52 5.21 1.97 1.73 2.56 19.46 36.24 0.86 2 0 2 1 1 NA 1 0 0 0
"3868" 6693 869 22980 24131 0 0 5.35 4.14 2.39 0.64 2.38 12.91 32.95 1.01 1 1 2 0 1 NA 1 1 0 1
"3869" 6700 870 25086 26216 0 1 7.45 5.8 1.07 1.08 4.22 8.71 25.89 0.97 1 1 3 1 0 0 1 0 0 1
"3870" 6704 669 16922 18008 0 1 7.68 4.22 1.78 1.01 2.38 23.02 33.61 1.07 1 0 2 0 1 0 1 0 0 1
"3871" 6708 873 25531 26588 0 1 5.35 5.14 0.67 1.61 3.21 26.98 22.16 0.86 1 0 3 1 0 1 1 0 0 0
"3872" 6709 874 21266 22281 0 1 7.88 5.41 1.13 1.08 3.8 6.35 25.28 0.92 1 1 3 1 0 0 1 0 0 1
"3873" 6712 129 20601 21597 0 1 9 4.9 1.05 1.1 3.3 6.21 21.8 0.97 1 1 2 1 1 1 1 0 0 1
"3874" 6713 875 22954 23964 0 1 6.5 6.1 1.65 1.19 4.14 10.16 26.98 0.91 2 0 3 1 1 0 1 1 1 0
"3875" 6714 876 24762 25772 0 1 10.1 5.8 0.98 1.09 4.25 7.27 28.23 1.02 1 1 2 1 0 1 1 0 0 1
"3876" 6715 670 19258 20262 0 1 8 4.24 1.24 1.58 2.08 7.3 25.04 0.85 2 0 3 1 1 0 1 0 0 1
"3877" 6716 877 24103 25114 0 1 7.45 4.8 1.19 1.15 3.09 9.26 25.46 0.94 1 0 3 1 0 0 1 0 0 1
"3878" 6717 878 23997 24999 0 1 14.25 3.51 1.08 0.86 2.14 15.35 27.36 0.88 2 0 2 1 0 0 0 1 0 1
"3879" 6718 869 25310 26307 0 1 7.98 3.5 1.43 1.13 1.7 12.47 24.31 1.03 1 0 2 1 0 0 0 0 0 0
"3880" 6719 880 21733 22728 0 1 8.68 4.62 1.32 1.03 2.97 19.74 28.09 0.98 1 1 3 0 0 0 0 0 0 1
"3881" 6720 881 14740 15738 0 1 14.18 5.39 2.47 0.96 3.27 19.9 26.58 1.09 1 1 2 1 1 1 1 0 0 1
"3882" 6721 882 17919 18909 0 1 17.62 3.92 1.43 0.81 2.43 NA 24.79 0.86 1 1 3 0 1 NA 1 1 0 1
"3883" 6722 883 23320 24316 0 1 6 6.28 1.37 1.18 4.46 16.05 23.24 0.93 1 1 3 1 0 1 1 0 0 0
"3884" 6723 884 18268 19265 0 1 5.72 5.2 1.01 1.39 3.34 9.6 26.59 0.84 2 0 2 1 0 0 1 0 0 0
"3885" 6725 863 19640 20573 0 1 8.52 5.45 1.29 1.34 3.5 11.92 27.83 0.96 2 0 2 NA NA NA 1 1 0 1
"3886" 6727 863 22062 22995 0 1 6.75 3.87 1.23 0.88 2.42 9.06 21.98 0.9 1 0 3 1 0 0 0 1 0 NA
"3887" 6728 739 22877 23805 0 1 9.57 6.28 1.44 1.03 4.57 19.05 24.49 1.02 1 1 3 0 1 1 0 0 0 0
"3888" 6729 739 18337 19263 0 1 6.42 6.4 1.06 1.02 4.88 7.77 24 1 1 1 3 0 0 0 0 0 0 0
"3889" 6731 851 30568 31487 0 0 8.68 4.68 1.45 1.18 2.82 17.19 32.32 1.05 1 1 1 1 1 0 1 0 0 0
"3890" 6732 177 25114 26032 0 0 5.72 6.34 2.03 0.98 4.41 6.33 29.69 0.83 2 0 2 0 1 NA 1 0 0 1
"3891" 6733 177 26255 27173 0 0 5.3 6.01 0.78 1.13 4.51 10.36 31.03 1.02 1 0 2 1 1 0 1 0 0 1
"3892" 6736 5019 19236 20132 0 0 5.12 6.87 1.09 1.86 4.5 8.3 24.35 0.85 2 0 3 0 1 0 0 1 0 0
"3893" 6737 5019 14364 15260 0 0 5.12 5.24 1 1.56 3.21 9.68 20.38 0.77 2 0 3 0 1 0 0 0 0 NA
"3894" 6738 5019 28126 29022 0 0 5.22 6.53 1.93 1.36 4.26 16.49 27.4 0.96 2 0 1 0 1 0 0 1 0 1
"3895" 6739 5019 28093 28989 0 0 5.35 4.69 1.02 1.21 3 8.23 23.53 0.94 1 1 3 1 1 0 1 0 0 0
"3896" 6740 5019 18045 18941 0 0 5.2 5.63 1.19 1.37 3.7 4.3 21.32 0.89 1 0 3 0 1 NA 0 1 0 0
"3897" 6741 258 13342 14233 0 0 5.8 4.83 0.68 1.59 2.92 8.38 24.13 0.82 2 0 2 1 1 0 1 0 0 NA
"3898" 6747 953 20179 21065 0 1 7.52 6.43 3.12 0.98 3.98 18.48 25.39 1.02 1 1 1 1 0 0 1 0 0 1
"3899" 6748 954 23809 24656 0 1 7 NA NA NA NA NA 27.69 0.9 2 0 3 1 0 0 1 0 0 0
"3900" 6749 954 24738 25585 0 0 6 NA NA NA NA NA 24.22 0.97 1 0 2 1 1 0 1 0 0 0
"3901" 6750 954 22240 23087 0 1 7.42 NA NA NA NA NA 20.19 0.82 2 0 3 1 1 0 1 0 0 0
"3902" 6751 954 18011 18858 0 1 7 NA NA NA NA NA 24.01 0.86 2 0 2 1 0 0 1 0 1 0
"3903" 6752 945 18610 19454 0 1 8.18 NA NA NA NA NA 32.66 1.01 1 0 3 0 1 1 0 0 0 1
"3904" 6753 259 24720 25564 0 1 7.5 NA NA NA NA NA 29.24 1.02 1 1 3 1 1 1 1 0 0 1
"3905" 6754 947 18704 19547 0 1 7 NA NA NA NA NA 29.94 0.85 2 1 3 0 1 0 1 0 0 0
"3906" 6755 948 21985 22825 0 1 7.52 NA NA NA NA NA 25.06 0.91 1 1 3 1 0 0 0 0 0 0
"3907" 6756 949 20446 21282 0 1 7 NA NA NA NA NA 29.57 0.81 2 0 2 1 1 0 1 0 0 1
"3908" 6757 950 17910 18740 0 1 7 NA NA NA NA NA 24.81 0.88 1 1 3 0 NA NA 1 0 1 1
"3909" 6758 951 16657 17487 0 1 6 NA NA NA NA NA 26.22 0.91 1 1 2 0 1 NA 1 0 0 0
"3910" 6759 952 21896 22677 0 1 6.95 NA NA NA NA NA 25.56 0.93 2 0 3 0 0 0 0 0 0 0
"3911" 6761 707 14543 15112 0 0 17.5 4.25 0.85 1.54 2.31 NA 22.17 0.8 2 0 3 1 1 NA 1 0 0 1
"3912" 6762 659 21577 22127 0 1 10.45 5.21 2.35 1 3.11 NA 33.53 0.96 2 0 1 1 1 NA 1 0 0 0
"3913" 6763 27763 24589 25137 0 1 7.02 4.47 1.35 0.98 2.86 NA 30.12 0.79 2 1 2 1 0 NA 1 0 0 1
"3914" 6765 129 15240 15677 0 0 5.32 4.42 0.84 1.28 2.74 NA 23.34 0.8 2 1 3 1 0 NA 0 0 NA 1
"3915" 6766 5024 15251 15706 0 0 5.52 5.81 0.99 1.12 4.22 NA 21.15 0.86 1 0 3 0 0 0 0 1 0 0
"3916" 6767 5024 15026 15481 0 0 4.75 5.02 1.36 1.02 3.36 NA 25.56 0.85 2 1 2 1 1 0 1 0 0 0
"3917" 6771 200 18462 18878 0 0 6.02 5.87 1.21 1.14 4.16 NA 31.41 1 1 1 3 0 1 1 0 1 0 1
"3918" 6774 258 16747 17135 0 0 5.58 5.13 1.75 1.27 3.04 NA 28.89 1.02 1 0 3 1 NA NA 1 0 0 1
"3919" 6775 258 31536 31910 0 1 NA 7 3.9 0.79 4.38 NA NA NA 2 NA NA 1 0 0 1 1 0 1
"3920" 6778 259 22292 22645 0 0 5.03 5.77 2.08 1.01 3.78 NA 28.82 0.81 2 1 3 1 1 0 1 1 0 0
"3921" 6779 258 16336 16686 0 0 4.6 4.7 1.07 1.29 2.91 NA 24.91 0.81 2 1 1 1 0 0 1 0 1 1
"3922" 6780 259 20401 20744 0 1 6.6 7.45 1.45 1.46 5.3 NA 30.11 0.85 2 0 3 1 0 0 1 1 0 1
"3923" 6784 5029 19858 20184 0 1 NA 5.35 1.22 2.31 2.47 NA NA NA 2 0 NA 0 0 0 1 0 0 1
"3924" 6785 129 13442 13757 0 0 5.7 5.02 1.79 0.94 3.24 NA 32.46 1.03 1 1 1 1 0 0 1 0 0 1
"3925" 6786 5030 19049 19359 0 0 5.4 5.89 1.16 1.58 3.76 NA 26.24 0.81 2 0 3 1 NA NA 1 0 0 1
"3926" 6789 258 15693 15973 0 0 5.2 3.94 1.14 1.46 1.95 NA 20.5 0.89 1 1 3 1 0 0 1 0 0 0
"3927" 6791 258 15433 15707 0 0 4.92 5.22 0.67 1.38 3.53 NA 26.09 0.76 2 0 3 1 1 1 0 1 0 0
"3928" 6795 258 17372 17652 0 0 5.45 5.01 1.48 1.1 3.21 NA 21.39 0.94 1 1 2 1 1 0 1 0 0 1
"3929" 6797 5031 21987 22246 0 0 6.8 5.33 1.66 1.37 3.18 NA 27.44 1.02 1 1 2 1 1 0 0 0 0 1
"3930" 6798 5032 15087 15356 0 0 4.85 4.35 0.73 1.54 2.47 NA 22.09 0.71 2 0 2 1 0 0 0 0 0 1
"3931" 6801 821 22859 23127 0 0 4.65 NA NA NA NA NA 30.67 0.93 2 1 2 NA NA NA NA NA NA NA
"3932" 6802 821 20429 20697 0 1 7.28 4.88 0.82 1.18 3.32 NA 39.56 0.93 2 0 3 0 1 1 0 0 0 1
"3933" 6804 5032 15644 15913 0 1 4.5 NA NA NA NA NA 36 1.02 1 0 NA 0 1 0 1 0 0 0
"3934" 6807 259 19774 20027 0 1 5.1 5.53 1.25 1.34 3.6 NA 21.37 0.78 2 0 3 0 1 0 1 0 0 0
"3935" 6810 5028 14386 14641 0 1 7.3 4.64 0.96 1.26 2.93 NA 28.24 1 1 0 3 0 1 0 1 1 0 0
"3936" 6811 5028 14235 14490 0 0 5.6 5.31 0.94 1.88 2.99 NA 27.86 0.84 2 0 3 1 0 0 0 0 0 0
"3937" 6815 258 18312 18538 0 0 5.08 5.12 1.65 1.59 2.76 NA 22.32 0.91 1 1 3 NA NA NA 1 0 0 1
"3938" 6816 258 16902 17128 0 0 5.18 4.34 1.57 0.99 2.61 NA 25.34 0.89 2 0 3 0 NA NA 1 0 0 0
"3939" 6821 258 13860 14049 0 0 4.97 5.87 1.38 1.1 4.12 NA 28.22 0.96 1 0 3 1 1 NA 1 0 0 1
"3940" 6823 258 15310 15503 0 0 5 6.33 1.67 1.05 4.5 NA 25 1.01 1 1 2 1 0 0 1 0 1 1
"3941" 6825 258 16666 16843 0 0 5 6.26 1.68 1.22 4.25 NA 21.16 1.02 1 1 3 1 0 0 1 0 0 1
"3942" 6826 258 16178 16336 0 0 5.08 NA NA NA NA NA 52.15 0.91 2 1 2 0 1 0 0 NA 0 1
"3943" 6833 739 19216 19353 0 0 4.68 6.78 0.88 2.37 3.99 NA 25.55 0.78 2 0 2 1 1 0 1 0 0 0
"3944" 6834 739 19517 19654 0 1 6.48 4.86 0.89 0.96 3.49 NA 27.47 1.07 1 1 2 0 1 0 0 1 0 0
"3945" 6837 5154 16186 16312 0 1 7.9 6 1.11 1.23 4.25 NA 22.66 0.92 1 1 2 1 1 NA 1 0 0 0
"3946" 6839 5035 23619 23738 0 0 5.68 4.58 2.57 0.81 2.57 NA 29.57 0.95 1 1 2 1 0 0 1 1 0 1
"3947" 6840 5023 14076 14192 0 0 6.5 3.77 0.73 1.84 1.58 NA 20.67 0.76 2 0 3 0 1 0 0 0 0 0
"3948" 6846 129 16359 16458 0 0 6.28 5 1.97 1.16 2.92 NA 34.12 0.94 2 0 2 1 1 0 1 0 1 0
"3949" 17001 570 19596 21921 0 1 8.25 3.75 0.75 1.53 1.87 4.35 20.78 0.83 2 1 3 0 1 0 1 0 0 NA
"3950" 17003 569 26811 29129 0 1 9.32 6.08 1.37 0.87 4.57 11.42 33.07 0.81 2 0 1 0 1 0 1 1 0 1
"3951" 17004 569 14832 17150 0 0 5.37 4.87 0.59 1.62 2.98 4.02 21.79 0.69 2 0 3 0 1 NA 1 0 0 1
"3952" 17005 832 23431 25745 0 1 8.02 4.79 1.38 0.92 3.22 9.4 26.16 1 1 0 2 0 1 0 1 1 1 0
"3953" 17006 832 32641 33846 1 1 7.12 5.8 3.03 0.96 3.42 26.4 22.72 0.71 2 0 1 0 1 0 1 1 0 1
"3954" 17007 569 27959 28582 0 0 5.37 6.07 1.19 1.41 4.1 6.71 24.86 0.98 1 1 1 1 1 NA 1 0 1 0
"3955" 17008 569 17914 20227 0 0 5.08 5.08 0.84 1.21 3.47 3.82 25.76 0.83 1 0 3 0 1 0 1 1 0 1
"3956" 17009 569 15050 17361 0 0 4.8 4.36 0.81 1.29 2.69 4.58 22.41 0.75 2 0 2 1 1 0 1 0 0 1
"3957" 17010 832 22275 24586 0 0 4.52 7.24 1.65 1.63 4.84 8.64 29.69 0.93 2 0 2 0 1 1 1 0 1 1
"3958" 17011 832 19867 22177 0 0 5.54 5.21 0.95 1.49 3.27 7.93 24.35 0.91 1 1 3 1 1 0 1 1 0 1
"3959" 17012 832 14619 16926 0 0 5.71 6.87 1.45 1.1 5.09 8.09 23.31 0.95 1 1 2 1 1 0 1 0 1 0
"3960" 17013 832 13544 15854 0 0 4.52 4.43 0.79 1.56 2.5 6.18 18.18 0.87 1 1 2 0 1 0 1 0 1 0
"3961" 17014 569 14370 16677 0 0 5.42 4.99 1.2 0.98 3.44 9.04 27.04 0.9 1 1 2 1 1 0 1 0 0 1
"3962" 17015 832 24118 26418 0 0 5.76 5.3 1.54 1.58 2.99 12.86 27.69 0.78 2 0 3 0 1 0 1 0 0 1
"3963" 17016 570 16646 18946 0 0 5.76 4.35 1.09 1.77 2.07 5.23 24.64 0.75 2 1 3 0 1 0 0 0 0 0
"3964" 17017 570 30537 32830 0 1 8.7 5.73 2.2 1.1 3.59 11.97 26.01 0.99 2 0 1 1 1 0 1 0 0 0
"3965" 17018 570 18997 21290 0 0 5.42 5.13 0.96 1.09 3.59 12.35 31.64 0.85 2 0 2 1 0 1 1 0 0 0
"3966" 17020 832 13131 15420 0 0 4.63 4.04 0.75 1.49 2.19 5.89 20.47 0.77 2 0 2 0 1 NA 1 1 1 0
"3967" 17022 570 18286 20572 0 0 4.86 7.02 2.91 1 4.66 8.37 29.88 0.91 1 0 2 0 1 0 1 0 0 0
"3968" 17023 723 29698 31984 0 1 7.57 4.67 1.77 1.06 2.77 41.31 32.89 0.9 2 0 1 1 1 0 1 0 0 1
"3969" 17025 574 24709 26993 0 1 6.55 5.44 0.82 1.39 3.66 5.56 24.15 0.95 1 1 3 0 0 1 1 0 0 1
"3970" 17026 574 23382 25666 0 0 5.31 7.2 0.69 2.04 4.83 7.2 27.01 0.89 2 1 3 0 1 1 1 1 0 0
"3971" 17027 260 23865 26149 0 1 7.46 4.81 1.21 1.12 3.12 16.81 32.47 0.96 2 1 1 0 0 0 0 0 NA 0
"3972" 17028 574 13174 15453 0 0 5.48 5.23 0.65 1.94 2.98 11.83 31.14 0.81 2 0 2 0 1 1 0 0 0 1
"3973" 17029 723 20816 23095 0 0 6.33 5.44 2.46 1.37 2.91 11.17 28.83 0.95 1 1 2 1 1 NA 1 0 0 1
"3974" 17030 723 19348 21627 0 0 5.82 2.55 1.64 0.66 1.12 30.82 37.61 1.01 1 1 3 1 1 0 1 0 1 1
"3975" 17032 568 20354 22630 0 1 6.67 6.63 0.97 1.67 4.51 35.93 21.34 0.71 2 0 3 1 1 0 0 1 0 1
"3976" 17033 568 21991 24267 0 1 5.76 5.28 1.82 1.18 3.25 110.05 24.39 0.86 1 1 3 0 1 0 1 1 0 0
"3977" 17034 575 21317 23593 0 1 9.15 5.92 1.67 1.04 4.1 8.96 32.78 0.87 2 0 3 0 1 0 NA 0 0 0
"3978" 17035 723 18903 21175 0 0 4.97 4.56 1 1.17 2.92 15.28 25.78 0.78 2 1 2 1 1 0 1 0 0 1
"3979" 17036 575 22341 24613 0 0 5.48 5.83 1.52 1.17 3.95 12.24 28.8 0.98 1 1 2 0 1 0 1 0 0 0
"3980" 17039 723 16518 18786 0 0 5.2 4.39 1.11 1.18 2.69 10.61 29.48 0.9 1 1 2 1 1 0 1 0 0 1
"3981" 17040 723 31152 33420 0 0 4.18 6.69 1.87 1.53 4.28 15.91 30.59 1.03 2 0 3 1 1 0 1 0 0 1
"3982" 17041 572 15991 18259 0 0 4.41 6.75 0.73 1.64 4.76 6.24 23.43 0.94 1 1 3 1 NA NA 1 0 0 1
"3983" 17042 723 16920 19188 0 0 6.22 3.79 0.86 1.07 2.32 15.51 40.99 0.98 2 0 2 1 1 0 1 0 0 1
"3984" 17043 723 21452 23716 0 1 7.68 4.56 1.34 0.77 3.16 31.16 37.64 0.79 2 0 2 1 1 0 1 0 0 1
"3985" 17044 572 13906 16169 0 0 5.48 8.67 1 1.08 7.12 6.69 27.63 0.95 1 1 2 0 1 0 1 0 NA 1
"3986" 17045 572 24474 26737 0 1 11.53 5.17 2.14 0.94 3.23 11.94 38.29 0.94 2 0 2 0 1 0 1 0 NA 0
"3987" 17047 572 15328 17590 0 0 5.42 6.29 0.86 1.13 4.76 6.76 26.97 0.82 2 0 2 0 1 0 1 0 0 1
"3988" 17048 894 26061 28323 0 1 8.48 6.72 1.33 1.72 4.37 13.87 30.62 0.9 2 0 2 1 1 0 0 0 0 0
"3989" 17049 723 17965 20226 0 0 4.75 4.46 0.86 1.64 2.41 7.87 21.49 0.71 2 0 2 1 1 0 1 0 0 1
"3990" 17050 138 20987 22589 1 0 5.03 8.64 1.55 1.04 6.87 7.22 26.4 0.93 1 1 1 0 1 0 1 1 0 0
"3991" 17052 138 13731 15985 0 0 4.86 5.67 1.53 1.51 3.44 6.86 27.59 0.75 2 0 3 1 0 0 1 0 0 1
"3992" 17053 571 14842 17096 0 0 4.63 3.92 0.71 1.54 2.04 5.03 22.63 0.77 2 1 2 1 1 0 0 0 0 1
"3993" 17054 575 14684 16596 0 0 5.03 5.39 0.89 1.32 3.65 NA 26.37 0.93 1 0 NA 0 NA NA 1 0 0 0
"3994" 17055 572 16954 19201 0 0 5.14 6.31 0.73 1.78 4.18 6.83 26.02 0.79 2 0 2 1 1 NA 1 0 0 1
"3995" 17056 572 16546 18793 0 0 4.97 5.92 0.91 1.35 4.14 6.91 22.11 0.78 2 0 3 NA NA NA 1 0 0 1
"3996" 17057 571 14992 17218 0 0 4.97 6.26 1.2 1.68 4.02 6.64 20.51 0.8 2 1 2 0 0 1 0 1 0 1
"3997" 17059 894 24255 26485 0 0 4.92 5.78 0.87 2.36 3.01 6.81 29.52 0.88 2 0 1 1 NA NA 0 0 0 0
"3998" 17060 571 21319 23549 0 0 5.08 6.06 0.64 2.36 3.4 NA 26.5 0.82 2 0 2 1 1 0 1 1 0 1
"3999" 17061 571 28838 29269 0 1 7.34 3.03 1.1 0.92 1.59 4.1 26.99 1.02 1 1 2 0 1 NA 0 0 1 1
"4000" 17062 571 30146 30931 0 1 5.65 5.47 0.62 2.12 3.06 11.33 26.37 0.93 2 0 1 0 NA NA 0 0 0 1
"4001" 17063 571 28060 29169 1 1 7.12 5.86 0.71 2.47 3.05 NA 22.76 1.03 1 0 1 0 1 NA 1 1 0 1
"4002" 17065 5034 19060 21286 0 0 5.76 5.09 0.95 1.41 3.23 12.96 31.04 0.87 2 0 3 1 1 0 1 0 0 1
"4003" 17066 5034 19940 22166 0 1 9.83 4.29 2.03 1.16 2.18 4.53 28.23 0.93 1 1 2 1 0 1 NA 0 1 0
"4004" 17067 572 14643 16866 0 0 4.52 7.02 1.18 1.31 5.15 5.03 24.17 0.8 2 0 2 0 1 1 1 0 0 1
"4005" 17069 543 23487 25352 1 1 7.8 6.46 1.49 1.13 4.63 NA 29.38 1.02 2 0 2 1 0 0 1 0 0 1
"4006" 17071 569 25709 27928 0 0 4.8 5.29 1.05 1.51 3.28 6.82 22.29 0.82 2 0 2 0 1 0 1 1 0 1
"4007" 17073 543 23942 26158 0 0 5.42 5.1 1.28 1.43 3.07 9.66 30.91 0.8 2 1 2 1 0 0 1 0 0 1
"4008" 17074 569 24763 26975 0 0 5.25 6.16 1.52 1.22 4.23 9.33 23.62 0.93 1 1 1 0 1 1 1 0 0 0
"4009" 17075 557 17443 19652 0 0 5.82 4.12 0.86 1.31 2.4 5.38 25.35 0.86 2 0 3 0 1 0 1 0 1 1
"4010" 17076 5021 19511 21720 0 0 5.71 4.82 1.11 0.93 3.37 8.48 23.82 0.77 2 1 2 1 0 0 0 1 0 1
"4011" 17077 893 19540 21749 0 1 5.76 5.02 3.99 0.83 2.31 31.3 34.43 1.04 1 0 1 1 1 0 1 1 0 0
"4012" 17078 557 18176 20384 0 1 6.22 6.85 1.46 1.16 5.01 9.45 25.09 0.9 1 0 3 1 1 1 1 0 1 0
"4013" 17079 573 17631 19839 0 0 4.69 9.24 1.56 1.98 6.53 6.52 27.74 0.91 2 0 2 0 1 0 0 0 0 1
"4014" 17080 894 13110 15318 0 0 5.93 4.8 1.45 1.8 2.32 6.6 21.95 0.77 2 1 2 0 1 0 0 0 0 0
"4015" 17082 573 21485 23692 0 0 4.69 7.39 1.47 1.68 5.02 6.51 27.25 0.8 2 1 2 1 0 0 1 0 0 1
"4016" 17083 573 19935 22142 0 1 9.21 6.17 2.01 1.11 4.12 8.42 27.99 0.96 1 1 1 0 1 0 1 0 0 1
"4017" 17084 893 22331 24538 0 1 8.02 6.26 1.3 1.35 4.3 64.76 33.24 0.85 2 1 2 0 1 0 NA 0 0 1
"4018" 17086 569 15088 17293 0 0 5.2 5.51 1.41 0.91 3.94 10.17 25.28 0.92 1 0 2 0 1 1 1 1 0 0
"4019" 17087 568 22713 22765 1 0 5.2 5.05 2.68 1.59 2.2 26.84 29.69 0.85 2 0 2 1 0 0 1 0 0 0
"4020" 17088 568 24964 27169 0 1 5.93 5.55 1.65 1.06 3.71 30.27 32.95 1.04 1 1 2 0 1 0 1 0 0 0
"4021" 17089 568 19717 21922 0 0 5.31 6.45 2.02 1.25 4.25 13.41 25.26 0.89 2 0 3 0 1 0 1 1 0 0
"4022" 17091 570 17573 19777 0 0 5.71 4.88 0.99 1.48 2.94 9.11 32.55 0.92 2 1 2 1 1 0 1 1 0 1
"4023" 17093 841 25572 27774 0 1 6.67 5.83 1.37 1.25 3.93 8.3 25.53 0.96 1 0 3 0 0 0 1 0 0 0
"4024" 17094 841 24028 26230 0 0 4.75 6.91 1.93 1.06 4.94 10.21 24.2 0.86 2 0 2 0 0 0 0 1 0 1
"4025" 17095 841 33481 35691 0 1 8.76 5.49 1.41 1.39 3.43 17.68 25.39 0.85 2 0 1 1 0 0 1 0 0 1
"4026" 17096 569 15815 18017 0 0 4.69 5.13 0.7 1.18 3.63 6.67 25.98 0.88 1 0 2 1 1 0 1 0 0 1
"4027" 17097 893 18743 20943 0 0 4.63 7.3 0.8 1.76 5.17 4.93 18.91 0.75 2 0 2 1 0 0 1 0 0 0
"4028" 17098 841 14494 16695 0 0 5.03 4.26 0.59 1.61 2.37 5.16 23.33 0.68 2 0 3 0 0 0 0 0 0 1
"4029" 17099 5021 19282 21470 0 1 6.22 5.25 0.71 1.79 3.13 9.48 25.71 0.88 2 1 2 1 0 0 NA 0 NA 0
"4030" 17100 723 21121 23322 0 0 5.03 7.48 1.48 1.41 5.37 6.91 25.78 0.85 2 0 3 1 1 0 1 0 1 0
"4031" 17101 894 15122 17322 0 0 5.31 6 1.1 1.65 3.83 7.12 22.58 0.77 2 0 2 0 1 0 1 0 0 0
"4032" 17104 893 31511 33434 1 1 7.01 6.53 2.2 1.22 4.28 6.45 28.26 0.88 2 1 1 0 1 0 1 0 0 1
"4033" 17105 567 25901 28089 0 1 8.81 5.26 1.72 1.14 3.31 22.35 40.16 0.86 2 NA 1 1 1 0 1 0 0 1
"4034" 17106 567 16326 18507 0 0 5.31 4.96 1.17 1.19 3.22 9.05 33.53 0.82 2 0 3 1 1 0 1 0 0 1
"4035" 17107 567 25224 27411 0 1 7.97 5.29 1.28 1.09 3.6 16.16 32.56 0.98 1 1 NA 0 1 0 1 0 0 1
"4036" 17108 566 20118 22305 0 1 6.55 4.69 1.87 0.98 2.83 NA 29.02 0.9 2 1 2 0 0 0 1 0 0 0
"4037" 17109 566 21665 23852 0 1 5.54 4.79 2.46 0.84 2.79 NA 31.38 1 1 1 2 0 1 0 NA 0 0 1
"4038" 17110 893 17269 19456 0 0 4.46 6.49 1.8 1.11 4.53 9.11 24.15 0.91 1 1 2 0 1 0 1 0 0 1
"4039" 17111 893 18174 20360 0 0 5.42 6.2 1.42 1 4.53 8.41 28.7 0.98 1 1 2 0 1 0 1 0 0 1
"4040" 17112 335 23621 25807 0 0 4.75 7.58 1.98 1.35 5.3 7.02 25.72 0.75 2 0 2 0 1 0 1 0 0 0
"4041" 17113 5021 18425 20611 0 1 5.25 5.68 0.69 1.24 4.11 6.04 26.82 0.93 1 1 3 0 1 0 1 0 0 0
"4042" 17114 543 21951 24136 0 0 5.65 6.26 1.22 1.12 4.57 7.75 27.54 0.88 2 0 2 0 1 0 1 0 0 1
"4043" 17115 573 28343 30528 0 0 5.03 4.8 0.78 1.44 2.99 5.45 23.56 0.79 2 1 1 0 1 0 1 0 0 1
"4044" 17116 565 25788 27969 0 1 7.01 3.96 0.98 1.15 2.35 11.82 25.69 0.93 1 1 3 0 1 0 1 0 0 1
"4045" 17117 565 26005 28186 0 1 5.42 7.25 2.14 0.99 5.25 9.41 26.95 0.78 2 0 3 0 1 0 1 0 0 0
"4046" 17118 561 18781 20962 0 1 6.84 5.87 1.26 2.35 2.93 6.02 27.15 0.81 2 0 2 1 1 1 1 0 0 1
"4047" 17120 562 27964 30144 0 1 12.88 5.12 0.92 2.08 2.61 15.21 28.42 0.89 2 1 2 1 0 0 1 0 0 1
"4048" 17121 562 13514 15694 0 0 5.48 4.36 2.2 1.5 1.83 8.92 29.04 0.95 1 1 2 1 0 0 1 0 0 1
"4049" 17122 561 22930 25110 0 0 5.31 7 1.21 2.15 4.28 4.26 21.85 1.05 1 0 3 0 0 0 1 0 1 NA
"4050" 17123 5021 22148 24325 0 0 5.54 5.82 1.08 1.34 3.98 7.99 23.76 0.79 2 1 3 1 1 0 1 0 0 1
"4051" 17124 566 23683 25853 0 1 6.55 7.5 2.79 1.08 5.11 11.48 32.11 0.96 2 0 2 0 0 0 0 0 0 1
"4052" 17125 562 15947 18119 0 0 4.92 4.69 1.12 1.25 2.91 4.78 23.95 0.9 1 1 2 1 0 0 1 0 0 1
"4053" 17127 563 21250 23121 1 1 12.43 6.5 3.03 0.95 4.13 17.53 34.76 0.96 2 1 2 0 1 0 NA 0 0 1
"4054" 17128 563 12883 15057 0 0 5.31 5.25 1.02 1.29 3.48 8.71 26.7 0.94 1 NA 3 0 1 0 1 0 0 0
"4055" 17129 563 13768 15942 0 0 5.37 3.88 1.4 1.18 2.04 11.57 22.73 0.99 1 0 2 0 1 0 1 0 0 0
"4056" 17130 569 16989 19162 0 0 4.52 5.05 0.85 1.18 3.47 5.68 20.35 0.74 2 0 3 0 1 1 1 1 0 1
"4057" 17131 565 17045 19216 0 0 5.25 6.84 2.69 0.84 4.73 NA 31.05 1.04 1 1 1 1 1 0 1 0 0 1
"4058" 17132 561 19875 22048 0 0 5.42 6.65 0.99 1.49 4.69 6.45 29.58 0.76 2 0 2 1 0 0 1 0 0 1
"4059" 17133 561 16940 19113 0 1 20 NA NA NA NA 24.11 26.4 0.87 2 0 3 1 1 0 NA 0 0 1
"4060" 17134 567 12792 14963 0 0 5.48 5.17 1.41 1.07 3.44 17.92 38.86 0.94 2 0 2 1 1 0 1 0 0 1
"4061" 17135 566 22873 25043 0 0 5.82 5.88 0.91 1.44 4.01 10.3 31.97 0.86 2 0 3 1 1 0 0 0 0 1
"4062" 17136 560 15272 17442 0 0 4.75 4.68 0.72 1.49 2.85 6.01 22.48 0.77 2 1 3 0 0 0 1 0 0 1
"4063" 17137 560 25478 26328 1 1 7.68 4.72 1.55 0.8 3.19 26.29 29.51 0.98 1 1 1 0 0 0 1 0 0 1
"4064" 17139 556 21696 23863 0 1 12.2 5.73 1.48 1.18 3.85 20.83 31.47 1.14 2 1 3 0 0 0 0 0 0 1
"4065" 17140 556 27629 29796 0 1 5.25 6.11 2.79 1.04 3.76 20.22 32.03 0.92 2 0 2 1 0 0 0 0 0 0
"4066" 17141 723 17511 19675 0 0 5.03 4.46 1.17 1.12 2.79 5.42 27.49 0.89 2 0 2 0 1 0 1 0 0 0
"4067" 17142 558 27417 29581 0 1 8.81 3.3 1.26 0.67 2.03 8.27 28.4 1.01 1 1 3 0 1 0 1 0 0 0
"4068" 17143 559 18267 20431 0 1 11.19 4.71 2.55 0.87 2.64 15.94 35.52 1.05 1 1 3 1 0 0 1 0 0 0
"4069" 17144 559 21721 23886 0 0 4.69 6.67 1.38 1.28 4.74 9.81 28.39 0.76 1 1 2 1 0 0 1 0 0 0
"4070" 17145 559 20770 22935 0 1 6.22 5.3 1.34 1.42 3.25 27.77 29.32 0.9 1 1 3 1 0 0 1 0 0 1
"4071" 17146 558 27061 29225 0 1 8.36 5.73 2.28 1.23 3.43 21.38 28.52 0.95 2 0 2 0 1 0 0 0 0 0
"4072" 17149 566 22317 24469 0 0 4.86 6.19 0.88 1.07 4.71 3.99 23.31 0.94 1 1 1 0 0 0 0 0 0 1
"4073" 17151 560 26674 28826 0 0 5.08 5.88 1.39 1.58 3.65 11.3 28.41 0.84 2 0 1 0 0 0 1 0 0 0
"4074" 17152 555 14065 16217 0 0 5.54 5.81 1.1 1.68 3.61 14.14 21.96 0.71 2 0 3 1 0 0 1 1 0 0
"4075" 17153 555 23510 25662 0 0 4.86 8.5 1.48 1.94 5.86 6.96 28.1 0.79 2 0 2 0 0 0 1 0 0 1
"4076" 17154 559 19830 21981 0 0 5.14 7.62 1.31 1.59 5.42 7.86 28.37 0.94 1 1 2 1 1 0 1 1 0 0
"4077" 17155 558 17922 20073 0 1 16.84 4.42 2.64 0.64 2.53 14.67 38.89 1.05 1 1 1 0 1 0 1 0 0 0
"4078" 17156 558 16014 18165 0 0 4.52 6.39 2.28 0.93 4.39 13.93 34.16 1.03 1 0 3 0 1 0 0 0 0 0
"4079" 17157 564 22246 24397 0 0 6.05 5.16 0.9 1.37 3.37 4.89 20.69 1.02 1 1 3 1 0 0 0 0 0 1
"4080" 17158 567 16881 19031 0 0 4.35 6.45 1.31 1.23 4.61 5.85 24.2 0.76 2 1 2 1 1 0 1 0 0 1
"4081" 17160 565 22704 24853 0 0 6.33 8.7 1.53 1.61 6.37 10.49 29.7 0.97 2 0 2 0 1 0 1 0 0 1
"4082" 17161 564 24091 26240 0 1 9.04 4.84 2.31 1.05 2.71 13.36 26.96 0.96 1 1 3 1 0 0 1 0 0 1
"4083" 17162 564 23819 25968 0 0 4.75 5.26 0.71 1.39 3.54 6.12 22.38 0.8 2 0 2 1 1 0 0 0 0 1
"4084" 17163 565 23542 25691 0 1 5.37 6.02 1.07 1.19 4.32 12.06 27.55 1.02 1 1 1 1 1 0 1 NA 0 1
"4085" 17164 558 25379 27527 0 1 13.11 NA NA NA NA NA 34.33 1.03 1 0 2 1 1 0 1 0 0 0
"4086" 17165 555 22873 25019 0 0 5.54 7.47 0.94 1.96 5.06 6.8 23.49 0.83 2 0 2 0 1 1 1 1 0 1
"4087" 17166 555 23761 25907 0 1 9.27 6.22 1.04 1.78 3.95 7.45 23.85 0.83 2 0 3 1 1 0 1 0 0 1
"4088" 17167 555 24373 26519 0 1 6.1 6.65 1.56 1.57 4.34 11.49 30.86 0.93 2 0 3 0 1 0 1 0 0 1
"4089" 17168 38168 17315 19460 0 0 4.92 5.83 2.47 0.95 3.72 6.91 24.84 0.95 2 0 2 1 1 0 1 0 0 1
"4090" 17169 555 22833 24977 0 0 4.8 5.8 1.66 0.9 4.12 11.52 26.96 1.04 1 1 3 1 0 0 1 0 0 1
"4091" 17170 5021 23114 24220 0 1 5.99 6.85 1.79 0.9 5.11 12.03 24.17 1.02 1 1 2 0 1 0 1 0 0 1
"4092" 17171 565 26293 28436 0 1 6.55 3.14 0.67 0.84 1.99 8.46 25.95 0.97 1 1 3 0 1 0 1 0 0 0
"4093" 17172 564 20233 22372 0 0 5.14 6.37 1.03 1.07 4.81 6.1 25.1 0.9 1 1 3 1 0 0 1 0 0 1
"4094" 17173 38173 18803 20942 0 0 5.2 5.39 0.83 1.06 3.94 3.98 23.81 0.92 1 0 3 1 1 0 0 0 0 1
"4095" 17174 554 20122 22260 0 1 19.32 6.49 2.68 0.94 4.3 4.7 26.57 0.85 2 0 3 0 1 0 1 1 0 0
"4096" 17175 554 21983 24121 0 0 6.61 4.41 1.43 1.12 2.62 NA 30.25 0.96 1 1 2 0 1 0 0 0 0 1
"4097" 17176 554 27715 29853 0 1 8.81 5.4 0.95 1.48 3.47 5.42 28.04 0.88 2 0 2 0 1 0 1 0 0 0
"4098" 17178 897 24448 26585 0 0 4.52 5.77 1.08 1.23 4.04 7.47 24.72 0.85 2 0 2 0 1 0 1 0 0 1
"4099" 17179 897 24624 26761 0 1 5.93 5.19 0.7 1.3 3.56 5.08 22.37 1.01 1 1 3 0 0 0 0 1 0 1
"4100" 17180 897 16030 18166 0 0 4.8 6 1.51 1.27 4.02 5.43 24.39 0.92 1 1 3 0 1 0 0 1 0 1
"4101" 17181 38181 20131 22266 0 0 4.24 NA NA NA NA NA 30.34 0.9 2 0 2 0 1 0 0 0 0 1
"4102" 17182 702 17244 19379 0 0 4.8 4.59 0.83 1.59 2.61 6.35 24.39 0.82 2 1 3 1 0 1 1 1 0 1
"4103" 17184 897 16801 18930 0 0 5.14 6.71 2.35 1.03 4.57 8.99 25.31 0.87 1 1 3 0 0 0 0 0 0 1
"4104" 17185 897 16393 18522 0 0 5.08 5.41 1.82 1.17 3.39 12.07 24.68 0.96 1 1 2 0 0 0 0 0 0 1
"4105" 17186 897 14247 16376 0 0 6.33 4.84 0.7 1.67 2.84 10.14 25.39 0.75 2 1 3 0 1 0 1 1 0 0
"4106" 17187 559 18760 20889 0 0 5.31 5.35 0.81 1.18 3.79 6.81 29.51 1.1 1 1 2 1 0 0 1 1 0 1
"4107" 17188 553 22218 24346 0 0 4.8 NA NA NA NA NA 25.83 0.8 2 0 2 1 0 0 0 0 0 NA
"4108" 17189 553 22456 24584 0 1 5.31 NA NA NA NA NA 25.51 0.88 1 1 2 1 1 0 1 0 0 1
"4109" 17190 552 28363 30491 0 1 7.74 3.56 1.65 1.18 1.6 29.19 30.47 0.83 2 0 1 0 1 0 1 0 0 1
"4110" 17191 552 17967 20095 0 0 5.31 6.65 1.75 1.43 4.4 5.97 25.35 0.9 1 1 1 0 1 0 1 1 0 1
"4111" 17193 702 25944 28068 0 1 4.75 4.18 0.63 1.43 2.45 4.43 23.12 0.9 2 1 2 1 1 1 0 1 0 1
"4112" 17194 517 21033 23157 0 0 6.67 5.45 0.75 1.23 3.87 5.88 24.99 0.88 1 0 2 1 0 0 1 1 0 NA
"4113" 17195 519 22844 24968 0 0 4.58 3.98 1.41 0.91 2.41 6.85 23.18 0.99 1 0 2 1 0 0 1 0 0 0
"4114" 17196 519 14762 16886 0 0 4.69 3.72 0.74 1.16 2.22 3.73 22.23 0.78 2 1 3 1 0 0 1 0 0 1
"4115" 17198 549 22324 24440 0 1 11.07 6.05 1.96 1.2 3.93 NA 38.67 0.97 2 0 2 1 1 0 1 0 0 1
"4116" 17200 551 23249 25366 0 1 6.95 5.52 1.26 1.29 3.64 7.61 23.1 0.89 1 1 3 1 1 1 1 1 1 1
"4117" 17201 551 22520 24637 0 0 5.31 5.61 0.85 1.58 3.63 8.29 19.44 0.76 2 0 3 0 1 0 1 0 0 NA
"4118" 17204 549 21493 23609 0 0 5.42 5.05 0.72 1.07 3.64 5.3 25.41 0.89 1 0 2 0 1 0 1 0 0 1
"4119" 17205 549 18413 20527 0 0 4.92 5.32 0.85 1.19 3.73 5.22 25.56 0.9 1 1 2 1 1 0 1 0 0 1
"4120" 17206 740 19597 21711 0 1 7.57 5.94 1.08 1.23 4.2 8.15 25.27 0.96 1 1 1 0 1 0 0 1 1 1
"4121" 17207 740 17902 20016 0 0 5.59 5.32 0.81 1.19 3.75 6.76 24.28 0.89 2 1 2 1 1 0 0 0 0 1
"4122" 17210 544 19272 21388 0 1 5.42 5.37 3.03 1.05 2.89 13.37 35.51 0.86 1 1 2 0 0 0 1 0 0 1
"4123" 17211 5018 16496 18607 0 1 7.63 3.95 1.1 0.91 2.53 15.12 36.1 0.82 2 1 2 1 1 0 0 0 0 1
"4124" 17212 547 22911 25022 0 1 12.54 5.67 1.26 1.33 3.74 NA 46.75 0.87 2 0 2 0 1 0 1 0 0 1
"4125" 17213 5018 24713 26824 0 0 5.2 6.41 1.25 1.7 4.12 NA 29.96 0.83 2 0 2 1 1 1 0 0 0 0
"4126" 17214 5018 23906 25106 0 1 6.61 5.39 1.88 0.91 3.6 15.52 28.74 0.98 1 1 1 0 1 0 1 0 0 1
"4127" 17216 740 28643 30753 0 0 6.05 5.1 1.06 1.26 3.34 22.73 39.86 0.82 2 0 1 0 1 1 0 0 0 1
"4128" 17217 542 21777 23887 0 1 5.54 5.09 2 0.77 3.38 16.22 29.72 1.03 1 1 2 1 1 0 1 0 0 0
"4129" 17218 548 22080 24190 0 1 8.98 8.4 2.14 1.34 6.05 10.41 29.14 0.88 2 1 1 0 1 1 NA 0 0 1
"4130" 17219 542 23973 26083 0 1 6.33 5.5 2.41 1.01 3.36 23.39 28.08 0.85 2 1 2 1 1 0 1 0 0 1
"4131" 17220 542 13609 15719 0 0 5.48 3.97 1.18 1.21 2.21 7.38 26.73 0.9 1 1 2 1 1 0 1 0 0 1
"4132" 17221 548 13891 16000 0 0 4.75 5.89 0.83 1.59 3.91 8.94 28.34 0.83 2 1 1 0 1 0 1 0 1 1
"4133" 17222 740 14560 16638 0 0 5.2 5.79 1.21 1.45 3.77 13.7 33.36 0.96 1 0 2 1 1 1 0 0 1 1
"4134" 17223 542 22619 24728 0 1 7.18 5.64 0.84 1.17 4.08 15.99 29.44 0.95 1 1 2 1 1 0 0 0 0 0
"4135" 17224 542 21542 23651 0 0 4.29 5.49 0.58 1.88 3.34 4.78 26.81 0.81 2 0 2 1 1 0 1 1 0 0
"4136" 17225 740 19132 21222 0 0 5.82 5.13 0.86 2.18 2.54 4.39 25.22 0.82 2 0 2 1 1 0 0 1 1 NA
"4137" 17226 550 16913 19021 0 1 9.27 6.75 1.88 0.93 4.94 13.37 36.17 1.08 1 1 2 0 1 0 NA 0 0 0
"4138" 17227 550 16545 18653 0 0 5.93 4.1 1.22 1.66 1.87 17.58 36.99 0.85 2 0 2 0 1 0 1 0 0 1
"4139" 17228 544 20655 22763 0 1 9.38 3.87 1.27 1.01 2.26 11.17 32.61 1.01 1 1 2 0 1 0 1 0 0 1
"4140" 17230 740 17253 19361 0 0 5.37 4.49 0.58 1.58 2.64 4.96 26.33 0.72 2 0 2 1 1 1 0 0 0 1
"4141" 17232 549 14511 16615 0 0 4.86 4.59 1.18 1.2 2.83 6.43 25.45 0.88 1 1 2 1 0 0 1 0 0 1
"4142" 17233 542 21262 23366 0 0 5.59 4.92 0.85 1.22 3.3 10.85 27.68 0.94 1 1 2 0 1 0 1 0 0 0
"4143" 17235 542 19274 21378 0 0 5.08 5.99 1.43 1.29 4.03 12.58 22.49 0.79 2 1 3 0 1 0 1 0 0 0
"4144" 17236 544 29684 31774 0 1 6.16 4.59 1.63 1.86 1.97 11.12 25.86 0.85 2 0 2 0 1 0 1 1 0 1
"4145" 17237 542 13250 15719 0 0 6.05 4.13 0.68 1.22 2.59 NA 23.39 0.85 1 1 2 1 1 NA 1 0 0 1
"4146" 17238 542 17591 19694 0 0 4.75 5.54 0.94 0.92 4.18 14.62 27.68 0.9 1 0 3 1 1 0 1 0 0 0
"4147" 17239 542 16978 19081 0 0 5.08 5.22 0.71 1.73 3.16 7.06 33.22 0.93 1 1 2 1 1 0 1 0 0 0
"4148" 17240 546 22655 24757 0 1 6.55 5.65 0.98 1.21 3.98 13.38 27.76 0.95 1 1 2 1 1 0 NA 1 0 1
"4149" 17242 544 20719 22841 0 0 5.03 NA NA NA NA NA 29.37 0.85 2 0 2 0 0 0 0 0 0 1
"4150" 17243 546 22704 24806 0 1 6.55 6.1 1.53 1.35 4.03 11.54 28.28 0.73 2 0 2 0 0 0 1 0 0 0
"4151" 17245 549 17135 19236 0 0 5.76 4.71 0.93 1.37 2.9 5.82 34.33 0.91 2 1 2 1 1 NA 1 0 0 1
"4152" 17246 740 16462 18563 0 0 6.22 4.57 0.76 1.42 2.8 8.84 26.1 0.81 2 0 2 0 1 0 1 1 0 1
"4153" 17247 759 17508 19610 0 1 10.51 NA NA NA NA NA 38.62 1.09 1 0 1 NA NA NA 1 0 0 0
"4154" 17248 740 27366 29466 0 0 4.97 5.37 0.69 1.48 3.57 7.05 NA 1.49 2 0 1 0 1 NA 1 0 0 1
"4155" 17249 5036 14024 16120 0 0 4.75 4.7 1.84 0.94 2.89 13.6 35.32 0.95 2 1 2 1 NA NA 0 0 0 1
"4156" 17250 544 20136 22233 0 0 4.75 3.89 0.63 1.4 2.2 4.26 18.47 0.73 2 0 2 0 1 NA 1 0 0 NA
"4157" 17251 545 20028 22125 0 0 5.2 5.12 0.83 1.11 3.62 6.53 27.78 0.88 1 0 2 1 1 0 0 0 0 1
"4158" 17253 740 18205 20302 0 1 8.36 5.02 1.09 1.26 3.25 20.97 40.59 0.99 1 1 1 0 1 1 1 0 1 1
"4159" 17254 740 28239 28812 0 1 7.8 4.43 1.03 1.08 2.87 22.77 26.61 0.87 1 1 1 1 0 0 1 1 0 1
"4160" 17258 554 19408 21435 0 1 6.1 3.86 1.12 1.15 2.19 12.58 31.18 0.93 2 0 2 0 1 0 1 0 0 0
"4161" 17260 744 21515 23541 0 0 5.99 5.87 1.66 1.1 3.99 13.92 27.46 0.96 1 1 3 1 1 0 1 0 0 1
"4162" 17261 745 26770 28796 0 1 5.99 7.16 1.84 1.08 5.21 12.32 25.31 0.84 2 1 1 0 NA NA 1 0 0 1
"4163" 17262 745 27885 29911 0 0 4.97 5.94 0.75 1.3 4.29 4.67 23.44 0.9 1 1 1 1 1 NA 1 1 0 0
"4164" 17263 743 27485 29511 0 1 5.88 6.31 1.88 1.47 3.96 9.52 28.8 0.89 2 0 2 1 0 NA 1 0 0 0
"4165" 17264 744 22129 24154 0 1 6.78 5.99 2.64 0.87 3.88 13.82 24.91 0.97 1 1 2 1 1 NA 1 0 0 1
"4166" 17265 743 19673 21698 0 0 5.2 6.06 1.54 1.4 3.93 8.98 27.4 0.88 2 1 2 1 1 NA 1 0 0 0
"4167" 17266 743 15521 17544 0 0 5.76 4.16 0.99 1.36 2.33 6.15 22.04 0.77 2 0 2 1 0 0 1 1 0 1
"4168" 17267 554 24775 26798 0 1 7.12 4.72 0.6 1.34 3.1 7.55 24.44 0.84 2 0 2 0 1 0 0 0 0 0
"4169" 17268 746 14933 16956 0 0 5.54 3.83 0.64 1.41 2.12 5.94 19.06 0.76 2 1 3 0 1 1 1 0 0 1
"4170" 17269 746 24285 26308 0 0 5.76 4.37 0.83 1.13 2.85 8.02 23.6 0.85 2 0 2 0 1 NA 1 0 0 1
"4171" 17270 743 18556 20576 0 1 6.22 5.14 2.1 1.24 2.91 34.17 35.26 1.01 1 1 2 1 1 0 NA 1 0 1
"4172" 17271 743 14882 16902 0 0 5.76 5.12 1.03 1.6 3.04 8.84 24.3 0.88 2 0 3 1 0 NA 1 1 0 1
"4173" 17272 554 21920 23926 0 1 7.23 6.05 1.39 1.18 4.22 17.19 28.09 1.04 1 1 2 0 1 0 0 0 0 0
"4174" 17273 554 21442 23448 0 1 11.07 7.94 7.5 NA NA 18.85 32.05 1.02 2 1 2 1 1 0 1 0 0 0
"4175" 17274 747 22527 22922 0 1 6.89 5.22 0.79 1.84 3.01 8.51 23.98 0.92 1 1 2 1 0 NA 1 1 0 0
"4176" 17276 744 21198 23214 0 0 5.31 4.34 0.6 1.78 2.28 7.61 32.92 0.81 2 0 2 0 1 0 1 0 0 0
"4177" 17277 747 19581 21597 0 1 5.88 4.3 2.68 0.93 2.11 18.82 29.07 1.01 1 1 2 1 NA NA NA 0 0 0
"4178" 17278 748 22006 24022 0 1 11.19 3.87 1.49 0.92 2.25 27.56 29.83 0.97 1 1 2 1 1 0 NA 0 0 0
"4179" 17279 745 24361 26374 0 0 5.76 3.52 0.67 1.9 1.3 3.74 16.97 0.8 1 1 2 0 1 0 1 0 0 1
"4180" 17280 745 26096 28107 0 1 7.91 5.14 2.03 1.31 2.87 NA 28.26 0.82 2 0 NA 1 0 0 1 0 0 1
"4181" 17281 745 23730 25741 0 0 5.54 NA NA NA NA NA 27.96 1.05 1 1 NA 0 1 0 1 0 0 NA
"4182" 17282 554 26962 28975 0 1 12.88 5.13 1.83 1.49 2.78 5.99 23.22 0.94 2 0 1 0 1 0 1 0 0 0
"4183" 17283 554 23026 25036 0 1 5.65 NA NA NA NA NA 23.99 0.79 2 0 NA 0 1 0 1 0 0 0
"4184" 17285 745 15787 17799 0 0 5.2 4.41 0.83 1.03 2.99 6.75 23.96 0.84 1 1 2 1 0 0 1 1 0 0
"4185" 17288 745 17701 19712 0 0 5.88 5.66 1.08 1.3 3.85 8.82 25.08 0.97 1 1 2 0 0 NA 1 0 0 1
"4186" 17289 750 25485 26046 0 0 4.86 6.3 2.57 0.91 4.19 8.72 23.63 0.81 2 1 1 0 0 0 1 0 0 0
"4187" 17290 554 17130 19140 0 0 5.31 4.09 0.83 1.51 2.19 4.76 25.74 0.85 2 1 3 0 0 0 1 0 0 0
"4188" 17291 745 17928 19938 0 0 4.97 4.44 0.88 1.34 2.69 5.84 22.31 0.73 2 0 3 0 1 0 1 1 0 1
"4189" 17292 749 26643 28653 0 1 11.41 NA NA NA NA NA 27.47 0.83 2 0 2 0 0 0 0 0 1 0
"4190" 17293 749 27519 29528 0 1 8.48 5.9 1.55 1.04 4.13 12.31 23.29 0.86 2 0 2 0 0 NA 1 0 0 0
"4191" 17294 121 29875 30136 1 1 6.55 6.72 2.76 0.98 4.44 14.57 28.73 0.84 2 0 1 0 1 0 1 0 0 0
"4192" 17295 573 30214 31995 1 1 16.27 6.04 1.56 2.07 3.24 52.66 20.31 0.81 2 0 1 0 1 0 0 0 0 0
"4193" 17296 749 18737 20746 0 0 6.44 5.3 2.24 1.06 3.18 9.52 27.43 0.84 2 0 2 0 0 NA 1 1 0 0
"4194" 17297 750 23804 25810 0 1 5.54 5.92 1.56 0.87 4.32 12.31 32.48 1.18 2 0 2 0 0 0 1 0 1 0
"4195" 17298 750 28179 30185 0 0 5.65 5.62 2.26 1.12 3.44 12.89 28.37 0.91 1 1 2 0 1 0 1 0 0 0
"4196" 17299 751 13969 15961 0 0 5.08 5.08 1.2 1.09 3.42 5.69 21.41 0.81 1 1 2 0 1 1 0 0 0 1
"4197" 17301 750 16298 18303 0 0 5.42 4.99 1.37 1.14 3.21 8.77 24.68 0.88 1 1 2 0 0 NA 1 0 0 0
"4198" 17302 750 15189 17194 0 0 4.86 4.85 2 0.86 3.05 NA 29.31 0.93 1 1 2 1 0 0 1 0 0 0
"4199" 17303 748 13397 15402 0 0 4.52 5.69 0.76 1.68 3.66 4.11 22.3 0.77 2 1 2 0 1 0 1 0 0 0
"4200" 17304 751 27223 28076 0 1 6.44 4.38 2.45 0.81 2.41 30.93 28.28 0.91 1 1 1 0 0 1 0 0 0 1
"4201" 17305 751 26759 28761 0 1 4.97 5.97 1.1 1.23 4.22 5.5 25.64 0.95 2 0 1 1 NA NA 1 0 1 1
"4202" 17306 554 18366 20368 0 0 5.2 6.22 1.59 0.98 4.49 6.61 25.83 0.97 1 1 2 1 0 0 0 0 0 1
"4203" 17307 752 29865 31867 0 1 8.25 5.04 1.02 0.9 3.66 31.12 26.37 0.96 1 1 2 0 1 0 0 0 0 0
"4204" 17308 752 29179 31181 0 0 4.75 6.58 1.39 1.14 4.78 8.07 28.85 0.89 2 0 1 1 1 NA 1 1 0 NA
"4205" 17309 751 26763 28760 0 1 12.77 4.98 2.03 1.01 3.02 12.84 29.53 1.03 1 1 2 0 1 NA 0 0 0 0
"4206" 17310 750 13391 15386 0 0 5.99 4.48 1.22 1.08 2.83 4.6 21.83 0.9 1 0 3 0 1 0 1 0 0 0
"4207" 17311 751 17919 19916 0 0 5.31 6.95 1.29 1 5.34 7.88 27.74 1.03 2 1 2 1 0 0 0 0 0 1
"4208" 17312 551 14775 16770 0 0 4.86 5.11 1.16 1.09 3.48 5.49 18.93 0.78 2 1 2 0 1 NA 1 0 1 1
"4209" 17313 751 13017 15012 0 0 4.63 5.87 1.28 1.27 4 5.01 26.54 0.93 1 1 2 1 0 1 1 1 0 1
"4210" 17314 751 18451 20446 0 0 4.86 NA NA NA NA 5.82 25.86 0.89 1 1 3 1 0 1 0 0 0 1
"4211" 17315 752 17153 19143 0 0 5.65 5.45 1.09 1.49 3.45 7.41 28.08 1.01 1 0 2 0 1 0 1 0 0 0
"4212" 17316 743 20324 22316 0 1 8.14 4.82 0.72 1.29 3.19 3.37 24.46 0.97 1 1 2 0 0 0 1 0 1 0
"4213" 17318 554 19913 21905 0 0 5.42 6.71 1.39 1.4 4.65 6.47 28.56 0.82 2 0 2 0 1 0 1 0 0 0
"4214" 17319 751 14519 16509 0 0 5.65 4.41 2.05 1.26 2.19 NA 27.13 1 1 1 2 1 0 0 1 0 0 0
"4215" 17320 752 21579 23569 0 0 5.2 4.92 1.14 0.84 3.55 7.36 28.41 1.02 1 0 2 0 1 NA 0 0 0 0
"4216" 17321 751 15814 17804 0 0 6.67 4.77 0.8 1.76 2.63 8.54 33.95 0.87 2 0 2 0 1 NA 1 1 0 0
"4217" 17322 121 18090 20078 0 0 5.2 5.41 2.1 1.09 3.33 18.49 32.72 0.96 1 1 3 0 1 0 1 0 0 1
"4218" 17323 529 14046 16031 0 0 5.54 4.64 1.21 1.2 2.87 NA 24.38 0.92 1 1 2 1 0 0 1 1 0 1
"4219" 17324 740 17872 19860 0 0 5.54 NA NA NA NA NA 25.74 0.93 1 1 2 0 1 0 1 1 0 1
"4220" 17325 753 19009 20997 0 1 5.2 4.57 1.19 1.23 2.78 14.17 27.92 1 1 0 3 NA NA NA 1 0 0 0
"4221" 17326 846 21196 23181 0 1 6.22 4.38 1.95 0.97 2.49 17.79 37.62 0.9 2 0 2 0 1 NA 1 0 0 0
"4222" 17327 751 17917 19902 0 0 4.63 7.12 2.65 0.73 5.15 13.05 26.47 0.84 1 1 2 0 0 NA 1 0 0 0
"4223" 17328 846 20147 22128 0 0 5.42 5.93 1.18 1.05 4.32 7.46 27.93 0.99 1 0 2 0 1 NA 1 0 0 0
"4224" 17329 754 16819 18800 0 0 4.86 4.96 0.79 1.6 2.99 5.66 24.95 0.81 2 1 2 1 0 0 1 0 1 0
"4225" 17330 546 24821 26795 0 1 10.17 6.16 1.1 1.44 4.2 7.86 33.41 1.16 1 1 2 1 1 NA 0 0 0 1
"4226" 17331 546 24523 26497 0 0 5.08 5.15 0.66 2.12 2.72 6.76 36.57 0.83 2 0 1 1 0 0 1 1 0 1
"4227" 17333 758 18064 20038 0 0 4.97 5.82 1.63 1.05 4.01 5.2 30.22 0.93 1 0 2 0 NA NA 0 0 0 0
"4228" 17334 554 18253 20231 0 0 5.54 3.83 2.72 0.86 1.7 12.46 27.12 0.96 2 1 2 NA NA NA 1 NA 0 0
"4229" 17335 752 13361 15328 0 0 5.42 4.71 1.7 0.81 3.1 11.1 30.04 0.96 1 1 2 NA NA NA 0 0 0 1
"4230" 17336 546 23258 25229 0 1 6.44 7.95 2.55 1.12 5.63 17.18 35.47 0.84 2 1 1 1 1 0 0 0 0 1
"4231" 17338 756 18587 20556 0 0 5.08 5.25 0.97 1.85 2.95 4.81 31.56 0.74 2 1 2 1 1 0 1 0 0 1
"4232" 17339 756 17675 19644 0 0 4.97 6.09 1.64 1.24 4.08 8.12 29.06 1.01 1 1 2 1 0 0 1 0 1 1
"4233" 17340 758 27171 29140 0 0 4.75 6.77 1.57 1.02 5.01 4.72 31.13 0.83 2 0 2 1 1 NA 1 0 0 0
"4234" 17341 758 29597 31566 0 1 5.65 5.61 1.27 0.81 4.21 NA 27.1 1.02 1 1 1 NA NA NA 0 0 0 0
"4235" 17343 756 26716 28683 0 1 11.86 5.61 1.91 0.89 3.83 18.92 31.44 0.88 1 0 1 1 1 1 0 0 1 1
"4236" 17344 756 26106 28073 0 0 5.08 5.56 1.47 1.24 3.63 5.36 31.7 0.89 2 0 2 1 0 0 1 0 0 1
"4237" 17345 554 18959 20926 0 1 12.88 5.12 2.51 0.77 3.17 7.77 27.96 0.99 1 0 2 0 1 0 1 0 0 0
"4238" 17346 554 20911 22878 0 0 5.76 6.57 2.19 0.8 4.74 NA 27.36 1.02 1 1 1 1 1 0 1 0 0 0
"4239" 17348 634 21178 23142 0 1 6.33 6.71 1.4 0.92 5.13 7.98 28.73 0.98 1 1 2 1 0 NA 0 1 0 0
"4240" 17349 756 16856 18820 0 0 5.54 4.7 1.56 1.75 2.21 5.99 31.29 0.76 2 1 2 1 0 0 0 0 0 1
"4241" 17350 756 19731 21693 0 0 4.97 5.21 1.46 0.71 3.82 15.23 34.2 1.06 1 1 2 1 0 0 0 1 0 0
"4242" 17351 756 25440 27402 0 1 7.34 6.18 1.1 1.71 3.96 5.21 28.01 0.92 1 1 2 1 1 0 0 0 1 1
"4243" 17352 756 24241 26203 0 NA NA 6.39 1.6 1.52 4.12 7.32 NA NA 1 NA 2 1 1 0 1 0 0 0
"4244" 17353 757 25070 27032 0 1 8.81 7.37 0.99 1.62 5.28 4.88 26.22 0.89 2 0 2 1 1 0 0 0 0 0
"4245" 17354 757 25954 27916 0 1 8.81 8.08 1.03 1.86 5.74 11.28 26.22 0.86 2 0 1 1 1 0 0 1 0 0
"4246" 17355 759 17165 19101 0 0 5.65 5.25 1.04 1.34 3.43 6.83 22.57 0.76 2 0 2 1 0 NA 0 0 1 1
"4247" 17356 758 17416 19376 0 0 5.76 6.62 1.07 1.26 4.85 7.89 29.73 0.92 1 0 2 1 1 1 1 0 0 0
"4248" 17357 554 13782 15742 0 0 5.42 4.69 0.74 1.12 3.22 5.76 26.44 0.88 1 1 3 0 1 0 1 1 0 0
"4249" 17358 759 26322 28279 0 1 5.88 5.64 1.5 1.03 3.9 12.12 25.1 0.92 2 0 NA 1 NA NA 0 0 0 1
"4250" 17359 759 15312 17272 0 1 17.63 NA NA NA NA NA 30.75 1.15 2 0 2 1 0 1 0 0 0 0
"4251" 17360 759 25552 27509 0 0 5.54 5.56 0.96 1.02 4.09 7.2 23.57 1.02 1 1 2 1 0 NA 1 1 0 NA
"4252" 17361 560 14465 16392 0 0 4.75 5.13 3.94 1.05 2.23 10.1 27.32 1.03 1 1 1 0 0 NA 1 0 0 0
"4253" 17362 517 32548 32949 0 1 9.15 4.56 1.07 1.08 2.98 7.07 19.92 0.93 2 0 1 0 0 0 1 1 0 1
"4254" 17363 517 30659 32615 0 1 9.72 5.71 1.77 1.19 3.69 8.7 26.04 0.91 2 0 1 0 1 0 0 0 0 0
"4255" 17364 517 28943 30899 0 1 9.04 6.48 1.78 1.1 4.54 NA 29.38 0.92 2 0 1 0 0 NA 1 0 0 1
"4256" 17365 753 29746 31702 0 1 5.88 5.14 1.6 1.27 3.12 8.61 30.86 0.77 2 0 1 1 0 0 1 0 0 NA
"4257" 17366 517 19108 21064 0 1 10.4 6.44 1.04 0.95 5 NA 29.38 1.09 1 0 NA 0 1 NA NA 0 0 0
"4258" 17367 763 20325 22279 0 1 8.81 6.52 1.19 1.1 4.86 4.02 27.04 0.95 1 1 2 1 1 0 1 1 0 0
"4259" 17368 757 15390 17344 0 0 5.08 5.22 0.6 1.5 3.44 5.07 24.99 0.8 2 0 3 1 1 NA 0 0 0 1
"4260" 17369 757 14855 16809 0 0 5.2 4.88 0.55 2.2 2.42 3.96 18 0.75 2 1 3 0 1 0 0 0 0 0
"4261" 17370 757 14382 16336 0 0 5.08 6.23 1.26 1.14 4.49 5.87 20.28 0.87 1 1 2 0 1 1 0 1 0 1
"4262" 17371 763 19709 21663 0 0 5.88 8.08 0.75 1 6.73 8.55 25.8 0.93 1 1 2 0 1 0 1 NA 0 0
"4263" 17372 763 32126 33807 1 1 4.75 NA NA NA NA NA 22.89 0.94 2 0 1 1 1 0 1 1 0 0
"4264" 17373 757 14386 16336 0 0 5.65 6.62 1.3 1.38 4.63 13.37 24.6 0.87 2 1 2 0 NA NA 1 NA 1 1
"4265" 17374 753 19739 21687 0 NA NA NA NA NA NA NA NA NA 2 NA NA 1 1 NA 1 0 1 0
"4266" 17375 761 19262 21196 0 0 5.88 7.98 1.88 1.1 6 8.66 30.3 1.03 1 1 2 0 1 0 0 0 0 1
"4267" 17376 758 29992 31884 0 1 10.85 5.63 0.86 1.21 4.01 6.22 25.19 1.03 1 1 1 0 1 0 0 0 0 0
"4268" 17377 758 29221 31167 0 1 5.2 5.89 1.51 1.1 4.08 4.3 24.77 0.84 2 0 2 1 1 0 0 0 1 0
"4269" 17378 761 27367 29313 0 1 7.12 5.68 1.2 0.96 4.16 5.47 26.12 0.98 1 0 2 1 1 0 1 0 0 1
"4270" 17379 761 27330 29276 0 0 5.31 5.16 1.86 0.91 3.37 24.38 29.76 0.76 2 0 1 0 1 0 0 0 0 1
"4271" 17381 761 18799 20742 0 0 5.31 5.14 1.54 0.99 3.42 9.54 28.41 1 1 1 2 0 1 NA 0 0 0 1
"4272" 17383 761 21660 23603 0 0 5.2 5.52 1.11 1.3 3.7 12.42 25.93 0.83 2 0 2 1 0 0 1 0 0 0
"4273" 17384 759 14908 16844 0 0 5.42 6.47 1.39 1.28 4.54 7.61 26.89 0.94 1 1 3 1 NA NA 1 0 0 1
"4274" 17385 760 25187 27130 0 0 5.2 8.53 1.47 1.32 6.52 7.36 26 0.83 2 0 3 1 0 0 1 0 0 0
"4275" 17386 760 24742 26684 0 NA NA NA NA NA NA NA NA NA 2 NA 2 1 1 0 1 0 0 1
"4276" 17387 759 14150 16086 0 0 5.65 5 1.55 1.13 3.15 11.64 27.1 0.89 1 1 3 1 1 NA 0 0 0 1
"4277" 17388 217 21317 23250 0 0 5.76 6.45 2.94 0.85 4.22 NA 34.67 0.86 2 0 2 0 1 0 1 0 0 0
"4278" 17389 762 25842 27771 0 1 7.68 6.85 1.91 1.32 4.63 7.75 29.3 0.85 2 0 2 0 NA NA 0 0 0 1
"4279" 17390 762 24232 26161 0 0 4.86 6.02 1.18 1.06 4.41 13.6 24.58 1.02 1 1 2 0 1 0 0 0 1 0
"4280" 17391 762 15386 17315 0 0 5.76 6.3 1.72 1.61 3.88 4.59 28.73 0.94 1 1 2 1 0 0 1 1 0 0
"4281" 17392 762 15989 17918 0 0 6.1 5.67 1.4 1.19 3.82 7.65 25.4 0.76 2 0 2 0 0 0 1 0 0 1
"4282" 17396 248 16732 18657 0 0 6.1 5.31 2.32 0.71 3.51 13.78 32.93 1.18 1 1 2 0 1 0 0 0 0 1
"4283" 17397 248 16301 18226 0 0 4.86 5.69 2.43 0.91 3.63 11.58 31.02 1.03 1 1 2 0 0 1 1 1 0 0
"4284" 17398 248 23461 25383 0 1 6.78 6.83 2.24 1.04 4.74 14.01 28.16 0.88 2 0 2 0 1 NA 0 0 0 1
"4285" 17399 248 21470 23392 0 0 5.08 5.83 0.68 1.44 4.07 4.94 23.45 1.01 1 1 2 1 NA NA 0 0 0 1
"4286" 17400 763 19093 21015 0 0 20.34 5.87 1.62 1.02 4.09 16.72 24.69 1.16 2 1 2 1 NA NA 1 0 0 1
"4287" 17402 740 18469 20384 0 0 5.99 5.26 1.96 1.18 3.16 5.48 24.71 0.81 2 0 2 0 1 0 0 1 0 1
"4288" 17403 742 24210 26125 0 0 5.65 6.6 1.47 1.8 4.11 7.43 27.34 0.93 2 0 2 0 1 0 0 1 0 0
"4289" 17404 217 13828 15742 0 0 5.65 5.67 1 1.47 3.73 4.18 25.14 0.83 1 1 3 0 1 NA 1 0 1 0
"4290" 17406 765 24112 26026 0 1 9.49 6.48 1.77 1.24 4.4 12.95 26.4 0.86 2 0 2 0 1 0 1 0 0 0
"4291" 17407 765 24264 26178 0 0 5.76 4.08 0.63 1.08 2.7 13.04 31.21 1.06 1 1 1 0 0 0 1 0 0 NA
"4292" 17408 766 18112 20025 0 0 5.65 3.38 0.81 1.4 1.6 6.7 26.26 0.77 2 1 2 0 NA NA 0 0 0 1
"4293" 17409 764 26643 28556 0 0 4.63 5.16 0.6 1.43 3.44 4.26 24.86 0.88 1 1 2 1 0 0 0 0 0 0
"4294" 17410 764 26429 28342 0 1 6.33 5.54 1.53 1.44 3.38 NA 23.45 0.73 2 0 2 1 0 0 1 0 0 1
"4295" 17412 766 13309 15221 0 0 4.97 4.65 1.74 0.9 2.93 10.56 34.58 0.85 2 0 2 1 1 0 1 1 0 0
"4296" 17413 766 19620 21532 0 0 5.76 4.98 1.17 1.43 3 NA 27.34 0.86 2 0 2 0 1 NA 0 0 0 1
"4297" 17414 765 16605 18517 0 1 7.34 4.16 2.95 0.93 1.85 11.86 22.65 0.89 1 1 1 0 1 0 1 0 0 0
"4298" 17415 765 15881 17793 0 0 4.97 4.99 0.79 0.96 3.66 4.63 23.51 0.83 2 1 1 0 0 0 1 0 0 1
"4299" 17418 758 18195 20103 0 0 5.31 5.26 2.35 0.94 3.21 6.39 29.35 0.9 1 0 2 1 1 NA 0 0 1 0
"4300" 17419 766 23133 25048 0 1 6.22 5.67 2.2 0.89 3.75 25.68 52.86 0.96 2 0 1 0 1 NA 1 0 0 0
"4301" 17420 766 21335 23250 0 0 5.42 5 1.33 1.09 3.28 4.44 29.07 0.95 1 1 2 0 1 NA 1 0 0 0
"4302" 17421 742 15423 17328 0 0 5.2 5.06 1.28 1.47 2.99 6.74 35.55 0.81 2 0 2 0 1 0 0 0 0 0
"4303" 17422 742 24729 26634 0 1 8.7 5.24 0.84 1.46 3.38 11.84 32.79 1.05 1 0 1 0 1 0 0 0 0 0
"4304" 17423 754 15565 17459 0 0 5.42 3.55 0.87 1.53 1.61 5.31 25.48 0.8 2 1 2 0 NA NA 0 0 1 1
"4305" 17424 767 22449 24350 0 1 9.27 4.33 1.85 1.66 1.8 9.5 24.18 0.97 1 1 1 0 1 0 1 0 0 1
"4306" 17425 767 20246 22147 0 1 11.86 5.54 4.47 NA NA 12.32 28.2 0.87 2 0 2 0 1 0 0 0 0 0
"4307" 17427 767 23945 25846 0 0 5.88 6 1.21 1.46 3.97 8.75 26.23 0.8 2 0 1 1 0 0 1 0 1 0
"4308" 17432 767 13396 15290 0 0 5.54 4.58 3.13 1.01 2.1 15.33 32.91 1.04 1 1 1 1 0 NA 0 0 0 1
"4309" 17438 788 24011 25863 0 1 11.9 4.97 1.24 1.25 3.14 14.7 32.56 1.04 1 0 3 0 1 NA 0 0 1 1
"4310" 17440 791 19634 21483 0 0 5.5 5.44 2 1.18 3.32 9.61 28.64 1.01 1 0 2 1 0 1 1 0 0 1
"4311" 17442 791 19188 21037 0 1 7.5 6.2 0.69 1.65 4.23 7.34 26.78 0.79 2 1 2 0 1 0 1 0 0 1
"4312" 17443 787 25097 26942 0 1 12.7 6.26 2.59 1.23 3.82 6.09 28.27 0.81 2 0 2 0 1 0 1 0 0 0
"4313" 17444 787 27911 29756 0 1 6.4 3.91 0.85 1.3 2.21 7.1 23.51 0.96 1 0 2 0 1 0 1 0 0 0
"4314" 17445 787 13519 15364 0 1 6.3 4.35 0.62 1.45 2.61 7.74 24.62 0.89 1 0 3 0 1 0 1 0 0 0
"4315" 17446 791 24466 26311 0 0 5.5 6.78 1 1.8 4.51 8.14 24.22 0.78 2 1 3 1 1 NA 0 0 0 0
"4316" 17447 791 21414 23259 0 0 5 9.98 3.27 0.95 7.5 23.56 36.14 0.86 2 1 2 1 1 0 0 0 0 0
"4317" 17448 788 15912 17756 0 0 5.5 4.81 0.79 1.5 2.94 6.17 24.51 0.78 2 0 3 0 0 0 0 1 1 1
"4318" 17449 788 14708 16552 0 0 5.1 5.22 1.66 0.94 3.5 9.62 29.28 0.94 1 1 3 1 0 0 0 0 0 1
"4319" 17450 787 26242 28086 0 0 5.8 5.81 1.22 1.83 3.4 5.5 27.43 0.98 2 0 2 1 0 0 1 0 0 0
"4320" 17451 137 18595 20436 0 1 9.7 6.53 1.14 0.91 5.09 3.51 22.94 0.93 1 1 2 1 0 0 NA 0 0 1
"4321" 17453 121 17315 19156 0 0 5.9 6.21 0.55 2.14 3.81 3.9 21.26 0.73 2 1 1 0 1 0 0 1 0 1
"4322" 17455 786 21935 23773 0 0 5.8 6.5 1.06 1.04 4.96 3.68 22.79 0.81 2 0 3 1 0 0 1 1 0 0
"4323" 17456 786 22405 24243 0 0 6.2 5.1 0.61 1.26 3.55 5.64 21.86 0.82 1 0 2 1 0 0 1 0 0 0
"4324" 17457 786 31214 32297 1 1 5.2 6.91 1.81 0.93 5.13 11.36 26.56 0.9 2 0 1 1 0 0 0 1 0 1
"4325" 17458 789 23389 25198 0 1 10.7 5.57 3.25 1.2 2.85 15.78 29.75 0.85 2 0 3 0 1 0 1 0 0 0
"4326" 17459 791 19584 21406 0 1 7.3 6.36 1.5 1.06 4.6 NA 24.54 0.9 1 1 1 0 1 0 0 0 0 0
"4327" 17461 791 19662 21484 0 0 5.1 5.51 1.67 1.31 3.41 4.48 28.29 0.69 2 0 1 0 1 0 NA 0 0 0
"4328" 17462 248 13137 14954 0 0 5.9 4.8 0.98 1.1 3.24 NA 21.25 0.74 2 1 3 NA NA NA 1 1 0 0
"4329" 17463 248 13818 15635 0 0 5.4 5.98 0.73 1.34 4.3 3.84 21.43 0.74 2 0 3 0 1 0 1 1 0 1
"4330" 17464 791 15464 17281 0 NA NA 6.45 0.54 1.37 4.82 4.19 NA NA 1 NA 3 1 1 0 0 0 0 1
"4331" 17466 791 32081 33897 0 1 5.6 6.84 1.31 1.08 5.14 9.03 24.54 0.9 2 0 1 1 1 0 0 0 0 1
"4332" 17467 789 25988 27797 0 1 6.9 NA NA NA NA 19.14 28.02 0.98 1 1 NA 1 NA 1 1 0 0 1
"4333" 17468 789 30023 30804 1 1 6.8 5.14 1.27 1.51 3.04 NA 26.05 0.84 2 0 NA 0 1 0 1 0 0 0
"4334" 17469 789 15786 17595 0 0 6 4.56 1.09 1.34 2.71 5.83 22.19 0.94 1 1 3 0 1 1 1 0 0 1
"4335" 17472 776 22175 23981 0 1 6.4 NA NA NA NA 9.48 25.65 1.07 1 0 3 0 0 1 1 0 1 0
"4336" 17473 776 21375 23181 0 0 4.6 NA NA NA NA 8.32 25.41 0.8 2 0 3 0 1 0 1 0 0 0
"4337" 17474 569 18864 20667 0 0 4.6 4.85 1.06 1.04 3.31 5.83 27.73 0.76 2 0 3 0 1 0 1 1 0 1
"4338" 17475 781 27617 29406 0 1 6 5.93 1.04 1.26 4.18 10.73 27.04 0.91 1 0 3 1 0 0 1 0 0 1
"4339" 17476 781 26668 28457 0 0 5.8 6.27 1.45 1.48 4.11 9.78 21.8 0.83 2 0 1 1 0 0 1 0 0 1
"4340" 17477 781 14630 16419 0 0 4.7 4.97 0.63 1.35 3.32 6.57 21.93 0.85 2 0 2 1 1 0 1 0 0 1
"4341" 17478 778 23809 25597 0 1 5.8 6.53 1.76 1.24 4.47 19.74 29.05 0.92 2 0 1 1 0 0 NA 0 0 1
"4342" 17479 16 29709 30749 0 0 4.6 6.35 2 1.08 4.33 8.51 23.03 0.91 1 0 1 1 0 0 1 0 0 1
"4343" 17480 62 25020 26806 0 1 23.4 5.87 0.6 1.53 4.06 33.22 23.92 0.84 1 0 2 0 1 0 1 0 0 0
"4344" 17482 723 18444 20198 0 0 3.8 8.24 14.72 NA NA 9 25.22 0.92 1 0 2 NA NA NA NA NA NA NA
"4345" 17483 779 18594 20380 0 0 5.2 6 1.21 1.08 4.35 NA 25.21 0.91 2 0 3 0 1 0 1 0 0 0
"4346" 17485 16 26606 28390 0 0 5.7 NA NA NA NA NA 25.88 0.81 2 0 NA 1 0 0 1 1 0 1
"4347" 17486 774 25374 27524 0 1 8.14 NA NA NA NA NA 35.83 1.07 1 0 1 1 1 0 0 0 0 0
"4348" 17487 774 25872 27657 0 0 4.8 6.17 1.13 1.38 4.26 7.12 28 0.9 2 0 1 1 0 1 0 0 0 0
"4349" 17488 772 25072 26857 0 1 5.6 6.26 0.89 1.45 4.39 18.18 26.16 0.9 1 0 2 1 0 0 1 0 0 0
"4350" 17489 772 27281 29065 0 1 7.1 NA NA NA NA NA 25.73 0.89 2 0 NA 1 0 0 1 0 0 1
"4351" 17490 791 24917 26699 0 0 4.6 6.58 0.89 1.79 4.38 5.43 24.34 0.92 1 1 3 1 1 0 1 0 0 1
"4352" 17491 778 12978 14760 0 0 5.7 4.51 0.86 1.2 2.91 10.4 25.78 0.85 2 0 2 0 1 0 0 0 0 0
"4353" 17492 791 22713 24495 0 0 4.3 6.87 2.49 0.96 4.73 15.85 29.03 0.92 1 1 3 1 1 0 1 0 0 0
"4354" 17493 62 21773 23555 0 0 4.8 6.87 0.87 1.6 4.86 6.83 25.42 0.8 2 1 3 0 1 0 1 0 0 0
"4355" 17494 760 27740 29520 0 1 11.3 4.96 1.23 1.5 2.88 5.74 30.3 0.84 2 0 1 1 1 NA 0 0 0 1
"4356" 17495 778 30040 31820 0 1 5.4 5.94 1.6 0.93 4.26 17.63 24.01 0.81 2 0 1 1 0 0 1 0 0 0
"4357" 17496 217 15325 17100 0 0 4.6 5.08 2.88 1.04 2.68 4.84 27.44 0.94 1 1 3 0 1 0 1 0 0 1
"4358" 17497 217 16553 18328 0 0 4.8 4.67 1.4 1.2 2.81 4.55 25 0.96 1 1 1 1 0 NA 1 0 0 1
"4359" 17498 62 14058 15833 0 0 5.1 5.17 0.66 1.5 3.36 5.84 22.46 0.73 2 1 3 1 1 0 1 0 0 0
"4360" 17499 217 24922 26697 0 1 10 4.25 1.08 1.16 2.58 19.92 29.68 0.93 2 1 1 1 1 0 1 0 0 1
"4361" 17500 775 22247 24007 0 0 4.8 5.14 0.97 1.44 3.24 6.45 25.71 0.75 2 0 2 0 1 0 1 0 0 1
"4362" 17501 782 18396 20156 0 0 5 6.39 3.01 1.04 3.93 10.82 27.12 0.85 2 1 2 1 0 NA 1 0 0 0
"4363" 17502 782 25780 27517 0 0 6.3 6.23 3.13 0.91 3.85 16.26 30.95 0.85 2 0 2 NA NA NA 1 0 0 1
"4364" 17504 781 16391 18159 0 0 4.8 5.42 1.82 1.08 3.48 12.48 25.48 0.92 1 1 3 1 0 0 1 1 0 1
"4365" 17505 780 27673 29433 0 1 5.3 4.25 1.65 0.8 2.68 6.84 26.42 1.08 1 1 3 1 1 NA 0 1 0 0
"4366" 17506 780 25827 27587 0 0 4.6 4.88 1.32 1.22 3.04 4.18 20.9 0.73 2 0 2 1 1 0 1 0 0 0
"4367" 17507 780 18087 19846 0 0 4.7 5.22 0.82 1.38 3.46 4.08 22.12 0.77 2 1 2 1 1 0 1 0 0 0
"4368" 17508 782 13727 15486 0 0 4.8 6.39 2.99 1.04 3.94 11.93 26.37 0.97 1 1 2 1 1 NA 1 0 0 0
"4369" 17509 775 31415 32468 0 1 6.5 3.79 2.15 0.59 2.19 9.11 20.19 NA 2 0 1 0 0 NA 1 0 0 1
"4370" 17510 775 22954 23373 0 1 12.1 3.77 0.64 1.45 2.02 27.57 30.76 1.03 1 0 1 1 NA NA 1 0 0 1
"4371" 17511 569 14728 16485 0 0 4.8 4.76 0.79 1.19 3.2 8.35 25.91 0.83 2 0 2 0 1 0 1 0 0 1
"4372" 17513 782 16428 18185 0 0 5.2 6.46 1.35 1.18 4.64 10 31.33 0.81 2 1 2 1 1 0 1 0 0 0
"4373" 17514 103 18959 20716 0 0 6.7 6.22 0.88 1.37 4.44 9.4 28.4 0.76 2 0 3 0 0 0 1 0 0 1
"4374" 17516 723 24453 26207 0 1 12.5 4.43 1.85 0.91 2.65 36.83 35.56 0.9 2 0 1 1 1 0 1 0 0 1
"4375" 17517 723 26926 28680 0 0 4.1 5.76 2.04 0.8 4 8.88 25.39 0.91 1 0 2 0 1 0 1 1 0 0
"4376" 17518 791 22183 23935 0 0 4.8 7.76 0.98 1.99 5.31 5.28 22.88 0.8 2 0 2 0 1 0 1 0 0 1
"4377" 17519 553 33220 34971 0 1 5.7 6.61 1.4 0.94 5.01 5.88 24.22 0.83 2 0 1 0 1 0 0 1 0 1
"4378" 17520 553 29518 31269 0 1 6.8 7.26 3.21 0.78 4.97 7.48 25.15 0.88 2 1 1 1 1 0 1 0 0 0
"4379" 17521 775 30962 32125 0 0 4.2 4.27 3.02 0.62 2.23 17.57 27.43 0.91 1 1 1 0 0 NA 1 0 0 0
"4380" 17522 753 27107 28854 0 1 5.7 4.51 1.85 0.81 2.83 NA 29.76 0.99 1 NA 2 1 0 0 0 0 0 1
"4381" 17523 556 24744 26491 0 1 6.2 6.02 1.76 0.74 4.45 9.61 33.71 1.03 1 1 1 1 0 0 1 0 0 1
"4382" 17524 556 23391 25138 0 0 4.1 6.34 1.85 1.28 4.19 12.88 30.47 0.82 2 0 2 1 1 1 1 1 0 0
"4383" 17525 556 23654 25401 0 1 6.9 6.31 1.54 1.34 4.24 9.68 25.2 0.93 2 0 2 1 0 0 0 0 0 0
"4384" 17526 556 13079 14826 0 0 3.6 5.76 1.04 1.36 3.91 17.05 36.2 0.92 2 0 2 1 1 0 0 0 0 0
"4385" 17531 217 15984 17724 0 0 5 4.14 1.57 1.2 2.21 5.66 20.84 0.79 2 1 3 0 1 0 1 0 1 0
"4386" 17532 556 15368 17108 0 0 4.8 4.9 0.98 1.43 3.01 5.57 26.64 0.77 2 1 3 1 0 0 0 1 0 0
"4387" 17533 556 18735 20472 0 0 4.5 5.62 1.05 1.33 3.8 4.98 24.54 0.84 2 0 2 1 0 0 0 0 0 0
"4388" 17534 217 29633 31369 0 1 5.2 NA NA NA NA NA 24.22 0.96 1 0 NA 1 1 0 0 NA 0 0
"4389" 17535 770 19674 21407 0 1 7.5 4.87 1.36 1.52 2.71 26.12 23.53 0.85 2 1 2 0 1 0 1 0 0 0
"4390" 17537 770 16396 18129 0 1 5.6 5.44 2.48 1 3.27 7.29 24.44 0.92 2 1 2 0 1 0 1 0 1 0
"4391" 17538 547 23935 25665 0 1 17.7 6.75 12.12 NA NA 24.24 30.37 1.15 1 1 1 0 1 0 1 0 0 1
"4392" 17539 770 20376 22106 0 0 5.2 7.34 0.79 1.55 5.42 4.98 23.1 0.92 1 1 2 1 0 0 0 0 1 0
"4393" 17540 217 16850 18579 0 1 5.1 6.51 5.01 0.72 NA 14 31.37 0.9 1 0 2 1 1 0 1 0 0 0
"4394" 17541 769 21903 23646 0 0 5 6.44 1.79 1.44 4.15 8.47 27.7 0.8 2 1 2 0 1 NA 0 0 0 1
"4395" 17542 553 28991 30734 0 0 5.3 7.4 2.18 1.23 5.15 11.01 28.95 0.9 2 1 2 1 1 0 1 1 0 0
"4396" 17543 553 30343 30820 1 0 5 7.81 2.54 1.26 5.36 4.87 26.67 0.94 2 1 1 1 1 0 1 NA 0 0
"4397" 17544 553 26409 28134 0 1 5.5 4.56 1.06 1.22 2.84 9.78 34.96 0.84 2 1 2 0 1 1 1 NA 0 1
"4398" 17545 547 15363 17088 0 0 5.3 5.14 2.5 0.68 3.29 5.86 24.66 1.09 1 1 2 0 1 0 1 NA 0 0
"4399" 17546 569 26662 28386 0 0 5.1 3.9 1.22 0.64 2.69 8.96 24.39 0.95 1 1 2 1 1 0 1 NA 0 1
"4400" 17548 569 13873 15597 0 0 5.7 3.9 0.66 1.2 2.39 5.22 18.73 0.75 2 1 2 0 1 0 1 NA 0 1
"4401" 17549 569 23291 25015 0 0 5.1 5.12 1.28 1.03 3.49 6.39 25.15 0.8 2 0 3 0 1 0 1 NA 0 1
"4402" 17550 547 14925 16642 0 0 5.3 4.87 1.77 0.87 3.17 3.36 23.99 0.85 1 1 2 0 1 0 1 0 0 0
"4403" 17551 723 16634 18351 0 0 4 5.24 1.65 1.11 3.36 4.74 25.43 0.82 1 1 2 0 1 0 1 0 0 1
"4404" 17552 772 15851 17568 0 0 4.8 5.93 1.12 1.35 4.05 6.07 23.84 0.82 2 0 2 1 1 0 1 NA 0 0
"4405" 17553 553 18718 20435 0 0 5.2 5.58 1.01 1.58 3.53 9.54 34.52 0.94 2 1 1 0 1 0 1 0 0 0
"4406" 17554 547 22386 23718 0 1 9.2 3.97 2.16 0.94 2.02 12.96 27.89 0.94 2 1 2 0 1 0 1 NA 0 0
"4407" 17555 787 16444 18156 0 0 5.2 4.17 1.28 1.58 1.99 4.01 18.93 0.7 2 1 3 0 1 0 1 NA 0 0
"4408" 17556 103 17867 19579 0 0 5.2 4.83 0.82 1.28 3.17 2.89 23.62 0.85 2 1 2 1 0 1 1 1 0 1
"4409" 17558 781 17121 18830 0 0 4.4 5.07 1.07 0.96 3.61 3.79 26.32 0.87 1 0 3 1 0 0 0 0 0 1
"4410" 17559 772 14591 16261 0 0 5.3 5.53 1.08 1.44 3.58 5.73 21.3 0.75 2 1 3 1 0 0 1 NA 0 0
"4411" 17560 568 19391 21060 0 0 4.8 5 0.9 1.51 3.07 8.5 25.31 0.88 1 0 3 0 0 0 1 NA 0 0
"4412" 17562 567 24755 26418 0 1 4.6 7.97 2.8 1.35 5.3 12.61 32.46 0.84 2 0 2 0 1 0 1 NA 0 1
"4413" 17563 801 21510 23173 0 0 5.1 6.8 1.89 1.6 4.31 4.46 19.48 0.71 2 0 3 1 1 0 1 0 0 1
"4414" 17564 567 24998 26657 0 0 4.8 7.93 2.07 1.21 5.74 11.86 30.86 1.08 1 0 2 1 1 0 1 0 0 NA
"4415" 17565 571 20120 21779 0 0 4.6 5.49 1.06 1.64 3.36 3.15 23.38 0.71 2 1 2 1 0 0 1 0 0 0
"4416" 17566 571 24218 25877 0 0 4.7 4.91 0.71 1.52 3.06 4.57 21.62 0.8 1 1 2 0 0 0 0 0 0 0
"4417" 17569 767 25095 26751 0 0 4.1 5.14 1.34 1.14 3.37 5.45 26.83 0.95 1 1 2 0 1 0 0 NA 0 1
"4418" 17570 767 28074 29730 0 0 5.1 5.36 1.66 1.52 3.06 12.71 32.05 0.9 2 0 2 0 1 0 1 NA 0 1
"4419" 17571 517 20469 22124 0 0 5.8 7.01 0.96 1.61 4.95 4.71 22.99 0.82 2 1 3 1 0 0 0 1 0 1
"4420" 17572 766 24794 26449 0 1 6.1 5.02 1.52 1.27 3.03 7.71 28.03 0.91 2 1 2 1 1 0 1 NA 0 0
"4421" 17573 563 18485 20138 0 0 5.1 4.52 1.02 0.96 3.08 4.63 27.42 0.98 1 1 3 0 1 0 1 NA 0 1
"4422" 17574 563 25300 26953 0 1 6 5.35 1.81 0.94 3.56 27.4 32.95 0.89 2 0 3 0 0 0 1 NA 0 1
"4423" 17575 563 24777 26430 0 1 6.8 4.53 3.95 0.87 1.8 18.89 30.66 1 2 1 1 0 0 0 1 NA 0 1
"4424" 17576 567 15590 17242 0 0 4.7 7.48 1.74 1.22 5.45 8.43 27.89 0.99 1 0 3 0 1 0 1 0 0 0
"4425" 17577 5 21394 23046 0 0 5.1 5.37 1.24 1.4 3.39 4.85 24.74 0.81 2 0 3 1 0 1 1 0 0 0
"4426" 17579 802 25947 27215 0 1 4.5 5 1.18 1.26 3.18 8.9 25.14 0.94 1 1 2 0 1 0 1 NA 0 1
"4427" 17580 802 25152 26799 0 0 4.7 5.28 1.03 1.64 3.16 6.18 29.26 0.86 2 0 1 0 1 1 0 0 0 1
"4428" 17581 224 15492 17133 0 0 4.6 4.98 4.68 0.72 NA 9.26 25.93 0.97 1 0 2 0 0 0 1 0 0 0
"4429" 17582 224 14879 16520 0 0 5.7 3.6 1.65 1.03 1.79 8.08 22.73 0.8 2 1 2 0 0 0 1 0 1 1
"4430" 17583 803 25288 26929 0 1 13.7 4.69 2.43 1.07 2.48 20.31 30.89 1.02 2 1 1 1 1 0 NA NA 0 0
"4431" 17584 803 16462 18103 0 0 4.8 5.79 3.07 1.09 3.26 14.53 32.79 0.89 2 1 3 1 0 0 1 NA 1 0
"4432" 17585 224 18040 19681 0 0 5 5.34 1.15 1.44 3.36 3.5 19.92 0.69 2 0 2 0 1 0 0 0 0 0
"4433" 17586 803 15158 16793 0 0 5.3 5.77 3.08 1.08 3.24 12.72 25.53 0.97 1 1 2 1 0 0 1 0 0 0
"4434" 17587 895 23285 24920 0 1 6.8 6.22 2.32 0.84 4.29 15.23 33.59 0.85 2 0 2 1 1 1 NA NA 0 0
"4435" 17588 804 15956 17584 0 0 4.2 6.63 2.95 1.23 4.01 4.83 23.16 0.9 1 1 2 1 0 0 1 NA 0 0
"4436" 17589 895 14897 16531 0 0 5.6 4.44 1.21 1.14 2.74 5.29 27.31 1.04 1 1 2 1 0 0 0 NA 0 1
"4437" 17590 804 14934 16562 0 0 4.8 6.22 2.63 1.25 3.74 6.08 25.06 0.92 1 1 2 1 1 0 1 NA 0 1
"4438" 17591 804 24316 25944 0 1 8.4 4.84 2.59 0.94 2.68 10.71 23.03 0.99 1 0 2 1 1 0 1 NA 0 1
"4439" 17592 804 20636 22264 0 0 5.3 6.01 3.28 1.2 3.27 8.63 28.39 0.99 1 0 2 0 1 1 1 NA 0 1
"4440" 17593 249 23298 24926 0 0 5.1 7.5 0.67 1.6 5.58 4.17 20.62 0.88 1 0 3 0 1 1 1 NA 0 0
"4441" 17594 249 13848 15475 0 0 5 5.06 1.92 0.86 3.29 7 31.44 1.02 1 1 1 0 1 1 1 NA 0 0
"4442" 17597 797 24095 25722 0 0 5.5 6.37 1.77 1.66 3.88 14.08 26.56 0.82 2 0 2 0 1 0 NA NA 0 1
"4443" 17598 797 25309 26936 0 0 5.4 6.23 1.08 1.19 4.53 7.07 24.49 0.96 1 0 2 0 0 0 1 NA 0 1
"4444" 17599 38599 15331 16957 0 0 4.5 4.81 0.58 1.52 3.02 3.7 20.92 0.74 2 0 3 NA NA NA 0 NA 0 0
"4445" 17600 797 28339 28467 0 1 8.65 NA NA NA NA 25.44 21.6 0.84 1 1 2 0 1 NA 1 NA 0 1
"4446" 17601 797 24546 26171 0 1 7.9 5.38 0.88 1.74 3.23 46.93 15.82 1 2 0 1 0 1 NA 1 NA 0 1
"4447" 17602 797 28965 30590 0 NA 5.6 6.68 1.07 1.6 4.58 5.6 19.94 0.97 1 1 1 0 1 NA 1 NA 0 1
"4448" 17603 249 24901 25638 0 1 8 NA NA NA NA NA 49.32 0.93 2 0 NA 0 1 0 1 NA 1 0
"4449" 17604 895 21798 23422 0 0 4.5 NA NA NA NA NA 23.42 0.89 1 0 NA 0 1 NA 1 NA 0 0
"4450" 17605 804 23737 25358 0 0 5.3 5.59 1.44 0.93 3.98 9.27 31.44 0.91 2 0 3 1 0 0 1 0 0 0
"4451" 17606 797 15684 17305 0 0 4.7 5.96 0.77 1.62 3.98 4.83 20.17 0.79 2 0 2 0 1 NA 1 NA 0 1
"4452" 17607 805 27096 28713 0 1 7.4 7.62 3.25 1.09 5.01 24.64 37.72 0.8 2 0 1 0 0 0 1 NA 0 0
"4453" 17608 805 17550 19167 0 0 4.7 6.04 0.83 1.65 4 6.55 19.72 0.81 2 1 2 1 0 0 1 NA 0 1
"4454" 17610 794 23103 24710 0 0 5.7 5.46 1.1 1.21 3.73 3.66 28.9 0.94 2 0 1 1 0 0 1 NA 0 0
"4455" 17611 801 20288 21902 0 1 12.9 5.72 1.56 1.51 3.48 6.85 20.58 0.72 2 0 2 1 0 0 NA 0 0 0
"4456" 17612 796 23006 24620 0 1 5.9 4.12 0.96 0.83 2.84 6.93 28.02 1.08 1 1 3 1 0 0 1 0 0 0
"4457" 17613 796 21329 22943 0 0 4.3 5.33 1.44 1.46 3.2 4.89 30.48 1.11 2 0 3 0 1 0 0 1 0 0
"4458" 17615 798 18397 20010 0 1 9.6 5.31 0.93 1.65 3.22 8.01 34.26 0.96 1 0 2 1 NA NA 1 0 0 1
"4459" 17617 798 15648 17261 0 1 6.8 3.72 1.5 0.83 2.18 12.25 29.74 0.97 1 1 2 1 1 0 NA 0 0 1
"4460" 17618 796 27354 28967 0 1 13.2 4.47 2.45 0.86 2.46 15.42 31.24 0.91 2 0 2 1 1 0 1 0 0 0
"4461" 17620 770 17478 19090 0 NA NA NA NA NA NA 3.06 NA NA 1 NA 2 0 1 NA 1 0 0 1
"4462" 17622 799 28637 29143 0 1 5.7 NA NA NA NA 17.27 28.16 0.92 1 NA 2 0 0 1 0 0 0 1
"4463" 17623 796 25598 27209 0 0 6.4 6.16 1.42 1.18 4.31 13.97 33.28 0.86 2 0 2 1 0 NA 1 0 0 0
"4464" 17624 796 24287 25898 0 0 5.3 5.32 1.38 1.48 3.19 6.37 28.12 0.69 2 1 2 1 1 0 1 0 0 0
"4465" 17625 794 24715 26322 0 1 7.3 6.07 1.12 1.86 3.69 10.29 31.09 0.84 2 0 1 1 0 0 1 0 1 0
"4466" 17626 794 24184 25791 0 0 5.8 5.6 1.12 1.19 3.88 6.49 25.56 0.88 1 0 3 1 1 0 1 0 1 1
"4467" 17627 794 13323 14928 0 0 5.1 NA NA NA NA 7.3 32.27 0.96 1 1 2 1 0 0 1 1 0 1
"4468" 17628 805 23022 24627 0 1 9 5.68 1.34 1.34 3.71 11.87 36.39 0.89 2 1 3 0 1 0 1 0 0 1
"4469" 17629 805 23328 24933 0 0 6.1 5.52 1.82 1.72 2.94 9.7 30.95 1.01 1 1 3 1 0 0 NA 0 0 0
"4470" 17633 806 25013 26613 0 1 10.9 5.92 2.68 0.96 3.7 17.3 33.96 1.1 1 1 3 1 1 NA 1 NA 0 1
"4471" 17634 806 23413 25013 0 0 4.8 5.8 1.93 0.97 3.92 12.75 31.98 0.97 2 0 2 1 0 1 NA 0 0 1
"4472" 17635 810 22832 24432 0 0 4.4 6.7 1.63 1.5 4.43 6.84 23.38 0.79 2 0 3 1 1 0 0 1 0 1
"4473" 17636 794 17298 18897 0 0 5.4 7.08 1.2 1.36 5.16 3.49 27.15 0.87 2 1 2 1 0 0 1 0 1 0
"4474" 17637 137 18858 20457 0 0 6.1 NA NA NA NA 8.47 23.69 0.8 2 1 2 0 1 0 1 0 0 1
"4475" 17638 800 22066 23665 0 1 6.2 5.08 1.84 0.77 3.45 24.04 30.84 0.97 1 1 2 0 0 0 NA 0 0 1
"4476" 17639 800 20620 22219 0 0 4.9 5.31 1.79 0.98 3.49 12.66 25.71 0.87 2 0 1 NA NA NA NA 0 0 0
"4477" 17641 807 27192 28783 0 1 5.7 NA NA NA NA 20.02 30.2 0.87 2 0 2 1 0 0 1 0 0 1
"4478" 17643 807 27192 28783 0 0 4.5 NA NA NA NA 11.35 27.89 1.11 2 1 2 1 0 0 1 0 0 0
"4479" 17645 809 25598 27188 0 0 5.1 6.57 0.8 1.77 4.43 4.76 26.43 1.23 2 0 2 0 0 NA 1 1 0 0
"4480" 17646 809 16785 18375 0 0 5.3 6.38 1.53 1.2 4.46 9.95 27 0.95 1 0 2 0 1 NA 1 0 0 1
"4481" 17647 808 22037 23626 0 1 12.6 4.96 2.23 0.78 3.13 9.94 26.67 1.02 1 1 2 NA NA NA 1 0 0 1
"4482" 17648 808 21237 22826 0 0 4.6 6.36 1.41 1 4.7 14.65 29.15 0.81 2 1 2 0 0 0 1 0 0 1
"4483" 17649 38649 24351 25940 0 1 6.4 NA NA NA NA 6.68 29.4 0.97 1 1 2 0 1 NA 1 0 0 1
"4484" 17650 809 27703 28060 0 1 5.1 2.78 0.73 0.83 1.6 2.5 NA NA 1 NA NA 0 1 NA 1 0 0 1
"4485" 17651 798 18080 19668 0 NA NA NA NA NA NA 11.1 NA NA 2 NA 3 0 1 NA 0 0 0 1
"4486" 17652 798 15682 17270 0 0 6.2 4.69 1.13 0.91 3.25 10.28 42.38 0.82 2 1 3 0 1 0 1 0 0 0
"4487" 17653 809 26316 27902 0 1 8.4 5.61 1.76 1.49 3.29 6.49 20.7 0.89 2 0 2 1 1 0 1 0 0 0
"4488" 17654 809 23686 25272 0 0 6.5 5.31 1.04 1.27 3.55 10.2 25.56 0.93 1 0 2 0 1 NA 1 0 0 1
"4489" 17655 809 22926 24512 0 0 6.3 3.14 0.71 1.08 1.73 9.39 28.25 0.99 1 1 2 0 1 NA 1 0 0 0
"4490" 17656 805 24791 26376 0 0 4.8 7.08 1.28 1.24 5.24 9.79 25.39 0.82 2 1 3 0 1 NA 1 1 0 1
"4491" 17658 807 29783 31368 0 1 5.8 NA NA NA NA 14.54 26.99 1.02 1 1 2 1 0 0 1 0 0 1
"4492" 17659 795 14990 16574 0 0 4.5 5.97 1.23 1.32 4.07 5.1 25.15 0.83 2 1 2 1 1 0 1 0 0 1
"4493" 17661 798 16677 18256 0 0 5.4 NA NA NA NA 7.68 19.71 0.85 2 0 3 1 0 0 0 0 0 1
"4494" 17662 798 16076 17655 0 0 5.25 NA NA NA NA 2.56 24.92 0.75 2 1 3 1 NA NA 0 0 0 1
"4495" 17663 805 18549 20128 0 0 5 NA NA NA NA 4.26 21.62 0.8 1 0 3 1 NA NA 1 0 0 1
"4496" 17664 805 31597 32163 0 0 5.3 NA NA NA NA 7.41 NA NA 1 NA 1 0 1 0 1 1 0 1
"4497" 17665 797 16213 17790 0 0 5.4 NA NA NA NA 12.8 26.45 0.9 1 0 1 0 1 0 1 0 0 1
"4498" 17666 752 22616 24178 0 1 9.7 NA NA NA NA 6.53 33.67 0.93 1 1 2 0 1 0 0 0 0 1
"4499" 17669 808 13842 15382 0 0 5.15 NA NA NA NA 4.9 27.93 0.85 1 0 3 0 1 0 1 0 0 1
"4500" 17671 834 18418 19948 0 0 5.35 6.66 1.99 1.16 4.56 7.58 26.25 0.9 1 0 3 1 1 NA 1 1 NA 1
"4501" 17672 805 17838 19368 0 0 4.85 5.82 0.93 1.16 4.22 3.75 26.05 0.93 1 1 3 0 1 NA 1 0 0 1
"4502" 17675 808 13003 14525 0 0 5.5 7.22 4.09 0.84 NA 19.85 30.52 0.92 1 1 1 1 0 0 1 NA 0 1
"4503" 17677 834 28069 29430 0 1 8.1 NA NA NA NA 12.88 31.97 0.88 2 0 3 0 1 NA 1 1 0 0
"4504" 17679 791 18971 20183 0 0 5.1 NA NA NA NA NA 20.55 0.84 2 0 2 0 1 1 1 0 0 1
"4505" 17680 740 20081 21251 0 0 4.95 NA NA NA NA NA 23.88 0.92 1 1 2 1 0 1 1 0 0 1
"4506" 17681 740 19619 20631 0 0 5.8 6.05 1.65 1.14 4.13 NA 28.51 0.89 2 NA 2 1 0 0 1 0 0 1
"4507" 17682 740 17565 18563 0 0 5.1 NA NA NA NA NA 25.48 0.74 2 NA NA 1 0 0 1 NA 0 1
"4508" 17684 766 16464 17350 0 0 5.5 3.87 1.1 1.14 2.21 NA 29.03 0.96 1 NA 3 0 1 0 1 1 1 0
"4509" 17685 766 15789 16667 0 0 5.45 5.19 1.05 0.83 3.87 NA 26.33 0.78 2 1 1 1 1 NA 1 1 0 1
"4510" 17686 900 14871 15641 0 0 1.92 5.21 2.37 1.38 2.71 NA 25.72 0.89 1 NA 2 0 1 1 1 0 0 0
"4511" 17688 902 18673 19439 0 0 NA NA NA NA NA NA 21.7 0.91 1 NA 2 1 0 0 0 0 0 1
"4512" 17689 903 18926 19685 0 0 NA 7.11 1.48 1.58 4.84 NA 29.67 1 1 1 1 1 0 0 0 0 0 1
"4513" 17690 904 15934 16685 0 0 NA 4.79 1.17 1.47 2.77 NA 19.96 0.83 1 1 2 1 0 0 0 0 1 1
"4514" 17692 906 25073 25822 0 0 8.6 5.92 1.7 1.07 4.05 NA 31.99 1.04 1 1 3 0 1 0 1 0 0 0
"4515" 17694 908 14285 15029 0 0 12.8 4.34 0.73 1.71 2.29 NA 21.1 0.89 1 1 1 0 1 NA 1 1 0 0
"4516" 17695 909 13354 13861 0 0 8.9 4.11 0.84 1.53 2.18 NA 24.22 0.89 1 1 2 1 0 0 1 0 0 0
"4517" 17697 911 23242 23748 0 0 9.15 5.76 0.99 2.24 3.05 NA 24.77 0.74 2 0 3 0 1 0 1 0 0 0
"4518" 17698 912 25937 26438 0 0 11.65 5.44 1.25 1.53 3.32 NA 23.52 0.91 1 1 3 1 1 NA 1 0 0 1
"4519" 17700 913 21668 22160 0 0 8.4 6.03 1.14 2 3.49 NA 24.08 0.82 2 1 3 1 0 0 1 0 0 1
"4520" 17703 569 12821 13311 0 0 4.95 3.85 0.61 1.12 2.44 NA 24.19 0.84 1 1 3 1 1 0 0 NA 0 0
"4521" 17704 914 18689 19175 0 0 5.1 4.56 0.66 1.61 2.64 NA 30.06 0.84 2 0 3 1 0 0 0 0 0 0
"4522" 17705 915 19085 19571 0 0 21 NA NA NA NA NA 27.03 0.79 1 1 NA 1 1 0 1 NA 0 0
"4523" 17709 919 20665 21142 0 0 4.2 4.73 0.99 1.48 2.78 NA 21.5 0.89 1 0 1 1 1 0 1 NA 0 1
"4524" 17710 920 16814 17286 0 0 12.9 3.44 0.79 1.31 1.75 NA 25.86 0.81 2 0 2 0 1 0 1 NA 0 0
"4525" 17713 923 13303 13767 0 0 8.05 5.49 1.05 2.21 2.79 NA 28.09 0.84 1 1 2 0 1 1 0 NA 0 0
"4526" 17715 925 22581 23045 0 0 NA 5.06 0.6 1.58 3.2 NA 27.38 0.87 1 1 3 1 0 0 1 NA 0 1
"4527" 17717 927 16346 16808 0 0 19.2 4.32 0.81 1.59 2.35 NA 20.05 0.85 1 1 2 0 1 0 0 NA 0 1
"4528" 17718 928 18699 19155 0 0 7 6.18 0.9 2.18 3.58 NA 27.95 0.74 2 1 3 0 0 0 1 0 0 0
"4529" 17719 929 15667 16123 0 0 8.8 4.91 0.72 1.83 2.75 NA 22.8 0.71 2 1 3 1 1 0 0 1 0 1
"4530" 17720 930 19468 19917 0 0 3.3 5.92 1.47 0.89 4.34 NA 27.46 0.94 1 0 3 1 1 0 1 1 0 1
"4531" 17721 931 23428 23873 0 0 17.4 5.67 1.12 1.32 3.83 NA 20.09 0.79 1 1 3 1 1 0 0 0 0 1
"4532" 17725 935 18758 19201 0 0 9.7 5.7 0.91 2.35 2.93 NA 28.95 0.79 2 1 3 1 1 0 1 0 0 0
"4533" 17726 5017 28495 28936 0 0 18.7 5.13 1.38 1.67 2.81 NA 30.7 0.89 2 0 3 0 0 0 1 0 1 1
"4534" 17727 936 23311 23749 0 0 19.5 4.16 0.87 1.76 2 NA 26.3 0.78 2 0 3 0 1 0 0 0 0 0
"4535" 17730 939 24029 24450 0 0 19.15 4.51 1.08 1.08 2.92 NA 25.88 0.93 1 1 3 0 1 0 1 0 0 1
"4536" 17731 940 25163 25584 0 0 15 4.63 0.76 1.25 3.03 NA 25.75 0.83 2 0 3 0 0 1 1 0 0 0
"4537" 17733 942 15292 15708 0 0 8.1 5.21 0.83 1.74 3.08 NA 27.32 0.75 2 0 3 0 0 1 0 1 1 0
"4538" 17735 971 13399 13814 0 0 12 4.42 0.9 1.27 2.73 NA 26.1 0.81 2 1 2 0 0 0 1 0 NA 0
"4539" 17739 973 17507 17921 0 0 3.3 5.15 0.86 2.52 2.22 NA 20.55 1.29 2 1 3 1 0 0 1 0 0 1
"4540" 17740 974 14327 14740 0 NA NA 4.77 0.74 1.44 2.99 NA NA NA 1 0 2 1 1 1 0 NA 0 0
"4541" 17743 977 18539 18946 0 0 NA 6.1 1.44 1.3 4.12 NA 27.98 0.8 2 1 3 1 0 0 1 0 0 0
"4542" 17749 983 19658 20054 0 0 5.9 4.55 0.77 1.25 2.94 NA 22.34 0.89 1 1 3 0 1 0 1 0 0 1
"4543" 17750 984 13682 14078 0 0 10 5.22 0.66 1.41 3.5 NA 22.32 0.74 2 1 2 1 0 0 1 0 0 1
"4544" 17751 985 17286 17682 0 0 13.65 5.91 1.49 2.13 3.08 NA 30.48 0.79 2 1 1 1 0 0 1 0 0 0
"4545" 17752 986 22219 22613 0 0 16.35 4.44 1.09 1.4 2.53 NA 22.28 0.85 1 1 3 1 1 0 0 0 NA 0
"4546" 17753 987 13144 13537 0 0 7.85 4.33 1.03 1.96 1.89 NA 26.03 0.85 1 0 2 0 1 0 1 0 0 0
"4547" 17754 988 28918 29310 0 0 19.3 5.37 1.45 1.64 3.05 NA 26.67 0.77 2 0 3 1 1 0 1 NA 0 0
"4548" 17755 989 19132 19521 0 0 14.58 5.92 1.9 1.05 3.98 NA 24.14 0.95 1 0 2 1 0 0 1 0 0 0
"4549" 17756 990 13758 14147 0 0 NA 5.96 1.42 1.49 3.81 NA 29.76 0.99 1 0 3 1 0 1 1 0 0 1
"4550" 17757 991 23507 23896 0 0 18.36 5.69 0.95 1.62 3.62 NA 22.89 0.83 1 1 3 1 0 0 0 NA 0 1
"4551" 17760 994 18890 19278 0 0 5.99 5.36 0.91 2.14 2.79 NA 23.73 0.7 2 1 3 0 1 0 1 NA 0 0
"4552" 17763 997 18160 18546 0 0 16.72 5.81 1.39 1.3 3.86 NA 24.57 0.8 2 1 3 0 1 0 1 NA 0 1
"4553" 17767 959 15152 15505 0 0 14.18 5.27 0.69 0.85 4.09 NA 20.81 0.79 2 0 3 0 1 0 1 NA 1 0
